
{
	"gui" : 
	{
		"connections" : 
		[
			
			{
				"fMod" : 674007835,
				"fPin" : 6,
				"tMod" : 1965541402
			},
			
			{
				"fMod" : 1796305958,
				"fPin" : 8,
				"tMod" : 1041525475
			},
			
			{
				"fMod" : 1796305958,
				"fPin" : 8,
				"tMod" : 1894205787
			},
			
			{
				"fMod" : 1125270694,
				"tMod" : 1875122915,
				"tPin" : 2
			},
			
			{
				"fMod" : 1534045154,
				"fPin" : 6,
				"tMod" : 69706094
			},
			
			{
				"fMod" : 1534045154,
				"fPin" : 6,
				"tMod" : 237102876,
				"tPin" : 4
			},
			
			{
				"fMod" : 2133611171,
				"fPin" : 6,
				"tMod" : 891628014
			},
			
			{
				"fMod" : 2133611171,
				"fPin" : 6,
				"tMod" : 237102876,
				"tPin" : 2
			},
			
			{
				"fMod" : 357190340,
				"fPin" : 6,
				"tMod" : 1804621488
			},
			
			{
				"fMod" : 357190340,
				"fPin" : 6,
				"tMod" : 237102876,
				"tPin" : 3
			},
			
			{
				"fMod" : 1326272690,
				"fPin" : 6,
				"tMod" : 738912200,
				"tPin" : 4
			},
			
			{
				"fMod" : 1878964828,
				"fPin" : 6,
				"tMod" : 738912200,
				"tPin" : 3
			},
			
			{
				"fMod" : 1624884988,
				"fPin" : 6,
				"tMod" : 738912200,
				"tPin" : 2
			},
			
			{
				"fMod" : 1752655210,
				"fPin" : 6,
				"tMod" : 738912200,
				"tPin" : 16
			},
			
			{
				"fMod" : 1699261408,
				"fPin" : 6,
				"tMod" : 738912200,
				"tPin" : 15
			},
			
			{
				"fMod" : 1127585092,
				"fPin" : 6,
				"tMod" : 738912200,
				"tPin" : 14
			},
			
			{
				"fMod" : 782596454,
				"fPin" : 6,
				"tMod" : 738912200,
				"tPin" : 13
			},
			
			{
				"fMod" : 1335535164,
				"fPin" : 6,
				"tMod" : 738912200,
				"tPin" : 12
			},
			
			{
				"fMod" : 1075134929,
				"fPin" : 6,
				"tMod" : 738912200,
				"tPin" : 10
			},
			
			{
				"fMod" : 86391277,
				"fPin" : 6,
				"tMod" : 738912200,
				"tPin" : 9
			},
			
			{
				"fMod" : 1633643467,
				"fPin" : 6,
				"tMod" : 738912200,
				"tPin" : 7
			},
			
			{
				"fMod" : 276849097,
				"fPin" : 6,
				"tMod" : 738912200,
				"tPin" : 6
			},
			
			{
				"fMod" : 947620797,
				"fPin" : 6,
				"tMod" : 738912200,
				"tPin" : 5
			},
			
			{
				"fMod" : 99642144,
				"fPin" : 6,
				"tMod" : 762303060,
				"tPin" : 4
			},
			
			{
				"fMod" : 1247640701,
				"fPin" : 6,
				"tMod" : 762303060,
				"tPin" : 3
			},
			
			{
				"fMod" : 892314680,
				"fPin" : 6,
				"tMod" : 762303060,
				"tPin" : 2
			},
			
			{
				"fMod" : 343916891,
				"fPin" : 6,
				"tMod" : 762303060,
				"tPin" : 16
			},
			
			{
				"fMod" : 915418226,
				"fPin" : 6,
				"tMod" : 762303060,
				"tPin" : 15
			},
			
			{
				"fMod" : 1889971445,
				"fPin" : 6,
				"tMod" : 762303060,
				"tPin" : 14
			},
			
			{
				"fMod" : 940422948,
				"fPin" : 6,
				"tMod" : 762303060,
				"tPin" : 13
			},
			
			{
				"fMod" : 1054857481,
				"fPin" : 6,
				"tMod" : 762303060,
				"tPin" : 12
			},
			
			{
				"fMod" : 1004077445,
				"fPin" : 6,
				"tMod" : 762303060,
				"tPin" : 9
			},
			
			{
				"fMod" : 1004077445,
				"fPin" : 6,
				"tMod" : 762303060,
				"tPin" : 10
			},
			
			{
				"fMod" : 827155012,
				"fPin" : 6,
				"tMod" : 762303060,
				"tPin" : 7
			},
			
			{
				"fMod" : 2080663257,
				"fPin" : 6,
				"tMod" : 762303060,
				"tPin" : 6
			},
			
			{
				"fMod" : 2066741963,
				"fPin" : 6,
				"tMod" : 762303060,
				"tPin" : 5
			},
			
			{
				"fMod" : 2130378112,
				"fPin" : 6,
				"tMod" : 50636778,
				"tPin" : 4
			},
			
			{
				"fMod" : 908920567,
				"fPin" : 6,
				"tMod" : 50636778,
				"tPin" : 3
			},
			
			{
				"fMod" : 1685272558,
				"fPin" : 6,
				"tMod" : 50636778,
				"tPin" : 2
			},
			
			{
				"fMod" : 308987980,
				"fPin" : 6,
				"tMod" : 50636778,
				"tPin" : 16
			},
			
			{
				"fMod" : 2024071404,
				"fPin" : 6,
				"tMod" : 50636778,
				"tPin" : 15
			},
			
			{
				"fMod" : 414002618,
				"fPin" : 6,
				"tMod" : 50636778,
				"tPin" : 14
			},
			
			{
				"fMod" : 1404093839,
				"fPin" : 6,
				"tMod" : 50636778,
				"tPin" : 13
			},
			
			{
				"fMod" : 807684725,
				"fPin" : 6,
				"tMod" : 50636778,
				"tPin" : 12
			},
			
			{
				"fMod" : 1098572035,
				"fPin" : 6,
				"tMod" : 50636778,
				"tPin" : 9
			},
			
			{
				"fMod" : 1098572035,
				"fPin" : 6,
				"tMod" : 50636778,
				"tPin" : 10
			},
			
			{
				"fMod" : 265863003,
				"fPin" : 6,
				"tMod" : 50636778,
				"tPin" : 7
			},
			
			{
				"fMod" : 3455645,
				"fPin" : 6,
				"tMod" : 50636778,
				"tPin" : 6
			},
			
			{
				"fMod" : 95859302,
				"fPin" : 6,
				"tMod" : 50636778,
				"tPin" : 5
			},
			
			{
				"fMod" : 132669567,
				"fPin" : 5,
				"tMod" : 448429152
			},
			
			{
				"fMod" : 132669567,
				"fPin" : 6,
				"tMod" : 448429152,
				"tPin" : 1
			},
			
			{
				"fMod" : 132669567,
				"fPin" : 7,
				"tMod" : 1635918079
			},
			
			{
				"fMod" : 132669567,
				"fPin" : 8,
				"tMod" : 1635918079,
				"tPin" : 1
			},
			
			{
				"fMod" : 1107363333,
				"fPin" : 1,
				"tMod" : 237102876
			},
			
			{
				"fMod" : 1107363333,
				"fPin" : 1,
				"tMod" : 1578928849
			},
			
			{
				"fMod" : 321739089,
				"fPin" : 6,
				"tMod" : 1107363333,
				"tPin" : 3
			},
			
			{
				"fMod" : 619106536,
				"fPin" : 2,
				"tMod" : 1878893637,
				"tPin" : 10
			},
			
			{
				"fMod" : 1878893637,
				"fPin" : 12,
				"tMod" : 1125270694,
				"tPin" : 2
			},
			
			{
				"fMod" : 1597746743,
				"fPin" : 7,
				"tMod" : 356782163,
				"tPin" : 9
			},
			
			{
				"fMod" : 1597746743,
				"fPin" : 7,
				"tMod" : 738912200
			},
			
			{
				"fMod" : 1597746743,
				"fPin" : 7,
				"tMod" : 50636778
			},
			
			{
				"fMod" : 1597746743,
				"fPin" : 7,
				"tMod" : 762303060
			},
			
			{
				"fMod" : 460646208,
				"fPin" : 6,
				"tMod" : 59479521
			},
			
			{
				"fMod" : 460646208,
				"fPin" : 6,
				"tMod" : 619106536
			},
			
			{
				"fMod" : 1773142284,
				"fPin" : 6,
				"tMod" : 1107363333,
				"tPin" : 2
			},
			
			{
				"fMod" : 2048839919,
				"fPin" : 7,
				"tMod" : 1107363333
			},
			
			{
				"fMod" : 2048839919,
				"fPin" : 7,
				"tMod" : 1565654645,
				"tPin" : 9
			},
			
			{
				"fMod" : 2048839919,
				"fPin" : 7,
				"tMod" : 973185341
			},
			
			{
				"fMod" : 973185341,
				"fPin" : 1,
				"tMod" : 356782163,
				"tPin" : 10
			},
			
			{
				"fMod" : 1812989186,
				"fPin" : 6,
				"tMod" : 973185341,
				"tPin" : 2
			},
			
			{
				"fMod" : 1812989186,
				"fPin" : 6,
				"tMod" : 1531894802
			},
			
			{
				"fMod" : 1705863695,
				"fPin" : 6,
				"tMod" : 973185341,
				"tPin" : 3
			},
			
			{
				"fMod" : 1705863695,
				"fPin" : 6,
				"tMod" : 1913000581
			},
			
			{
				"fMod" : 1578928849,
				"fPin" : 1,
				"tMod" : 619106536,
				"tPin" : 1
			},
			
			{
				"fMod" : 1307753276,
				"fPin" : 12,
				"tMod" : 1125270694,
				"tPin" : 1
			},
			
			{
				"fMod" : 59479521,
				"fPin" : 2,
				"tMod" : 1307753276,
				"tPin" : 10
			}
		],
		"handle" : 24595012,
		"height" : 272,
		"modules" : 
		[
			
			{
				"handle" : 674007835,
				"type" : "SE PatchMemory Text2"
			},
			
			{
				"Pins" : 
				[
					
					{
						"Id" : 4,
						"default" : "heading 3"
					},
					
					{
						"Id" : 6,
						"default" : "0"
					},
					
					{
						"default" : "0"
					}
				],
				"handle" : 1965541402,
				"pb" : 40,
				"pl" : 10,
				"pr" : 407,
				"pt" : 8,
				"type" : "TextX"
			},
			
			{
				"handle" : 1041525475,
				"pb" : 216,
				"pl" : 343,
				"pr" : 413,
				"pt" : 131,
				"type" : "SE Vector Knob2"
			},
			
			{
				"handle" : 1796305958,
				"type" : "SE PatchMemory Float"
			},
			
			{
				"Pins" : 
				[
					
					{
						"Id" : 5,
						"default" : "FF666666"
					}
				],
				"handle" : 1894205787,
				"pb" : 216,
				"pl" : 338,
				"pr" : 417,
				"pt" : 130,
				"type" : "SE Vector Knob2"
			},
			
			{
				"PinCount" : 3,
				"Pins" : 
				[
					
					{
						"AutoCopy" : 1,
						"Id" : 1,
						"name" : "PopUp open"
					},
					
					{
						"AutoCopy" : 1,
						"Id" : 2,
						"name" : "PopUp open"
					}
				],
				"handle" : 1125270694,
				"type" : "OR Gate GuiLR"
			},
			
			{
				"Pins" : 
				[
					
					{
						"Id" : 1,
						"default" : "1"
					},
					
					{
						"default" : "1"
					}
				],
				"connections" : 
				[
					
					{
						"fMod" : 894827406,
						"fPin" : 1,
						"tMod" : 356782163,
						"tPin" : 2
					},
					
					{
						"fMod" : 894827406,
						"fPin" : 1,
						"tMod" : 1565654645,
						"tPin" : 2
					},
					
					{
						"fMod" : 894827406,
						"fPin" : 1,
						"tMod" : 1041525475,
						"tPin" : 5
					},
					
					{
						"fMod" : 894827406,
						"fPin" : 1,
						"tMod" : 1307753276,
						"tPin" : 2
					},
					
					{
						"fMod" : 894827406,
						"fPin" : 1,
						"tMod" : 1878893637,
						"tPin" : 2
					},
					
					{
						"fMod" : 1652438937,
						"fPin" : 7,
						"tMod" : 1875122915
					},
					
					{
						"fMod" : 1652438937,
						"fPin" : 7,
						"tMod" : 894827406
					},
					
					{
						"fMod" : 2092842041,
						"fPin" : 6,
						"tMod" : 894827406,
						"tPin" : 3
					}
				],
				"handle" : 430286615,
				"modules" : 
				[
					
					{
						"Pins" : 
						[
							
							{
								"Id" : 1,
								"default" : "1"
							},
							
							{
								"default" : "1"
							}
						],
						"connections" : 
						[
							
							{
								"fMod" : 1601064512,
								"fPin" : 2,
								"tMod" : 894827406,
								"tPin" : 2
							},
							
							{
								"fMod" : 1951502377,
								"fPin" : 2,
								"tMod" : 1601064512
							},
							
							{
								"fMod" : 1033631768,
								"fPin" : 2,
								"tMod" : 1951502377
							},
							
							{
								"fMod" : 506028726,
								"fPin" : 2,
								"tMod" : 1033631768
							},
							
							{
								"fMod" : 594892147,
								"fPin" : 6,
								"tMod" : 506028726
							},
							
							{
								"fMod" : 1490192092,
								"fPin" : 6,
								"tMod" : 1552226710
							},
							
							{
								"fMod" : 218579388,
								"fPin" : 6,
								"tMod" : 160189210
							},
							
							{
								"fMod" : 1669107954,
								"fPin" : 6,
								"tMod" : 677321101
							},
							
							{
								"fMod" : 1552226710,
								"fPin" : 2,
								"tMod" : 1601064512,
								"tPin" : 1
							},
							
							{
								"fMod" : 1552226710,
								"fPin" : 2,
								"tMod" : 1831074580,
								"tPin" : 1
							},
							
							{
								"fMod" : 160189210,
								"fPin" : 2,
								"tMod" : 1951502377,
								"tPin" : 1
							},
							
							{
								"fMod" : 160189210,
								"fPin" : 2,
								"tMod" : 1675824443,
								"tPin" : 1
							},
							
							{
								"fMod" : 1675824443,
								"fPin" : 2,
								"tMod" : 1831074580
							},
							
							{
								"fMod" : 677321101,
								"fPin" : 2,
								"tMod" : 1675824443
							},
							
							{
								"fMod" : 1497887931,
								"fPin" : 6,
								"tMod" : 336271867
							},
							
							{
								"fMod" : 336271867,
								"fPin" : 2,
								"tMod" : 1033631768,
								"tPin" : 1
							},
							
							{
								"fMod" : 336271867,
								"fPin" : 2,
								"tMod" : 677321101,
								"tPin" : 1
							}
						],
						"handle" : 1917476209,
						"modules" : 
						[
							
							{
								"handle" : 1601064512,
								"type" : "SE Concat"
							},
							
							{
								"handle" : 1951502377,
								"type" : "SE Concat"
							},
							
							{
								"handle" : 1033631768,
								"type" : "SE Concat"
							},
							
							{
								"Pins" : 
								[
									
									{
										"Id" : 1,
										"default" : "00,01,02,03,04,05,06,07,08,09,0a,0b,0c,0d,0e,0f,10,11,12,13,14,15,16,17,18,19,1a,1b,1c,1d,1e,1f,20,21,22,23,24,25,26,27,28,29,2a,2b,2c,2d,2e,2f,30,31,32,33,34,35,36,37,38,39,3a,3b,3c,3d,3e,3f,40,41,42,43,44,45,46,47,48,49,4a,4b,4c,4d,4e,4f,50,51,52,53,54,55,56,57,58,59,5a,5b,5c,5d,5e,5f,60,61,62,63,64,65,66,67,68,69,6a,6b,6c,6d,6e,6f,70,71,72,73,74,75,76,77,78,79,7a,7b,7c,7d,7e,7f,80,81,82,83,84,85,86,87,88,89,8a,8b,8c,8d,8e,8f,90,91,92,93,94,95,96,97,98,99,9a,9b,9c,9d,9e,9f,a0,a1,a2,a3,a4,a5,a6,a7,a8,a9,aa,ab,ac,ad,ae,af,b0,b1,b2,b3,b4,b5,b6,b7,b8,b9,ba,bb,bc,bd,be,bf,c0,c1,c2,c3,c4,c5,c6,c7,c8,c9,ca,cb,cc,cd,ce,cf,d0,d1,d2,d3,d4,d5,d6,d7,d8,d9,da,db,dc,dd,de,df,e0,e1,e2,e3,e4,e5,e6,e7,e8,e9,ea,eb,ec,ed,ee,ef,f0,f1,f2,f3,f4,f5,f6,f7,f8,f9,fa,fb,fc,fd,fe,ff"
									}
								],
								"handle" : 506028726,
								"type" : "SE ListToText"
							},
							
							{
								"handle" : 594892147,
								"type" : "SE PatchMemory Int Out"
							},
							
							{
								"handle" : 1490192092,
								"type" : "SE PatchMemory Int Out"
							},
							
							{
								"handle" : 218579388,
								"type" : "SE PatchMemory Int Out"
							},
							
							{
								"handle" : 1669107954,
								"type" : "SE PatchMemory Text Out"
							},
							
							{
								"handle" : 1831074580,
								"type" : "SE Concat"
							},
							
							{
								"Pins" : 
								[
									
									{
										"Id" : 1,
										"default" : "00,01,02,03,04,05,06,07,08,09,0a,0b,0c,0d,0e,0f,10,11,12,13,14,15,16,17,18,19,1a,1b,1c,1d,1e,1f,20,21,22,23,24,25,26,27,28,29,2a,2b,2c,2d,2e,2f,30,31,32,33,34,35,36,37,38,39,3a,3b,3c,3d,3e,3f,40,41,42,43,44,45,46,47,48,49,4a,4b,4c,4d,4e,4f,50,51,52,53,54,55,56,57,58,59,5a,5b,5c,5d,5e,5f,60,61,62,63,64,65,66,67,68,69,6a,6b,6c,6d,6e,6f,70,71,72,73,74,75,76,77,78,79,7a,7b,7c,7d,7e,7f,80,81,82,83,84,85,86,87,88,89,8a,8b,8c,8d,8e,8f,90,91,92,93,94,95,96,97,98,99,9a,9b,9c,9d,9e,9f,a0,a1,a2,a3,a4,a5,a6,a7,a8,a9,aa,ab,ac,ad,ae,af,b0,b1,b2,b3,b4,b5,b6,b7,b8,b9,ba,bb,bc,bd,be,bf,c0,c1,c2,c3,c4,c5,c6,c7,c8,c9,ca,cb,cc,cd,ce,cf,d0,d1,d2,d3,d4,d5,d6,d7,d8,d9,da,db,dc,dd,de,df,e0,e1,e2,e3,e4,e5,e6,e7,e8,e9,ea,eb,ec,ed,ee,ef,f0,f1,f2,f3,f4,f5,f6,f7,f8,f9,fa,fb,fc,fd,fe,ff"
									}
								],
								"handle" : 1552226710,
								"type" : "SE ListToText"
							},
							
							{
								"Pins" : 
								[
									
									{
										"Id" : 1,
										"default" : "00,01,02,03,04,05,06,07,08,09,0a,0b,0c,0d,0e,0f,10,11,12,13,14,15,16,17,18,19,1a,1b,1c,1d,1e,1f,20,21,22,23,24,25,26,27,28,29,2a,2b,2c,2d,2e,2f,30,31,32,33,34,35,36,37,38,39,3a,3b,3c,3d,3e,3f,40,41,42,43,44,45,46,47,48,49,4a,4b,4c,4d,4e,4f,50,51,52,53,54,55,56,57,58,59,5a,5b,5c,5d,5e,5f,60,61,62,63,64,65,66,67,68,69,6a,6b,6c,6d,6e,6f,70,71,72,73,74,75,76,77,78,79,7a,7b,7c,7d,7e,7f,80,81,82,83,84,85,86,87,88,89,8a,8b,8c,8d,8e,8f,90,91,92,93,94,95,96,97,98,99,9a,9b,9c,9d,9e,9f,a0,a1,a2,a3,a4,a5,a6,a7,a8,a9,aa,ab,ac,ad,ae,af,b0,b1,b2,b3,b4,b5,b6,b7,b8,b9,ba,bb,bc,bd,be,bf,c0,c1,c2,c3,c4,c5,c6,c7,c8,c9,ca,cb,cc,cd,ce,cf,d0,d1,d2,d3,d4,d5,d6,d7,d8,d9,da,db,dc,dd,de,df,e0,e1,e2,e3,e4,e5,e6,e7,e8,e9,ea,eb,ec,ed,ee,ef,f0,f1,f2,f3,f4,f5,f6,f7,f8,f9,fa,fb,fc,fd,fe,ff"
									}
								],
								"handle" : 160189210,
								"type" : "SE ListToText"
							},
							
							{
								"handle" : 1675824443,
								"type" : "SE Concat"
							},
							
							{
								"handle" : 677321101,
								"type" : "SE Concat"
							},
							
							{
								"handle" : 1497887931,
								"type" : "SE PatchMemory Int Out"
							},
							
							{
								"Pins" : 
								[
									
									{
										"Id" : 1,
										"default" : "00,01,02,03,04,05,06,07,08,09,0a,0b,0c,0d,0e,0f,10,11,12,13,14,15,16,17,18,19,1a,1b,1c,1d,1e,1f,20,21,22,23,24,25,26,27,28,29,2a,2b,2c,2d,2e,2f,30,31,32,33,34,35,36,37,38,39,3a,3b,3c,3d,3e,3f,40,41,42,43,44,45,46,47,48,49,4a,4b,4c,4d,4e,4f,50,51,52,53,54,55,56,57,58,59,5a,5b,5c,5d,5e,5f,60,61,62,63,64,65,66,67,68,69,6a,6b,6c,6d,6e,6f,70,71,72,73,74,75,76,77,78,79,7a,7b,7c,7d,7e,7f,80,81,82,83,84,85,86,87,88,89,8a,8b,8c,8d,8e,8f,90,91,92,93,94,95,96,97,98,99,9a,9b,9c,9d,9e,9f,a0,a1,a2,a3,a4,a5,a6,a7,a8,a9,aa,ab,ac,ad,ae,af,b0,b1,b2,b3,b4,b5,b6,b7,b8,b9,ba,bb,bc,bd,be,bf,c0,c1,c2,c3,c4,c5,c6,c7,c8,c9,ca,cb,cc,cd,ce,cf,d0,d1,d2,d3,d4,d5,d6,d7,d8,d9,da,db,dc,dd,de,df,e0,e1,e2,e3,e4,e5,e6,e7,e8,e9,ea,eb,ec,ed,ee,ef,f0,f1,f2,f3,f4,f5,f6,f7,f8,f9,fa,fb,fc,fd,fe,ff"
									}
								],
								"handle" : 336271867,
								"type" : "SE ListToText"
							}
						],
						"pb" : 275,
						"pl" : 318,
						"pr" : 318,
						"pt" : 275,
						"type" : "Container"
					},
					
					{
						"Pins" : 
						[
							
							{
								"Id" : 1,
								"default" : "0,1"
							}
						],
						"handle" : 1875122915,
						"type" : "SE Increment3B"
					},
					
					{
						"PinCount" : 4,
						"Pins" : 
						[
							
							{
								"AutoCopy" : 2,
								"Id" : 2,
								"name" : "Background"
							},
							
							{
								"AutoCopy" : 2,
								"Id" : 3,
								"name" : "Value"
							}
						],
						"handle" : 894827406,
						"type" : "SE GuiSwitch < (Text)"
					},
					
					{
						"handle" : 1652438937,
						"type" : "SE PatchMemory Int"
					},
					
					{
						"handle" : 2092842041,
						"type" : "SE PatchMemory Text2"
					}
				],
				"pb" : 252,
				"pl" : 240,
				"pr" : 250,
				"pt" : 242,
				"type" : "Container"
			},
			
			{
				"handle" : 1534045154,
				"type" : "SE PatchMemory Text2"
			},
			
			{
				"handle" : 2133611171,
				"type" : "SE PatchMemory Text2"
			},
			
			{
				"handle" : 357190340,
				"type" : "SE PatchMemory Text2"
			},
			
			{
				"handle" : 1326272690,
				"type" : "SE PatchMemory Text Out"
			},
			
			{
				"handle" : 1878964828,
				"type" : "SE PatchMemory Text Out"
			},
			
			{
				"handle" : 1624884988,
				"type" : "SE PatchMemory Text Out"
			},
			
			{
				"handle" : 1752655210,
				"type" : "SE PatchMemory Text Out"
			},
			
			{
				"handle" : 1699261408,
				"type" : "SE PatchMemory Text Out"
			},
			
			{
				"handle" : 1127585092,
				"type" : "SE PatchMemory Text Out"
			},
			
			{
				"handle" : 782596454,
				"type" : "SE PatchMemory Text Out"
			},
			
			{
				"handle" : 1335535164,
				"type" : "SE PatchMemory Text Out"
			},
			
			{
				"handle" : 1075134929,
				"type" : "SE PatchMemory Text Out"
			},
			
			{
				"handle" : 86391277,
				"type" : "SE PatchMemory Text Out"
			},
			
			{
				"handle" : 1633643467,
				"type" : "SE PatchMemory Text Out"
			},
			
			{
				"handle" : 276849097,
				"type" : "SE PatchMemory Text Out"
			},
			
			{
				"handle" : 947620797,
				"type" : "SE PatchMemory Text Out"
			},
			
			{
				"handle" : 99642144,
				"type" : "SE PatchMemory Text Out"
			},
			
			{
				"handle" : 1247640701,
				"type" : "SE PatchMemory Text Out"
			},
			
			{
				"handle" : 892314680,
				"type" : "SE PatchMemory Text Out"
			},
			
			{
				"handle" : 343916891,
				"type" : "SE PatchMemory Text Out"
			},
			
			{
				"handle" : 915418226,
				"type" : "SE PatchMemory Text Out"
			},
			
			{
				"handle" : 1889971445,
				"type" : "SE PatchMemory Text Out"
			},
			
			{
				"handle" : 940422948,
				"type" : "SE PatchMemory Text Out"
			},
			
			{
				"handle" : 1054857481,
				"type" : "SE PatchMemory Text Out"
			},
			
			{
				"handle" : 1004077445,
				"type" : "SE PatchMemory Text Out"
			},
			
			{
				"handle" : 827155012,
				"type" : "SE PatchMemory Text Out"
			},
			
			{
				"handle" : 2080663257,
				"type" : "SE PatchMemory Text Out"
			},
			
			{
				"handle" : 2066741963,
				"type" : "SE PatchMemory Text Out"
			},
			
			{
				"handle" : 2130378112,
				"type" : "SE PatchMemory Text Out"
			},
			
			{
				"handle" : 908920567,
				"type" : "SE PatchMemory Text Out"
			},
			
			{
				"handle" : 1685272558,
				"type" : "SE PatchMemory Text Out"
			},
			
			{
				"handle" : 308987980,
				"type" : "SE PatchMemory Text Out"
			},
			
			{
				"handle" : 2024071404,
				"type" : "SE PatchMemory Text Out"
			},
			
			{
				"handle" : 414002618,
				"type" : "SE PatchMemory Text Out"
			},
			
			{
				"handle" : 1404093839,
				"type" : "SE PatchMemory Text Out"
			},
			
			{
				"handle" : 807684725,
				"type" : "SE PatchMemory Text Out"
			},
			
			{
				"handle" : 1098572035,
				"type" : "SE PatchMemory Text Out"
			},
			
			{
				"handle" : 265863003,
				"type" : "SE PatchMemory Text Out"
			},
			
			{
				"handle" : 3455645,
				"type" : "SE PatchMemory Text Out"
			},
			
			{
				"handle" : 95859302,
				"type" : "SE PatchMemory Text Out"
			},
			
			{
				"VoiceContainer" : 24595012,
				"handle" : 132669567,
				"type" : "SE Polyphony Control2"
			},
			
			{
				"VoiceContainer" : 24595012,
				"handle" : 1927104641,
				"pb" : 210,
				"pl" : 8,
				"pr" : 340,
				"pt" : 98,
				"type" : "SE Keyboard2"
			},
			
			{
				"PinCount" : 4,
				"Pins" : 
				[
					
					{
						"AutoCopy" : 2,
						"Id" : 2,
						"name" : "Value"
					},
					
					{
						"AutoCopy" : 2,
						"Id" : 3,
						"name" : "2"
					}
				],
				"handle" : 1107363333,
				"type" : "SE GuiSwitch < (Int)"
			},
			
			{
				"handle" : 321739089,
				"type" : "SE PatchMemory Int Out"
			},
			
			{
				"Pins" : 
				[
					
					{
						"Id" : 1,
						"default" : "1"
					},
					
					{
						"default" : "1"
					}
				],
				"connections" : 
				[
					
					{
						"fMod" : 237102876,
						"fPin" : 1,
						"tMod" : 59479521,
						"tPin" : 1
					}
				],
				"handle" : 643056802,
				"modules" : 
				[
					
					{
						"PinCount" : 5,
						"Pins" : 
						[
							
							{
								"AutoCopy" : 2,
								"Id" : 2,
								"name" : "major descending"
							},
							
							{
								"AutoCopy" : 2,
								"Id" : 3,
								"name" : "major ascending"
							},
							
							{
								"AutoCopy" : 2,
								"Id" : 4,
								"name" : "minor"
							}
						],
						"handle" : 237102876,
						"type" : "SE GuiSwitch < (Text)"
					}
				],
				"pb" : 28,
				"pl" : -8,
				"pr" : 2,
				"pt" : 18,
				"type" : "Container"
			},
			
			{
				"Pins" : 
				[
					
					{
						"Id" : 1,
						"default" : "1"
					},
					
					{
						"default" : "1"
					}
				],
				"connections" : 
				[
					
					{
						"fMod" : 762303060,
						"fPin" : 1,
						"tMod" : 1578928849,
						"tPin" : 2
					}
				],
				"handle" : 462302452,
				"modules" : 
				[
					
					{
						"PinCount" : 17,
						"Pins" : 
						[
							
							{
								"AutoCopy" : 2,
								"Id" : 2,
								"name" : "A"
							},
							
							{
								"AutoCopy" : 2,
								"Id" : 3,
								"name" : "B♭"
							},
							
							{
								"AutoCopy" : 2,
								"Id" : 4,
								"name" : "B"
							},
							
							{
								"AutoCopy" : 2,
								"Id" : 5,
								"name" : "C"
							},
							
							{
								"AutoCopy" : 2,
								"Id" : 6,
								"name" : "C♯ "
							},
							
							{
								"AutoCopy" : 2,
								"Id" : 7,
								"name" : "D"
							},
							
							{
								"AutoCopy" : 2,
								"Id" : 8,
								"default" : ">><<",
								"name" : ">><<"
							},
							
							{
								"AutoCopy" : 2,
								"Id" : 9,
								"name" : "E♭"
							},
							
							{
								"AutoCopy" : 2,
								"Id" : 10,
								"name" : "E♭"
							},
							
							{
								"AutoCopy" : 2,
								"Id" : 11,
								"default" : ">><<",
								"name" : ">><<"
							},
							
							{
								"AutoCopy" : 2,
								"Id" : 12,
								"name" : "E"
							},
							
							{
								"AutoCopy" : 2,
								"Id" : 13,
								"name" : "F"
							},
							
							{
								"AutoCopy" : 2,
								"Id" : 14,
								"name" : "F♯"
							},
							
							{
								"AutoCopy" : 2,
								"Id" : 15,
								"name" : "G"
							},
							
							{
								"AutoCopy" : 2,
								"Id" : 16,
								"name" : "A♭"
							}
						],
						"handle" : 762303060,
						"type" : "SE GuiSwitch < (Text)"
					}
				],
				"pb" : 28,
				"pl" : -8,
				"pr" : 2,
				"pt" : 18,
				"type" : "Container"
			},
			
			{
				"Pins" : 
				[
					
					{
						"Id" : 1,
						"default" : "1"
					},
					
					{
						"default" : "1"
					}
				],
				"connections" : 
				[
					
					{
						"fMod" : 50636778,
						"fPin" : 1,
						"tMod" : 1578928849,
						"tPin" : 3
					}
				],
				"handle" : 1188740753,
				"modules" : 
				[
					
					{
						"PinCount" : 17,
						"Pins" : 
						[
							
							{
								"AutoCopy" : 2,
								"Id" : 2,
								"name" : "A"
							},
							
							{
								"AutoCopy" : 2,
								"Id" : 3,
								"name" : "B♭"
							},
							
							{
								"AutoCopy" : 2,
								"Id" : 4,
								"name" : "B"
							},
							
							{
								"AutoCopy" : 2,
								"Id" : 5,
								"name" : "C"
							},
							
							{
								"AutoCopy" : 2,
								"Id" : 6,
								"name" : "C♯ "
							},
							
							{
								"AutoCopy" : 2,
								"Id" : 7,
								"name" : "D"
							},
							
							{
								"AutoCopy" : 2,
								"Id" : 8,
								"default" : ">><<",
								"name" : ">><<"
							},
							
							{
								"AutoCopy" : 2,
								"Id" : 9,
								"name" : "E♭"
							},
							
							{
								"AutoCopy" : 2,
								"Id" : 10,
								"name" : "E♭"
							},
							
							{
								"AutoCopy" : 2,
								"Id" : 11,
								"default" : ">><<",
								"name" : ">><<"
							},
							
							{
								"AutoCopy" : 2,
								"Id" : 12,
								"name" : "E"
							},
							
							{
								"AutoCopy" : 2,
								"Id" : 13,
								"name" : "F"
							},
							
							{
								"AutoCopy" : 2,
								"Id" : 14,
								"name" : "F♯"
							},
							
							{
								"AutoCopy" : 2,
								"Id" : 15,
								"name" : "G"
							},
							
							{
								"AutoCopy" : 2,
								"Id" : 16,
								"name" : "A♭"
							}
						],
						"handle" : 50636778,
						"type" : "SE GuiSwitch < (Text)"
					}
				],
				"pb" : 28,
				"pl" : -8,
				"pr" : 2,
				"pt" : 18,
				"type" : "Container"
			},
			
			{
				"Pins" : 
				[
					
					{
						"Id" : 1,
						"default" : "1"
					},
					
					{
						"default" : "1"
					}
				],
				"connections" : 
				[
					
					{
						"fMod" : 738912200,
						"fPin" : 1,
						"tMod" : 1578928849,
						"tPin" : 4
					}
				],
				"handle" : 491425981,
				"modules" : 
				[
					
					{
						"PinCount" : 17,
						"Pins" : 
						[
							
							{
								"AutoCopy" : 2,
								"Id" : 2,
								"name" : "A"
							},
							
							{
								"AutoCopy" : 2,
								"Id" : 3,
								"name" : "B♭"
							},
							
							{
								"AutoCopy" : 2,
								"Id" : 4,
								"name" : "B"
							},
							
							{
								"AutoCopy" : 2,
								"Id" : 5,
								"name" : "C"
							},
							
							{
								"AutoCopy" : 2,
								"Id" : 6,
								"name" : "C♯ "
							},
							
							{
								"AutoCopy" : 2,
								"Id" : 7,
								"name" : "D"
							},
							
							{
								"AutoCopy" : 2,
								"Id" : 8,
								"default" : ">><<",
								"name" : ">><<"
							},
							
							{
								"AutoCopy" : 2,
								"Id" : 9,
								"name" : "D♯"
							},
							
							{
								"AutoCopy" : 2,
								"Id" : 10,
								"name" : "E♭"
							},
							
							{
								"AutoCopy" : 2,
								"Id" : 11,
								"default" : ">><<",
								"name" : ">><<"
							},
							
							{
								"AutoCopy" : 2,
								"Id" : 12,
								"name" : "E"
							},
							
							{
								"AutoCopy" : 2,
								"Id" : 13,
								"name" : "F"
							},
							
							{
								"AutoCopy" : 2,
								"Id" : 14,
								"name" : "F♯"
							},
							
							{
								"AutoCopy" : 2,
								"Id" : 15,
								"name" : "G"
							},
							
							{
								"AutoCopy" : 2,
								"Id" : 16,
								"name" : "G♯"
							}
						],
						"handle" : 738912200,
						"type" : "SE GuiSwitch < (Text)"
					}
				],
				"pb" : 28,
				"pl" : -8,
				"pr" : 2,
				"pt" : 18,
				"type" : "Container"
			},
			
			{
				"handle" : 619106536,
				"type" : "SE ListToText"
			},
			
			{
				"Pins" : 
				[
					
					{
						"default" : "Note Name"
					},
					
					{
						"Id" : 6,
						"default" : "28"
					}
				],
				"handle" : 1878893637,
				"pb" : 92,
				"pl" : 307,
				"pr" : 407,
				"pt" : 42,
				"type" : "DisplayList"
			},
			
			{
				"handle" : 1597746743,
				"type" : "SE PatchMemory Int"
			},
			
			{
				"handle" : 460646208,
				"type" : "SE PatchMemory Int Out"
			},
			
			{
				"handle" : 1773142284,
				"type" : "SE PatchMemory Int Out"
			},
			
			{
				"handle" : 2048839919,
				"type" : "SE PatchMemory Int"
			},
			
			{
				"Pins" : 
				[
					
					{
						"default" : "Scale Mode"
					},
					
					{
						"Id" : 6,
						"default" : "24"
					},
					
					{
						"Id" : 10,
						"default" : "major,minor"
					}
				],
				"handle" : 1565654645,
				"pb" : 91,
				"pl" : 7,
				"pr" : 105,
				"pt" : 42,
				"type" : "DisplayList"
			},
			
			{
				"PinCount" : 4,
				"Pins" : 
				[
					
					{
						"AutoCopy" : 2,
						"Id" : 2,
						"name" : "Value"
					},
					
					{
						"AutoCopy" : 2,
						"Id" : 3,
						"name" : "Value"
					}
				],
				"handle" : 973185341,
				"type" : "SE GuiSwitch < (Text)"
			},
			
			{
				"handle" : 1812989186,
				"type" : "SE PatchMemory Text2"
			},
			
			{
				"handle" : 1705863695,
				"type" : "SE PatchMemory Text2"
			},
			
			{
				"Pins" : 
				[
					
					{
						"default" : "Root Note"
					},
					
					{
						"Id" : 6,
						"default" : "28"
					}
				],
				"handle" : 356782163,
				"pb" : 91,
				"pl" : 106,
				"pr" : 206,
				"pt" : 42,
				"type" : "DisplayList"
			},
			
			{
				"PinCount" : 5,
				"Pins" : 
				[
					
					{
						"AutoCopy" : 2,
						"Id" : 2,
						"name" : "Value"
					},
					
					{
						"AutoCopy" : 2,
						"Id" : 3,
						"name" : "Value"
					},
					
					{
						"AutoCopy" : 2,
						"Id" : 4,
						"name" : "Value"
					}
				],
				"handle" : 1578928849,
				"type" : "SE GuiSwitch < (Text)"
			},
			
			{
				"Pins" : 
				[
					
					{
						"default" : "Degree"
					},
					
					{
						"Id" : 6,
						"default" : "28"
					}
				],
				"handle" : 1307753276,
				"pb" : 91,
				"pl" : 207,
				"pr" : 306,
				"pt" : 42,
				"type" : "DisplayList"
			},
			
			{
				"handle" : 59479521,
				"type" : "SE ListToText"
			},
			
			{
				"Pins" : 
				[
					
					{
						"default" : "5"
					},
					
					{
						"Id" : 5,
						"default" : "ff224466"
					},
					
					{
						"default" : "FF000000"
					}
				],
				"handle" : 1923524971,
				"pb" : 218,
				"pl" : 0,
				"pr" : 419,
				"pt" : 0,
				"type" : "SE Rectangle XP"
			},
			
			{
				"Pins" : 
				[
					
					{
						"Id" : 0,
						"default" : "background"
					},
					
					{
						"Id" : 1,
						"default" : "1"
					}
				],
				"handle" : 1690396969,
				"ignoremouse" : "true",
				"pb" : 272,
				"pl" : 0,
				"pr" : 440,
				"pt" : 0,
				"type" : "SE Plain Image"
			}
		],
		"skin" : "default2",
		"vst_about_text" : "",
		"vst_nag_user" : false,
		"width" : 440
	}
}
