<?xml version="1.0" ?>
<Controller>
  <PatchManager>
    <Parameters>
      <Parameter Handle="2139509653" Module="276849097" ignoreProgramChange="1" Private="1" persistant="0" Name="" ValueType="1" />
      <Parameter Handle="2034738572" Module="2024071404" ignoreProgramChange="1" Private="1" persistant="0" Name="" ValueType="1" />
      <Parameter Handle="2007754706" Module="1497887931" ignoreProgramChange="1" Private="1" persistant="0" Name="" ValueType="8" />
      <Parameter Handle="2004277717" Module="1633643467" ignoreProgramChange="1" Private="1" persistant="0" Name="" ValueType="1" />
      <Parameter Handle="1985038143" Module="414002618" ignoreProgramChange="1" Private="1" persistant="0" Name="" ValueType="1" />
      <Parameter Handle="1927573240" Module="86391277" ignoreProgramChange="1" Private="1" persistant="0" Name="" ValueType="1" />
      <Parameter Handle="1909528403" Module="1699261408" ignoreProgramChange="1" Private="1" persistant="0" Name="" ValueType="1" />
      <Parameter Handle="1874018273" Module="1326272690" ignoreProgramChange="1" Private="1" persistant="0" Name="" ValueType="1" />
      <Parameter Handle="1812731551" Module="218579388" ignoreProgramChange="1" Private="1" persistant="0" Name="" ValueType="8" />
      <Parameter Handle="1748344357" Module="1075134929" ignoreProgramChange="1" Private="1" persistant="0" Name="" ValueType="1" />
      <Parameter Handle="1686942717" Module="1127585092" ignoreProgramChange="1" Private="1" persistant="0" Name="" ValueType="1" />
      <Parameter Handle="1646792622" Module="940422948" ignoreProgramChange="1" Private="1" persistant="0" Name="" ValueType="1" />
      <Parameter Handle="1625343798" Module="1669107954" ignoreProgramChange="1" Private="1" persistant="0" Name="" ValueType="1" />
      <Parameter Handle="1610047391" Module="99642144" ignoreProgramChange="1" Private="1" persistant="0" Name="" ValueType="1" />
      <Parameter Handle="1583619228" Module="827155012" ignoreProgramChange="1" Private="1" persistant="0" Name="" ValueType="1" />
      <Parameter Handle="1544591204" Module="95859302" ignoreProgramChange="1" Private="1" persistant="0" Name="" ValueType="1" />
      <Parameter Handle="1529666574" Module="915418226" ignoreProgramChange="1" Private="1" persistant="0" Name="" ValueType="1" />
      <Parameter Handle="1451198976" Module="3455645" ignoreProgramChange="1" Private="1" persistant="0" Name="" ValueType="1" />
      <Parameter Handle="1413781447" Module="908920567" ignoreProgramChange="1" Private="1" persistant="0" Name="" ValueType="1" />
      <Parameter Handle="1411329741" Module="1889971445" ignoreProgramChange="1" Private="1" persistant="0" Name="" ValueType="1" />
      <Parameter Handle="1371309674" HostControl="49" Private="1" Name="" ValueType="10">
        <patch-list>
          <s></s>
        </patch-list>
      </Parameter>
      <Parameter Handle="1357006114" Module="1098572035" ignoreProgramChange="1" Private="1" persistant="0" Name="" ValueType="1" />
      <Parameter Handle="1263918452" Module="1004077445" ignoreProgramChange="1" Private="1" persistant="0" Name="" ValueType="1" />
      <Parameter Handle="1242956132" Module="1773142284" ignoreProgramChange="1" Private="1" persistant="0" Name="" ValueType="8" />
      <Parameter Handle="1201810887" Module="947620797" ignoreProgramChange="1" Private="1" persistant="0" Name="" ValueType="1" />
      <Parameter Handle="1163654151" Module="343916891" ignoreProgramChange="1" Private="1" persistant="0" Name="" ValueType="1" />
      <Parameter Handle="1150079328" Module="460646208" ignoreProgramChange="1" Private="1" persistant="0" Name="" ValueType="8" />
      <Parameter Handle="1079924110" Module="2130378112" ignoreProgramChange="1" Private="1" persistant="0" Name="" ValueType="1" />
      <Parameter Handle="963615211" Module="1685272558" ignoreProgramChange="1" Private="1" persistant="0" Name="" ValueType="1" />
      <Parameter Handle="884854165" Module="308987980" ignoreProgramChange="1" Private="1" persistant="0" Name="" ValueType="1" />
      <Parameter Handle="842410401" Module="892314680" ignoreProgramChange="1" Private="1" persistant="0" Name="" ValueType="1" />
      <Parameter Handle="832881503" Module="1247640701" ignoreProgramChange="1" Private="1" persistant="0" Name="" ValueType="1" />
      <Parameter Handle="802913760" Module="594892147" ignoreProgramChange="1" Private="1" persistant="0" Name="" ValueType="8" />
      <Parameter Handle="752994263" Module="1490192092" ignoreProgramChange="1" Private="1" persistant="0" Name="" ValueType="8" />
      <Parameter Handle="539381343" Module="1878964828" ignoreProgramChange="1" Private="1" persistant="0" Name="" ValueType="1" />
      <Parameter Handle="328596657" Module="782596454" ignoreProgramChange="1" Private="1" persistant="0" Name="" ValueType="1" />
      <Parameter Handle="282319402" Module="1404093839" ignoreProgramChange="1" Private="1" persistant="0" Name="" ValueType="1" />
      <Parameter Handle="200990941" Module="2066741963" ignoreProgramChange="1" Private="1" persistant="0" Name="" ValueType="1" />
      <Parameter Handle="183749190" Module="807684725" ignoreProgramChange="1" Private="1" persistant="0" Name="" ValueType="1" />
      <Parameter Handle="158818504" Module="1335535164" ignoreProgramChange="1" Private="1" persistant="0" Name="" ValueType="1" />
      <Parameter Handle="153884698" Module="1752655210" ignoreProgramChange="1" Private="1" persistant="0" Name="" ValueType="1" />
      <Parameter Handle="130532720" Module="1624884988" ignoreProgramChange="1" Private="1" persistant="0" Name="" ValueType="1" />
      <Parameter Handle="110743341" Module="265863003" ignoreProgramChange="1" Private="1" persistant="0" Name="" ValueType="1" />
      <Parameter Handle="40711334" Module="1054857481" ignoreProgramChange="1" Private="1" persistant="0" Name="" ValueType="1" />
      <Parameter Handle="33392104" Module="2080663257" ignoreProgramChange="1" Private="1" persistant="0" Name="" ValueType="1" />
      <Parameter Handle="65830015" Module="321739089" ignoreProgramChange="1" Private="1" persistant="0" Name="2" ValueType="8" RangeMinimum="2" RangeMaximum="2" />
      <Parameter Handle="1731716835" Module="24595012" MIDI="100663296" HostControl="15" ignoreProgramChange="1" Private="1" persistant="0" Name="Bender" RangeMinimum="-1" RangeMaximum="1" />
      <Parameter Handle="352548249" Module="24595012" MIDI="50331648" HostControl="42" ignoreProgramChange="1" Private="1" Name="BenderRange" RangeMaximum="127.992">
        <patch-list>
          <s>2</s>
        </patch-list>
      </Parameter>
      <Parameter Handle="902382810" Module="24595012" MIDI="33554496" HostControl="16" ignoreProgramChange="1" Private="1" persistant="0" Name="HoldPedal" />
      <Parameter Handle="245625616" Module="24595012" HostControl="21" ignoreProgramChange="1" Private="1" Name="Polyphony" ValueType="8" RangeMinimum="1" RangeMaximum="128">
        <patch-list>
          <s>6</s>
        </patch-list>
      </Parameter>
      <Parameter Handle="245447988" Module="24595012" MIDI="33554437" HostControl="40" ignoreProgramChange="1" Private="1" Name="Portamento">
        <patch-list>
          <s>0</s>
        </patch-list>
      </Parameter>
      <Parameter Handle="1509809409" HostControl="4" ignoreProgramChange="1" Private="1" Name="Program Name" ValueType="1">
        <patch-list>
          <s></s>
        </patch-list>
      </Parameter>
      <Parameter Handle="336894849" Module="24595012" HostControl="22" ignoreProgramChange="1" Private="1" Name="ReserveVoices" ValueType="8" RangeMaximum="128">
        <patch-list>
          <s>3</s>
        </patch-list>
      </Parameter>
      <Parameter Handle="0" isPolyphonic="1" Module="24595012" VoiceCount="128" MIDI="419430400" HostControl="12" ignoreProgramChange="1" Private="1" persistant="0" Name="Voice/Active" />
      <Parameter Handle="183326725" isPolyphonic="1" Module="24595012" VoiceCount="128" MIDI="385875968" HostControl="10" ignoreProgramChange="1" Private="1" persistant="0" Name="Voice/Aftertouch" />
      <Parameter Handle="389285448" isPolyphonic="1" isPolyphonicGate="1" Module="24595012" VoiceCount="128" MIDI="335544320" HostControl="6" ignoreProgramChange="1" Private="1" persistant="0" Name="Voice/Gate" />
      <Parameter Handle="127474647" isPolyphonic="1" Module="24595012" VoiceCount="128" MIDI="318767104" HostControl="7" ignoreProgramChange="1" Private="1" persistant="0" Name="Voice/Pitch" />
      <Parameter Handle="788036682" isPolyphonic="1" Module="24595012" VoiceCount="128" MIDI="402653184" HostControl="5" ignoreProgramChange="1" Private="1" persistant="0" Name="Voice/Trigger" />
      <Parameter Handle="940837511" isPolyphonic="1" Module="24595012" VoiceCount="128" MIDI="369098752" HostControl="9" ignoreProgramChange="1" Private="1" persistant="0" Name="Voice/VelocityKeyOff" />
      <Parameter Handle="715949158" isPolyphonic="1" Module="24595012" VoiceCount="128" MIDI="352321536" HostControl="8" ignoreProgramChange="1" Private="1" persistant="0" Name="Voice/VelocityKeyOn" />
      <Parameter Handle="1505080995" Module="24595012" HostControl="14" ignoreProgramChange="1" Private="1" Name="VoiceAllocationMode" ValueType="8" RangeMinimum="1" RangeMaximum="128">
        <patch-list>
          <s>768</s>
        </patch-list>
      </Parameter>
      <Parameter Handle="1503509853" Module="2048839919" Index="0" Private="1" Name="MODE" ValueType="8">
        <patch-list>
          <s>0</s>
        </patch-list>
      </Parameter>
      <Parameter Handle="547414862" Module="1812989186" Index="2" ignoreProgramChange="1" Private="1" Name="" ValueType="1">
        <patch-list>
          <s>A=0,B♭=1,B=2,C=3,C♯=4,D=5,E♭=8,E=10,F=11,F♯=12,G=13,G♯=14</s>
        </patch-list>
      </Parameter>
      <Parameter Handle="633460777" Module="1705863695" Index="3" ignoreProgramChange="1" Private="1" Name="" ValueType="1">
        <patch-list>
          <s>A=0,B♭=1,B=2,C=3,C♯=4,D=5,&gt;&gt;&gt;&gt;D♯/E♭,D♯=7,E♭=8,&lt;&lt;&lt;&lt;,E=10,F=11,F♯=12,G=13,G♯=14</s>
        </patch-list>
      </Parameter>
      <Parameter Handle="362512880" Module="1534045154" Index="4" ignoreProgramChange="1" Private="1" Name="" ValueType="1">
        <patch-list>
          <s>Ⅰ,Ⅱ♭,Ⅱ,Ⅲ,Ⅲ♯,Ⅳ,Ⅳ♯,Ⅴ,Ⅵ,Ⅵ♯,Ⅶ,Ⅶ♯</s>
        </patch-list>
      </Parameter>
      <Parameter Handle="376608868" Module="2133611171" Index="5" ignoreProgramChange="1" Private="1" Name="" ValueType="1">
        <patch-list>
          <s>Ⅰ,Ⅱ♭,Ⅱ,Ⅲ♭,Ⅲ,Ⅳ,Ⅳ♯,Ⅴ,Ⅵ♭,Ⅵ,Ⅶ♭,Ⅶ</s>
        </patch-list>
      </Parameter>
      <Parameter Handle="105332995" Module="1597746743" Index="5" Private="1" Name="ROOT" ValueType="8">
        <patch-list>
          <s>10</s>
        </patch-list>
      </Parameter>
      <Parameter Handle="654951235" Module="674007835" Index="6" ignoreProgramChange="1" Private="1" Name="LABEL" ValueType="1">
        <patch-list>
          <s>Mode                 Root                Degree              Name</s>
        </patch-list>
      </Parameter>
      <Parameter Handle="904528553" Module="2092842041" Index="7" Private="1" Name="" ValueType="1">
        <patch-list>
          <s>FF666666</s>
        </patch-list>
      </Parameter>
      <Parameter Handle="1936184024" Module="357190340" Index="8" Private="1" Name="" ValueType="1">
        <patch-list>
          <s>Ⅰ,Ⅰ♯,Ⅱ,Ⅱ♯,Ⅲ,Ⅳ,Ⅳ♯,Ⅴ,Ⅴ♯,Ⅵ,Ⅶ♭,Ⅶ</s>
        </patch-list>
      </Parameter>
      <Parameter Handle="537683699" Module="1796305958" Index="9" Private="1" Name="ADSR2 Overall Level">
        <patch-list>
          <s>9.65</s>
        </patch-list>
      </Parameter>
      <Parameter Handle="996017659" Module="1652438937" Index="10" Private="1" Name="Volt Meter Signal in" ValueType="8">
        <patch-list>
          <s>0</s>
        </patch-list>
      </Parameter>
    </Parameters>
  </PatchManager>
  <ChildControllers />
</Controller>
