<?xml version="1.0" ?>
<Controller>
  <PatchManager>
    <Parameters>
      <Parameter Handle="1676298873" Module="730978603" ignoreProgramChange="1" Private="1" persistant="0" Name="ADSR to Button 1" RangeMinimum="-10" RangeMaximum="5" />
      <Parameter Handle="2013143560" Module="381344990" ignoreProgramChange="1" Private="1" persistant="0" Name="ADSR to Button 2" RangeMinimum="-10" RangeMaximum="5" />
      <Parameter Handle="1767177583" Module="1053664678" ignoreProgramChange="1" Private="1" persistant="0" Name="ADSR to Button 3" RangeMinimum="-10" RangeMaximum="5" />
      <Parameter Handle="1676719237" Module="493604449" ignoreProgramChange="1" Private="1" persistant="0" Name="ADSR to Button 4" RangeMinimum="-10" RangeMaximum="5" />
      <Parameter Handle="650673284" Module="1980139106" ignoreProgramChange="1" Private="1" persistant="0" Name="ADSR to Button 5" RangeMinimum="-10" RangeMaximum="5" />
      <Parameter Handle="1991189206" Module="1929830685" ignoreProgramChange="1" Private="1" persistant="0" Name="ADSR to Button 6" RangeMinimum="-10" RangeMaximum="5" />
      <Parameter Handle="1868866417" Module="1008601125" ignoreProgramChange="1" Private="1" persistant="0" Name="ADSR to Button 7" RangeMinimum="-10" RangeMaximum="5" />
      <Parameter Handle="1389848476" Module="1163880914" ignoreProgramChange="1" Private="1" persistant="0" Name="ADSR to Button 8" RangeMinimum="-10" RangeMaximum="5" />
      <Parameter Handle="1247615113" Module="2098410337" Private="1" Name="Directory 1" ValueType="1">
        <patch-list>
          <s>/Library/Audio/Plug-Ins/VST3/DrModus/bass drums</s>
        </patch-list>
      </Parameter>
      <Parameter Handle="670274363" Module="1546721366" Private="1" Name="Directory 2" ValueType="1">
        <patch-list>
          <s>/Library/Audio/Plug-Ins/VST3/DrModus/snare drums</s>
        </patch-list>
      </Parameter>
      <Parameter Handle="50613941" Module="825090105" Private="1" Name="Directory 3" ValueType="1">
        <patch-list>
          <s>/Library/Audio/Plug-Ins/VST3/DrModus/hi hats</s>
        </patch-list>
      </Parameter>
      <Parameter Handle="56225236" Module="760807367" Private="1" Name="Directory 4" ValueType="1">
        <patch-list>
          <s>/Library/Audio/Plug-Ins/VST3/DrModus/toms</s>
        </patch-list>
      </Parameter>
      <Parameter Handle="72929427" Module="54600091" Private="1" Name="Directory 5" ValueType="1">
        <patch-list>
          <s>/Library/Audio/Plug-Ins/VST3/DrModus/toms</s>
        </patch-list>
      </Parameter>
      <Parameter Handle="1979709155" Module="1120272035" Private="1" Name="Directory 6" ValueType="1">
        <patch-list>
          <s>/Library/Audio/Plug-Ins/VST3/DrModus/toms</s>
        </patch-list>
      </Parameter>
      <Parameter Handle="1757239916" Module="1702331650" Private="1" Name="Directory 7" ValueType="1">
        <patch-list>
          <s>/Library/Audio/Plug-Ins/VST3/DrModus/crash cymbals</s>
        </patch-list>
      </Parameter>
      <Parameter Handle="321855494" Module="730671746" Private="1" Name="Directory 8" ValueType="1">
        <patch-list>
          <s>/Library/Audio/Plug-Ins/VST3/DrModus/crash cymbals</s>
        </patch-list>
      </Parameter>
      <Parameter Handle="1586417743" Module="268029001" ignoreProgramChange="1" Private="1" Name="Divisions Choice" ValueType="8" MetaData="1/1,1/2,1/4D,1/4,1/8D,1/4T,1/8,1/8T,1/16">
        <patch-list>
          <s>3</s>
        </patch-list>
      </Parameter>
      <Parameter Handle="240371757" Module="1809862664" Private="1" Name="File Dialog 1" ValueType="1">
        <patch-list>
          <s>20&apos;&apos; Swift Kick,22&apos;&apos; 60&apos;s Kick,22&apos;&apos; Deep Kick,22&apos;&apos; Double Head Kick A,22&apos;&apos; Double Head Kick B,22&apos;&apos; Gated Kick,22&apos;&apos; Power Kick,24&apos;&apos; Power Kick,909 Kick,alakick,Electronic Kick 1,Electronic Kick 2,Jungle Kick,Low Kick,PG Kick,Sonic Kick</s>
        </patch-list>
      </Parameter>
      <Parameter Handle="1468838932" Module="1349266242" Private="1" Name="File Dialog 2" ValueType="1">
        <patch-list>
          <s>13&apos;&apos; Brass Piccolo,8x14 Wood Snare,909 Snare 1,909 Snare 2,alasnare,Ambient Wood Snare,Brush Hit Snare,Electronic Snare,Gated Snare,Jungle Snare,Low Snare,Low Snare2,Orbital Snare,PG Side Stick Snare,PG Snare,Rimshot Snare,Side Stick Snare,Sonic Snare</s>
        </patch-list>
      </Parameter>
      <Parameter Handle="1140218956" Module="580719876" Private="1" Name="File Dialog 3" ValueType="1">
        <patch-list>
          <s>909 Closed Hi Hat,909 Open Hi Hat,alahihat,alaopenhat,Closed Hi Hat A,Closed Hi Hat B,Foot Closed Hat,Half Open Hi Hat,Jungle Hi Hat,Low Half Open Hat,Low Hi Hat,Open Hi Hat,PG Foot Closed Hat,PG Hi Hat,Sonic Hi Hat A,Sonic Hi Hat B</s>
        </patch-list>
      </Parameter>
      <Parameter Handle="91602131" Module="1484004326" Private="1" Name="File Dialog 4" ValueType="1">
        <patch-list>
          <s>10&apos;&apos; Double Head Tom,10&apos;&apos; Power Tom,14&apos;&apos; Double Head Tom,16&apos;&apos; Power Floor Tom,Electronic Tom,PG Floor Tom,PG High Tom,PG Mid Tom</s>
        </patch-list>
      </Parameter>
      <Parameter Handle="2098641950" Module="679111526" Private="1" Name="File Dialog 5" ValueType="1">
        <patch-list>
          <s>10&apos;&apos; Double Head Tom,10&apos;&apos; Power Tom,14&apos;&apos; Double Head Tom,16&apos;&apos; Power Floor Tom,Electronic Tom,PG Floor Tom,PG High Tom,PG Mid Tom</s>
        </patch-list>
      </Parameter>
      <Parameter Handle="527477919" Module="1572587521" Private="1" Name="File Dialog 6" ValueType="1">
        <patch-list>
          <s>10&apos;&apos; Double Head Tom,10&apos;&apos; Power Tom,14&apos;&apos; Double Head Tom,16&apos;&apos; Power Floor Tom,Electronic Tom,PG Floor Tom,PG High Tom,PG Mid Tom</s>
        </patch-list>
      </Parameter>
      <Parameter Handle="4476598" Module="2119002060" Private="1" Name="File Dialog 7" ValueType="1">
        <patch-list>
          <s>909 Crash,alacrash,Crash Cymbal,PG Crash</s>
        </patch-list>
      </Parameter>
      <Parameter Handle="981230793" Module="1950461120" Private="1" Name="File Dialog 8" ValueType="1">
        <patch-list>
          <s>909 Crash,alacrash,Crash Cymbal,PG Crash</s>
        </patch-list>
      </Parameter>
      <Parameter Handle="1786255924" Module="672330894" Private="1" Name="Filter/Decay switch Slot 1" ValueType="4">
        <patch-list>
          <s>0</s>
        </patch-list>
      </Parameter>
      <Parameter Handle="146601265" Module="631601746" Private="1" Name="Filter/Decay switch Slot 2" ValueType="4">
        <patch-list>
          <s>0</s>
        </patch-list>
      </Parameter>
      <Parameter Handle="1412139000" Module="630092706" Private="1" Name="Filter/Decay switch Slot 3" ValueType="4">
        <patch-list>
          <s>0</s>
        </patch-list>
      </Parameter>
      <Parameter Handle="1118303441" Module="1004705794" Private="1" Name="Filter/Decay switch Slot 4" ValueType="4">
        <patch-list>
          <s>0</s>
        </patch-list>
      </Parameter>
      <Parameter Handle="299488519" Module="1537729202" Private="1" Name="Filter/Decay switch Slot 5" ValueType="4">
        <patch-list>
          <s>0</s>
        </patch-list>
      </Parameter>
      <Parameter Handle="88981924" Module="1440881758" Private="1" Name="Filter/Decay switch Slot 6" ValueType="4">
        <patch-list>
          <s>0</s>
        </patch-list>
      </Parameter>
      <Parameter Handle="1832185326" Module="1115973287" Private="1" Name="Filter/Decay switch Slot 7" ValueType="4">
        <patch-list>
          <s>0</s>
        </patch-list>
      </Parameter>
      <Parameter Handle="1978509638" Module="304543664" Private="1" Name="Filter/Decay switch Slot 8" ValueType="4">
        <patch-list>
          <s>0</s>
        </patch-list>
      </Parameter>
      <Parameter Handle="771821594" Module="939915453" ignoreProgramChange="1" Private="1" persistant="0" Name="Float2FloatGui" />
      <Parameter Handle="2012439725" Module="740857039" ignoreProgramChange="1" Private="1" Name="From GUI to DSP" ValueType="4">
        <patch-list>
          <s>0</s>
        </patch-list>
      </Parameter>
      <Parameter Handle="535368071" Module="2081430890" ignoreProgramChange="1" Private="1" Name="From GUI to DSP" ValueType="4">
        <patch-list>
          <s>1</s>
        </patch-list>
      </Parameter>
      <Parameter Handle="1419640173" Module="824608600" Private="1" Name="Item List 1" ValueType="1">
        <patch-list>
          <s>20&apos;&apos; Swift Kick,22&apos;&apos; 60&apos;s Kick,22&apos;&apos; Deep Kick,22&apos;&apos; Double Head Kick A,22&apos;&apos; Double Head Kick B,22&apos;&apos; Gated Kick,22&apos;&apos; Power Kick,24&apos;&apos; Power Kick,909 Kick,alakick,Electronic Kick 1,Electronic Kick 2,Jungle Kick,Low Kick,PG Kick,Sonic Kick</s>
        </patch-list>
      </Parameter>
      <Parameter Handle="631045950" Module="692316832" Private="1" Name="Item List 2" ValueType="1">
        <patch-list>
          <s>13&apos;&apos; Brass Piccolo,8x14 Wood Snare,909 Snare 1,909 Snare 2,alasnare,Ambient Wood Snare,Brush Hit Snare,Electronic Snare,Gated Snare,Jungle Snare,Low Snare,Low Snare2,Orbital Snare,PG Side Stick Snare,PG Snare,Rimshot Snare,Side Stick Snare,Sonic Snare</s>
        </patch-list>
      </Parameter>
      <Parameter Handle="424862121" Module="1598851522" Private="1" Name="Item List 3" ValueType="1">
        <patch-list>
          <s>909 Closed Hi Hat,909 Open Hi Hat,alahihat,alaopenhat,Closed Hi Hat A,Closed Hi Hat B,Foot Closed Hat,Half Open Hi Hat,Jungle Hi Hat,Low Half Open Hat,Low Hi Hat,Open Hi Hat,PG Foot Closed Hat,PG Hi Hat,Sonic Hi Hat A,Sonic Hi Hat B</s>
        </patch-list>
      </Parameter>
      <Parameter Handle="292972992" Module="337493686" Private="1" Name="Item List 4" ValueType="1">
        <patch-list>
          <s>10&apos;&apos; Double Head Tom,10&apos;&apos; Power Tom,14&apos;&apos; Double Head Tom,16&apos;&apos; Power Floor Tom,Electronic Tom,PG Floor Tom,PG High Tom,PG Mid Tom</s>
        </patch-list>
      </Parameter>
      <Parameter Handle="1701754589" Module="1606997465" Private="1" Name="Item List 5" ValueType="1">
        <patch-list>
          <s>10&apos;&apos; Double Head Tom,10&apos;&apos; Power Tom,14&apos;&apos; Double Head Tom,16&apos;&apos; Power Floor Tom,Electronic Tom,PG Floor Tom,PG High Tom,PG Mid Tom</s>
        </patch-list>
      </Parameter>
      <Parameter Handle="850452282" Module="2054181731" Private="1" Name="Item List 6" ValueType="1">
        <patch-list>
          <s>10&apos;&apos; Double Head Tom,10&apos;&apos; Power Tom,14&apos;&apos; Double Head Tom,16&apos;&apos; Power Floor Tom,Electronic Tom,PG Floor Tom,PG High Tom,PG Mid Tom</s>
        </patch-list>
      </Parameter>
      <Parameter Handle="178433566" Module="2037763239" Private="1" Name="Item List 7" ValueType="1">
        <patch-list>
          <s>909 Crash,alacrash,Crash Cymbal,PG Crash</s>
        </patch-list>
      </Parameter>
      <Parameter Handle="92290671" Module="1062005664" Private="1" Name="Item List 8" ValueType="1">
        <patch-list>
          <s>909 Crash,alacrash,Crash Cymbal,PG Crash</s>
        </patch-list>
      </Parameter>
      <Parameter Handle="865027995" Module="1170588029" ignoreProgramChange="1" Private="1" Name="MIDI Gen to Selected Slot" ValueType="8" MetaData="Gate1,Gate2,Gate3,Gate4,Gate5,Gate6,Gate7,Gate8">
        <patch-list>
          <s>0</s>
        </patch-list>
      </Parameter>
      <Parameter Handle="1586563270" Module="243615590" Private="1" Name="Note Number 1" ValueType="8" RangeMaximum="127">
        <patch-list>
          <s>38</s>
        </patch-list>
      </Parameter>
      <Parameter Handle="2101193999" Module="426080147" Private="1" Name="Note Number 2" ValueType="8" RangeMaximum="127">
        <patch-list>
          <s>38</s>
        </patch-list>
      </Parameter>
      <Parameter Handle="2048613163" Module="1307380209" Private="1" Name="Note Number 3" ValueType="8" RangeMaximum="127">
        <patch-list>
          <s>42</s>
        </patch-list>
      </Parameter>
      <Parameter Handle="1776520795" Module="1674939591" Private="1" Name="Note Number 4" ValueType="8" RangeMaximum="127">
        <patch-list>
          <s>43</s>
        </patch-list>
      </Parameter>
      <Parameter Handle="123255598" Module="1550307609" Private="1" Name="Note Number 5" ValueType="8" RangeMaximum="127">
        <patch-list>
          <s>43</s>
        </patch-list>
      </Parameter>
      <Parameter Handle="1665813152" Module="1647388863" Private="1" Name="Note Number 6" ValueType="8" RangeMaximum="127">
        <patch-list>
          <s>45</s>
        </patch-list>
      </Parameter>
      <Parameter Handle="1696893093" Module="637347027" Private="1" Name="Note Number 7" ValueType="8" RangeMaximum="127">
        <patch-list>
          <s>51</s>
        </patch-list>
      </Parameter>
      <Parameter Handle="449659588" Module="1346810016" Private="1" Name="Note Number 8" ValueType="8" RangeMaximum="127">
        <patch-list>
          <s>51</s>
        </patch-list>
      </Parameter>
      <Parameter Handle="1055973819" Module="662791552" Private="1" Name="Octaves 1" ValueType="1">
        <patch-list>
          <s>C1      -      B1</s>
        </patch-list>
      </Parameter>
      <Parameter Handle="1369681787" Module="227000560" Private="1" Name="Octaves 2" ValueType="1">
        <patch-list>
          <s>C1      -      B1</s>
        </patch-list>
      </Parameter>
      <Parameter Handle="314902332" Module="936596388" Private="1" Name="Octaves 3" ValueType="1">
        <patch-list>
          <s>C1      -      B1</s>
        </patch-list>
      </Parameter>
      <Parameter Handle="1037638488" Module="1959322303" Private="1" Name="Octaves 4" ValueType="1">
        <patch-list>
          <s>C1      -      B1</s>
        </patch-list>
      </Parameter>
      <Parameter Handle="1167887746" Module="57688993" Private="1" Name="Octaves 5" ValueType="1">
        <patch-list>
          <s>C1      -      B1</s>
        </patch-list>
      </Parameter>
      <Parameter Handle="930354772" Module="674240237" Private="1" Name="Octaves 6" ValueType="1">
        <patch-list>
          <s>C1      -      B1</s>
        </patch-list>
      </Parameter>
      <Parameter Handle="1524695242" Module="1220604387" Private="1" Name="Octaves 7" ValueType="1">
        <patch-list>
          <s>C1      -      B1</s>
        </patch-list>
      </Parameter>
      <Parameter Handle="971398461" Module="787895134" Private="1" Name="Octaves 8" ValueType="1">
        <patch-list>
          <s>C1      -      B1</s>
        </patch-list>
      </Parameter>
      <Parameter Handle="534996363" HostControl="49" Private="1" Name="Patch Automator" ValueType="10">
        <patch-list>
          <s></s>
        </patch-list>
      </Parameter>
      <Parameter Handle="130937406" Module="87085070" ignoreProgramChange="1" Private="1" Name="Path Mouse Down 1" ValueType="4">
        <patch-list>
          <s>0</s>
        </patch-list>
      </Parameter>
      <Parameter Handle="1686344771" Module="1381611212" ignoreProgramChange="1" Private="1" Name="Path Mouse Down 2" ValueType="4">
        <patch-list>
          <s>0</s>
        </patch-list>
      </Parameter>
      <Parameter Handle="1650836113" Module="1113983855" ignoreProgramChange="1" Private="1" Name="Path Mouse Down 3" ValueType="4">
        <patch-list>
          <s>0</s>
        </patch-list>
      </Parameter>
      <Parameter Handle="919481337" Module="1583402171" ignoreProgramChange="1" Private="1" Name="Path Mouse Down 4" ValueType="4">
        <patch-list>
          <s>0</s>
        </patch-list>
      </Parameter>
      <Parameter Handle="1829795847" Module="513276532" ignoreProgramChange="1" Private="1" Name="Path Mouse Down 5" ValueType="4">
        <patch-list>
          <s>0</s>
        </patch-list>
      </Parameter>
      <Parameter Handle="884708370" Module="1658452994" ignoreProgramChange="1" Private="1" Name="Path Mouse Down 6" ValueType="4">
        <patch-list>
          <s>0</s>
        </patch-list>
      </Parameter>
      <Parameter Handle="1341497358" Module="215344240" ignoreProgramChange="1" Private="1" Name="Path Mouse Down 7" ValueType="4">
        <patch-list>
          <s>0</s>
        </patch-list>
      </Parameter>
      <Parameter Handle="1081895963" Module="1799930827" ignoreProgramChange="1" Private="1" Name="Path Mouse Down 8" ValueType="4">
        <patch-list>
          <s>0</s>
        </patch-list>
      </Parameter>
      <Parameter Handle="435151905" Module="386441201" ignoreProgramChange="1" Private="1" Name="Preset ID 1" ValueType="8" RangeMaximum="127">
        <patch-list>
          <s>0</s>
        </patch-list>
      </Parameter>
      <Parameter Handle="1699357528" Module="1414933796" ignoreProgramChange="1" Private="1" Name="Preset ID 2" ValueType="8" RangeMaximum="127">
        <patch-list>
          <s>0</s>
        </patch-list>
      </Parameter>
      <Parameter Handle="1143351535" Module="314598832" ignoreProgramChange="1" Private="1" Name="Preset ID 3" ValueType="8" RangeMaximum="127">
        <patch-list>
          <s>0</s>
        </patch-list>
      </Parameter>
      <Parameter Handle="2061983645" Module="212963863" ignoreProgramChange="1" Private="1" Name="Preset ID 4" ValueType="8" RangeMaximum="127">
        <patch-list>
          <s>0</s>
        </patch-list>
      </Parameter>
      <Parameter Handle="1518182470" Module="1449230345" ignoreProgramChange="1" Private="1" Name="Preset ID 5" ValueType="8" RangeMaximum="127">
        <patch-list>
          <s>0</s>
        </patch-list>
      </Parameter>
      <Parameter Handle="217772570" Module="1114208235" ignoreProgramChange="1" Private="1" Name="Preset ID 6" ValueType="8" RangeMaximum="127">
        <patch-list>
          <s>0</s>
        </patch-list>
      </Parameter>
      <Parameter Handle="1598836945" Module="1807748816" ignoreProgramChange="1" Private="1" Name="Preset ID 7" ValueType="8" RangeMaximum="127">
        <patch-list>
          <s>0</s>
        </patch-list>
      </Parameter>
      <Parameter Handle="2041904077" Module="576340765" ignoreProgramChange="1" Private="1" Name="Preset ID 8" ValueType="8" RangeMaximum="127">
        <patch-list>
          <s>0</s>
        </patch-list>
      </Parameter>
      <Parameter Handle="1396335486" HostControl="54" ignoreProgramChange="1" Private="1" persistant="0" Name="Presets/ProgramModified" ValueType="4" />
      <Parameter Handle="292819446" HostControl="57" ignoreProgramChange="1" Private="1" persistant="0" Name="Processor/ClearTails" ValueType="8" />
      <Parameter Handle="1528604366" HostControl="4" ignoreProgramChange="1" Private="1" Name="Program Name" ValueType="1">
        <patch-list>
          <s></s>
        </patch-list>
      </Parameter>
      <Parameter Handle="874189581" Module="1619294897" ignoreProgramChange="1" Private="1" Name="Pulse Gen Signal in" RangeMaximum="1">
        <patch-list>
          <s>1</s>
        </patch-list>
      </Parameter>
      <Parameter Handle="0" MIDI="134217728" HostControl="18" ignoreProgramChange="1" Private="1" persistant="0" Name="Time/BPM" />
      <Parameter Handle="257680970" MIDI="150994944" HostControl="20" ignoreProgramChange="1" Private="1" persistant="0" Name="Time/TransportPlaying" ValueType="4" />
      <Parameter Handle="1994376514" Module="286722442" ignoreProgramChange="1" Private="1" Name="Trigger Menu On/Off">
        <patch-list>
          <s>0</s>
        </patch-list>
      </Parameter>
      <Parameter Handle="31749404" Module="1311710810" ignoreProgramChange="1" Private="1" Name="Trigger To MIDI Gate 1" ValueType="4">
        <patch-list>
          <s>0</s>
        </patch-list>
      </Parameter>
      <Parameter Handle="574171436" Module="222544707" ignoreProgramChange="1" Private="1" Name="Trigger To MIDI Gate 2" ValueType="4">
        <patch-list>
          <s>0</s>
        </patch-list>
      </Parameter>
      <Parameter Handle="1546903498" Module="394118865" ignoreProgramChange="1" Private="1" Name="Trigger To MIDI Gate 3" ValueType="4">
        <patch-list>
          <s>0</s>
        </patch-list>
      </Parameter>
      <Parameter Handle="1193534775" Module="1530181973" ignoreProgramChange="1" Private="1" Name="Trigger To MIDI Gate 4" ValueType="4">
        <patch-list>
          <s>0</s>
        </patch-list>
      </Parameter>
      <Parameter Handle="947604771" Module="2101534834" ignoreProgramChange="1" Private="1" Name="Trigger To MIDI Gate 5" ValueType="4">
        <patch-list>
          <s>0</s>
        </patch-list>
      </Parameter>
      <Parameter Handle="1520462564" Module="102981382" ignoreProgramChange="1" Private="1" Name="Trigger To MIDI Gate 6" ValueType="4">
        <patch-list>
          <s>0</s>
        </patch-list>
      </Parameter>
      <Parameter Handle="1358195017" Module="1666735429" ignoreProgramChange="1" Private="1" Name="Trigger To MIDI Gate 7" ValueType="4">
        <patch-list>
          <s>0</s>
        </patch-list>
      </Parameter>
      <Parameter Handle="775658823" Module="1101641229" ignoreProgramChange="1" Private="1" Name="Trigger To MIDI Gate 8" ValueType="4">
        <patch-list>
          <s>0</s>
        </patch-list>
      </Parameter>
      <Parameter Handle="1745206802" Module="481813900" Private="1" Name="TriggerToMIDI# 1" ValueType="8" RangeMaximum="127">
        <patch-list>
          <s>38</s>
        </patch-list>
      </Parameter>
      <Parameter Handle="1089391275" Module="614223521" Private="1" Name="TriggerToMIDI# 2" ValueType="8" RangeMaximum="127">
        <patch-list>
          <s>38</s>
        </patch-list>
      </Parameter>
      <Parameter Handle="1696726937" Module="23307833" Private="1" Name="TriggerToMIDI# 3" ValueType="8" RangeMaximum="127">
        <patch-list>
          <s>42</s>
        </patch-list>
      </Parameter>
      <Parameter Handle="2086355267" Module="1726010354" Private="1" Name="TriggerToMIDI# 4" ValueType="8" RangeMaximum="127">
        <patch-list>
          <s>43</s>
        </patch-list>
      </Parameter>
      <Parameter Handle="1485323254" Module="8206711" Private="1" Name="TriggerToMIDI# 5" ValueType="8" RangeMaximum="127">
        <patch-list>
          <s>43</s>
        </patch-list>
      </Parameter>
      <Parameter Handle="977173148" Module="2114873569" Private="1" Name="TriggerToMIDI# 6" ValueType="8" RangeMaximum="127">
        <patch-list>
          <s>45</s>
        </patch-list>
      </Parameter>
      <Parameter Handle="1918462757" Module="483867086" Private="1" Name="TriggerToMIDI# 7" ValueType="8" RangeMaximum="127">
        <patch-list>
          <s>51</s>
        </patch-list>
      </Parameter>
      <Parameter Handle="69678686" Module="692835314" Private="1" Name="TriggerToMIDI# 8" ValueType="8" RangeMaximum="127">
        <patch-list>
          <s>51</s>
        </patch-list>
      </Parameter>
      <Parameter Handle="2097596959" isPolyphonic="1" Module="159265835" VoiceCount="128" MIDI="419430400" HostControl="12" ignoreProgramChange="1" Private="1" persistant="0" Name="Voice/Active" />
      <Parameter Handle="743796707" Module="50126405" Private="1" Name="Wave Player File Name 1" ValueType="1" MetaData="wav">
        <patch-list>
          <s>/Library/Audio/Plug-Ins/VST3/DrModus/bass drums/Jungle Kick.wav</s>
        </patch-list>
      </Parameter>
      <Parameter Handle="206034806" Module="1887633096" Private="1" Name="Wave Player File Name 2" ValueType="1" MetaData="wav">
        <patch-list>
          <s>/Library/Audio/Plug-Ins/VST3/DrModus/snare drums/Jungle Snare.wav</s>
        </patch-list>
      </Parameter>
      <Parameter Handle="1496639372" Module="1572932248" Private="1" Name="Wave Player File Name 3" ValueType="1" MetaData="wav">
        <patch-list>
          <s>/Library/Audio/Plug-Ins/VST3/DrModus/hi hats/909 Closed Hi Hat.wav</s>
        </patch-list>
      </Parameter>
      <Parameter Handle="1017521394" Module="623059838" Private="1" Name="Wave Player File Name 4" ValueType="1" MetaData="wav">
        <patch-list>
          <s>/Library/Audio/Plug-Ins/VST3/DrModus/toms/14&apos;&apos; Double Head Tom.wav</s>
        </patch-list>
      </Parameter>
      <Parameter Handle="492603685" Module="1424740660" Private="1" Name="Wave Player File Name 5" ValueType="1" MetaData="wav">
        <patch-list>
          <s>/Library/Audio/Plug-Ins/VST3/DrModus/toms/14&apos;&apos; Double Head Tom.wav</s>
        </patch-list>
      </Parameter>
      <Parameter Handle="2093206155" Module="1229949773" Private="1" Name="Wave Player File Name 6" ValueType="1" MetaData="wav">
        <patch-list>
          <s>/Library/Audio/Plug-Ins/VST3/DrModus/toms/10&apos;&apos; Double Head Tom.wav</s>
        </patch-list>
      </Parameter>
      <Parameter Handle="557771831" Module="992584938" Private="1" Name="Wave Player File Name 7" ValueType="1" MetaData="wav">
        <patch-list>
          <s>/Library/Audio/Plug-Ins/VST3/DrModus/crash cymbals/Crash Cymbal.wav</s>
        </patch-list>
      </Parameter>
      <Parameter Handle="1630452502" Module="1099956830" Private="1" Name="Wave Player File Name 8" ValueType="1" MetaData="wav">
        <patch-list>
          <s>/Library/Audio/Plug-Ins/VST3/DrModus/crash cymbals/Crash Cymbal.wav</s>
        </patch-list>
      </Parameter>
      <Parameter Handle="430310493" Module="1072333455" ignoreProgramChange="1" Private="1" Name="onSetIntVal Pulse Int Val 1" ValueType="8" RangeMaximum="127">
        <patch-list>
          <s>0</s>
        </patch-list>
      </Parameter>
      <Parameter Handle="1330500088" Module="1832766505" ignoreProgramChange="1" Private="1" Name="onSetIntVal Pulse Int Val 2" ValueType="8" RangeMaximum="127">
        <patch-list>
          <s>0</s>
        </patch-list>
      </Parameter>
      <Parameter Handle="165769074" Module="1894512576" ignoreProgramChange="1" Private="1" Name="onSetIntVal Pulse Int Val 3" ValueType="8" RangeMaximum="127">
        <patch-list>
          <s>0</s>
        </patch-list>
      </Parameter>
      <Parameter Handle="532813857" Module="346770764" ignoreProgramChange="1" Private="1" Name="onSetIntVal Pulse Int Val 4" ValueType="8" RangeMaximum="127">
        <patch-list>
          <s>0</s>
        </patch-list>
      </Parameter>
      <Parameter Handle="791530737" Module="2117819728" ignoreProgramChange="1" Private="1" Name="onSetIntVal Pulse Int Val 5" ValueType="8" RangeMaximum="127">
        <patch-list>
          <s>0</s>
        </patch-list>
      </Parameter>
      <Parameter Handle="1920403546" Module="1643904170" ignoreProgramChange="1" Private="1" Name="onSetIntVal Pulse Int Val 6" ValueType="8" RangeMaximum="127">
        <patch-list>
          <s>0</s>
        </patch-list>
      </Parameter>
      <Parameter Handle="197076380" Module="1528342581" ignoreProgramChange="1" Private="1" Name="onSetIntVal Pulse Int Val 7" ValueType="8" RangeMaximum="127">
        <patch-list>
          <s>0</s>
        </patch-list>
      </Parameter>
      <Parameter Handle="1086271883" Module="1493269407" ignoreProgramChange="1" Private="1" Name="onSetIntVal Pulse Int Val 8" ValueType="8" RangeMaximum="127">
        <patch-list>
          <s>0</s>
        </patch-list>
      </Parameter>
      <Parameter Handle="58122949" Module="1338453848" ModuleParamId="5" Private="1" Name="solo/mute 1">
        <patch-list>
          <s>1</s>
        </patch-list>
      </Parameter>
      <Parameter Handle="1039228197" Module="1338453848" ModuleParamId="6" Private="1" Name="solo/mute 2">
        <patch-list>
          <s>1</s>
        </patch-list>
      </Parameter>
      <Parameter Handle="1271145252" Module="1338453848" ModuleParamId="2" Private="1" Name="solo/mute 3">
        <patch-list>
          <s>1</s>
        </patch-list>
      </Parameter>
      <Parameter Handle="1460176813" Module="1338453848" Private="1" Name="solo/mute 4">
        <patch-list>
          <s>1</s>
        </patch-list>
      </Parameter>
      <Parameter Handle="1513787114" Module="1338453848" ModuleParamId="7" Private="1" Name="solo/mute 5">
        <patch-list>
          <s>1</s>
        </patch-list>
      </Parameter>
      <Parameter Handle="1549697208" Module="1338453848" ModuleParamId="3" Private="1" Name="solo/mute 6">
        <patch-list>
          <s>1</s>
        </patch-list>
      </Parameter>
      <Parameter Handle="1634162136" Module="1338453848" ModuleParamId="1" Private="1" Name="solo/mute 7">
        <patch-list>
          <s>1</s>
        </patch-list>
      </Parameter>
      <Parameter Handle="2136051417" Module="1338453848" ModuleParamId="4" Private="1" Name="solo/mute 8">
        <patch-list>
          <s>1</s>
        </patch-list>
      </Parameter>
      <Parameter Handle="1389034826" Module="1817320048" Index="0" Name="Decay Slot 1" RangeMaximum="100">
        <patch-list>
          <s>56.5</s>
        </patch-list>
      </Parameter>
      <Parameter Handle="1180801406" Module="1379458551" Index="1" Name="Decay Slot 2" RangeMaximum="100">
        <patch-list>
          <s>56.5</s>
        </patch-list>
      </Parameter>
      <Parameter Handle="1974646641" Module="1147997543" Index="2" Name="Decay Slot 3" RangeMaximum="100">
        <patch-list>
          <s>31.0864</s>
        </patch-list>
      </Parameter>
      <Parameter Handle="403117444" Module="1496343227" Index="3" Name="Decay Slot 4" RangeMaximum="100">
        <patch-list>
          <s>82</s>
        </patch-list>
      </Parameter>
      <Parameter Handle="788229639" Module="942396733" Index="4" Name="Decay Slot 5" RangeMaximum="100">
        <patch-list>
          <s>82</s>
        </patch-list>
      </Parameter>
      <Parameter Handle="1768574047" Module="876768654" Index="5" Name="Decay Slot 6" RangeMaximum="100">
        <patch-list>
          <s>72.5</s>
        </patch-list>
      </Parameter>
      <Parameter Handle="903406344" Module="885889911" Index="6" Name="Decay Slot 7" RangeMaximum="100">
        <patch-list>
          <s>57.5864</s>
        </patch-list>
      </Parameter>
      <Parameter Handle="900752119" Module="1360066028" Index="7" Name="Decay Slot 8" RangeMaximum="100">
        <patch-list>
          <s>57.5864</s>
        </patch-list>
      </Parameter>
      <Parameter Handle="1365659212" Module="339624896" Index="8" Name="Pan Slot 1 " RangeMinimum="-100" RangeMaximum="100">
        <patch-list>
          <s>0</s>
        </patch-list>
      </Parameter>
      <Parameter Handle="1307561528" Module="1909366094" Index="9" Name="Pan Slot 2" RangeMinimum="-100" RangeMaximum="100">
        <patch-list>
          <s>0</s>
        </patch-list>
      </Parameter>
      <Parameter Handle="781757085" Module="2101587289" Index="10" Name="Pan Slot 3" RangeMinimum="-100" RangeMaximum="100">
        <patch-list>
          <s>0</s>
        </patch-list>
      </Parameter>
      <Parameter Handle="328965872" Module="713980118" Index="11" Name="Pan Slot 4" RangeMinimum="-100" RangeMaximum="100">
        <patch-list>
          <s>0</s>
        </patch-list>
      </Parameter>
      <Parameter Handle="428219841" Module="355455028" Index="12" Name="Pan Slot 5" RangeMinimum="-100" RangeMaximum="100">
        <patch-list>
          <s>0</s>
        </patch-list>
      </Parameter>
      <Parameter Handle="279159404" Module="1737131364" Index="13" Name="Pan Slot 6" RangeMinimum="-100" RangeMaximum="100">
        <patch-list>
          <s>0</s>
        </patch-list>
      </Parameter>
      <Parameter Handle="1201571762" Module="1658542051" Index="14" Name="Pan Slot 7" RangeMinimum="-100" RangeMaximum="100">
        <patch-list>
          <s>0</s>
        </patch-list>
      </Parameter>
      <Parameter Handle="1745986514" Module="1333698045" Index="15" Name="Pan Slot 8" RangeMinimum="-100" RangeMaximum="100">
        <patch-list>
          <s>0</s>
        </patch-list>
      </Parameter>
      <Parameter Handle="497366866" Module="1367329969" Index="16" Name="Tune Slot 1" RangeMinimum="-100" RangeMaximum="100">
        <patch-list>
          <s>0</s>
        </patch-list>
      </Parameter>
      <Parameter Handle="1923800666" Module="668422843" Index="17" Name="Tune Slot 2" RangeMinimum="-100" RangeMaximum="100">
        <patch-list>
          <s>0</s>
        </patch-list>
      </Parameter>
      <Parameter Handle="834321394" Module="204612376" Index="18" Name="Tune Slot 3" RangeMinimum="-100" RangeMaximum="100">
        <patch-list>
          <s>0</s>
        </patch-list>
      </Parameter>
      <Parameter Handle="120628655" Module="1054640196" Index="19" Name="Tune Slot 4" RangeMinimum="-100" RangeMaximum="100">
        <patch-list>
          <s>0</s>
        </patch-list>
      </Parameter>
      <Parameter Handle="1141268868" Module="1325009662" Index="20" Name="Tune Slot 5" RangeMinimum="-100" RangeMaximum="100">
        <patch-list>
          <s>0</s>
        </patch-list>
      </Parameter>
      <Parameter Handle="319977476" Module="991540395" Index="21" Name="Tune Slot 6" RangeMinimum="-100" RangeMaximum="100">
        <patch-list>
          <s>0</s>
        </patch-list>
      </Parameter>
      <Parameter Handle="271412383" Module="770255868" Index="22" Name="Tune Slot 7" RangeMinimum="-100" RangeMaximum="100">
        <patch-list>
          <s>0</s>
        </patch-list>
      </Parameter>
      <Parameter Handle="371807132" Module="1442040256" Index="23" Name="Tune Slot 8" RangeMinimum="-100" RangeMaximum="100">
        <patch-list>
          <s>0</s>
        </patch-list>
      </Parameter>
      <Parameter Handle="680054948" Module="143193618" Index="24" Name="Volume Slot 1" RangeMaximum="100">
        <patch-list>
          <s>100</s>
        </patch-list>
      </Parameter>
      <Parameter Handle="1792322195" Module="1021394251" Index="25" Name="Volume Slot 2" RangeMaximum="100">
        <patch-list>
          <s>100</s>
        </patch-list>
      </Parameter>
      <Parameter Handle="1083682859" Module="740026686" Index="26" Name="Volume Slot 3" RangeMaximum="100">
        <patch-list>
          <s>100</s>
        </patch-list>
      </Parameter>
      <Parameter Handle="425842309" Module="1716708922" Index="27" Name="Volume Slot 4" RangeMaximum="100">
        <patch-list>
          <s>100</s>
        </patch-list>
      </Parameter>
      <Parameter Handle="1094337187" Module="1922800705" Index="28" Name="Volume Slot 5" RangeMaximum="100">
        <patch-list>
          <s>100</s>
        </patch-list>
      </Parameter>
      <Parameter Handle="1391371031" Module="274107235" Index="29" Name="Volume Slot 6" RangeMaximum="100">
        <patch-list>
          <s>100</s>
        </patch-list>
      </Parameter>
      <Parameter Handle="1405228329" Module="1292983661" Index="30" Name="Volume Slot 7" RangeMaximum="100">
        <patch-list>
          <s>100</s>
        </patch-list>
      </Parameter>
      <Parameter Handle="695097681" Module="1673560429" Index="31" Name="Volume Slot 8" RangeMaximum="100">
        <patch-list>
          <s>100</s>
        </patch-list>
      </Parameter>
    </Parameters>
  </PatchManager>
  <ChildControllers />
</Controller>
