<?xml version="1.0" ?>
<Controller>
  <PatchManager>
    <Parameters>
      <Parameter Handle="310676889" HostControl="49" Private="1" Name="" ValueType="10">
        <patch-list>
          <s></s>
        </patch-list>
      </Parameter>
      <Parameter Handle="999495934" Module="1303764461" MIDI="100663296" HostControl="15" ignoreProgramChange="1" Private="1" persistant="0" Name="Bender" RangeMinimum="-1" RangeMaximum="1" />
      <Parameter Handle="1643311187" Module="1303764461" MIDI="50331648" HostControl="42" ignoreProgramChange="1" Private="1" Name="BenderRange" RangeMaximum="127.992">
        <patch-list>
          <s>2</s>
        </patch-list>
      </Parameter>
      <Parameter Handle="1856105896" Module="34294266" ignoreProgramChange="1" Private="1" Name="Brightness">
        <patch-list>
          <s>6.97999</s>
        </patch-list>
      </Parameter>
      <Parameter Handle="25736124" Module="354970847" ModuleParamId="1" Private="1" Name="Degree" ValueType="8" RangeMaximum="11">
        <patch-list>
          <s>0</s>
        </patch-list>
      </Parameter>
      <Parameter Handle="1300616612" Module="1303764461" MIDI="33554496" HostControl="16" ignoreProgramChange="1" Private="1" persistant="0" Name="HoldPedal" />
      <Parameter Handle="1062893638" Module="354970847" ModuleParamId="2" Private="1" Name="Mode" ValueType="8" RangeMaximum="1">
        <patch-list>
          <s>0</s>
        </patch-list>
      </Parameter>
      <Parameter Handle="817793566" Module="1303764461" HostControl="21" ignoreProgramChange="1" Private="1" Name="Polyphony" ValueType="8" RangeMinimum="1" RangeMaximum="128">
        <patch-list>
          <s>1</s>
        </patch-list>
      </Parameter>
      <Parameter Handle="1129408199" Module="1303764461" MIDI="33554437" HostControl="40" ignoreProgramChange="1" Private="1" Name="Portamento">
        <patch-list>
          <s>0</s>
        </patch-list>
      </Parameter>
      <Parameter Handle="380057807" HostControl="4" ignoreProgramChange="1" Private="1" Name="Program Name" ValueType="1">
        <patch-list>
          <s></s>
        </patch-list>
      </Parameter>
      <Parameter Handle="668825232" Module="1303764461" HostControl="22" ignoreProgramChange="1" Private="1" Name="ReserveVoices" ValueType="8" RangeMaximum="128">
        <patch-list>
          <s>0</s>
        </patch-list>
      </Parameter>
      <Parameter Handle="1406989421" Module="354970847" ModuleParamId="3" Private="1" Name="Root" ValueType="8" RangeMaximum="11">
        <patch-list>
          <s>0</s>
        </patch-list>
      </Parameter>
      <Parameter Handle="413893225" isPolyphonic="1" Module="1303764461" VoiceCount="128" MIDI="419430400" HostControl="12" ignoreProgramChange="1" Private="1" persistant="0" Name="Voice/Active" />
      <Parameter Handle="81911112" isPolyphonic="1" Module="1303764461" VoiceCount="128" MIDI="385875968" HostControl="10" ignoreProgramChange="1" Private="1" persistant="0" Name="Voice/Aftertouch" />
      <Parameter Handle="0" isPolyphonic="1" isPolyphonicGate="1" Module="1303764461" VoiceCount="128" MIDI="335544320" HostControl="6" ignoreProgramChange="1" Private="1" persistant="0" Name="Voice/Gate" />
      <Parameter Handle="2085074339" isPolyphonic="1" Module="1303764461" VoiceCount="128" MIDI="318767104" HostControl="7" ignoreProgramChange="1" Private="1" persistant="0" Name="Voice/Pitch" />
      <Parameter Handle="359850273" isPolyphonic="1" Module="1303764461" VoiceCount="128" MIDI="402653184" HostControl="5" ignoreProgramChange="1" Private="1" persistant="0" Name="Voice/Trigger" />
      <Parameter Handle="1484791047" isPolyphonic="1" Module="1303764461" VoiceCount="128" MIDI="369098752" HostControl="9" ignoreProgramChange="1" Private="1" persistant="0" Name="Voice/VelocityKeyOff" />
      <Parameter Handle="866759783" isPolyphonic="1" Module="1303764461" VoiceCount="128" MIDI="352321536" HostControl="8" ignoreProgramChange="1" Private="1" persistant="0" Name="Voice/VelocityKeyOn" />
      <Parameter Handle="1741108521" Module="1303764461" HostControl="14" ignoreProgramChange="1" Private="1" Name="VoiceAllocationMode" ValueType="8" RangeMinimum="1" RangeMaximum="128">
        <patch-list>
          <s>768</s>
        </patch-list>
      </Parameter>
      <Parameter Handle="1448248989" Module="496961749" Index="0" Name="Scale Degree Mode" ValueType="8" MetaData="Major,Minor">
        <patch-list>
          <s>0</s>
        </patch-list>
      </Parameter>
      <Parameter Handle="628990118" Module="324509016" Index="1" Private="1" Name="Color Offset" RangeMaximum="12">
        <patch-list>
          <s>0</s>
        </patch-list>
      </Parameter>
      <Parameter Handle="79542276" Module="1961213744" Index="1" Private="1" Name="CutOff" RangeMinimum="2.8" RangeMaximum="9">
        <patch-list>
          <s>4.4345</s>
        </patch-list>
      </Parameter>
      <Parameter Handle="1299886883" Module="1467732860" Index="1" Name="Scale Degree Root" ValueType="8" MetaData="C,C♯,D,E♭,E,F,F♯,G,A♭,A,B♭,B">
        <patch-list>
          <s>9</s>
        </patch-list>
      </Parameter>
      <Parameter Handle="299051633" Module="1350720572" Index="2" Private="1" Name="Volume">
        <patch-list>
          <s>2.2</s>
        </patch-list>
      </Parameter>
      <Parameter Handle="996017659" Module="1652438937" Index="10" Private="1" Name="Gray/Color mode" ValueType="8">
        <patch-list>
          <s>0</s>
        </patch-list>
      </Parameter>
    </Parameters>
  </PatchManager>
  <ChildControllers />
</Controller>
