<?xml version="1.0" ?>
<Controller>
  <PatchManager>
    <Parameters>
      <Parameter Handle="2008976700" HostControl="49" Private="1" Name="" ValueType="10">
        <patch-list>
          <s></s>
        </patch-list>
      </Parameter>
      <Parameter Handle="423192651" Module="922424419" ignoreProgramChange="1" Private="1" Name="" ValueType="1">
        <patch-list>
          <s>&gt;&gt;&lt;&lt;</s>
        </patch-list>
      </Parameter>
      <Parameter Handle="938968855" Module="1303764461" MIDI="100663296" HostControl="15" ignoreProgramChange="1" Private="1" persistant="0" Name="Bender" RangeMinimum="-1" RangeMaximum="1" />
      <Parameter Handle="1643311187" Module="1303764461" MIDI="50331648" HostControl="42" ignoreProgramChange="1" Private="1" Name="BenderRange" RangeMaximum="127.992">
        <patch-list>
          <s>2</s>
        </patch-list>
      </Parameter>
      <Parameter Handle="1856105896" Module="34294266" ignoreProgramChange="1" Private="1" Name="Brightness">
        <patch-list>
          <s>5.21999</s>
        </patch-list>
      </Parameter>
      <Parameter Handle="1729349215" Module="146712994" ignoreProgramChange="1" Private="1" persistant="0" Name="Color Offset DSP2GUI" RangeMaximum="12" />
      <Parameter Handle="175746123" Module="1303764461" MIDI="33554496" HostControl="16" ignoreProgramChange="1" Private="1" persistant="0" Name="HoldPedal" />
      <Parameter Handle="957800473" Module="307610361" ignoreProgramChange="1" Private="1" persistant="0" Name="IntToIntGui" ValueType="8" />
      <Parameter Handle="817793566" Module="1303764461" HostControl="21" ignoreProgramChange="1" Private="1" Name="Polyphony" ValueType="8" RangeMinimum="1" RangeMaximum="128">
        <patch-list>
          <s>1</s>
        </patch-list>
      </Parameter>
      <Parameter Handle="1129408199" Module="1303764461" MIDI="33554437" HostControl="40" ignoreProgramChange="1" Private="1" Name="Portamento">
        <patch-list>
          <s>0</s>
        </patch-list>
      </Parameter>
      <Parameter Handle="880697683" HostControl="54" ignoreProgramChange="1" Private="1" persistant="0" Name="Presets/ProgramModified" ValueType="4" />
      <Parameter Handle="2019676942" HostControl="4" ignoreProgramChange="1" Private="1" Name="Program Name" ValueType="1">
        <patch-list>
          <s></s>
        </patch-list>
      </Parameter>
      <Parameter Handle="668825232" Module="1303764461" HostControl="22" ignoreProgramChange="1" Private="1" Name="ReserveVoices" ValueType="8" RangeMaximum="128">
        <patch-list>
          <s>0</s>
        </patch-list>
      </Parameter>
      <Parameter Handle="1734920734" isPolyphonic="1" Module="1303764461" VoiceCount="128" MIDI="419430400" HostControl="12" ignoreProgramChange="1" Private="1" persistant="0" Name="Voice/Active" />
      <Parameter Handle="1463115113" isPolyphonic="1" Module="1303764461" VoiceCount="128" MIDI="385875968" HostControl="10" ignoreProgramChange="1" Private="1" persistant="0" Name="Voice/Aftertouch" />
      <Parameter Handle="0" isPolyphonic="1" isPolyphonicGate="1" Module="1303764461" VoiceCount="128" MIDI="335544320" HostControl="6" ignoreProgramChange="1" Private="1" persistant="0" Name="Voice/Gate" />
      <Parameter Handle="1257059291" isPolyphonic="1" Module="1303764461" VoiceCount="128" MIDI="318767104" HostControl="7" ignoreProgramChange="1" Private="1" persistant="0" Name="Voice/Pitch" />
      <Parameter Handle="211106229" isPolyphonic="1" Module="1303764461" VoiceCount="128" MIDI="402653184" HostControl="5" ignoreProgramChange="1" Private="1" persistant="0" Name="Voice/Trigger" />
      <Parameter Handle="498875044" isPolyphonic="1" Module="1303764461" VoiceCount="128" MIDI="369098752" HostControl="9" ignoreProgramChange="1" Private="1" persistant="0" Name="Voice/VelocityKeyOff" />
      <Parameter Handle="187854675" isPolyphonic="1" Module="1303764461" VoiceCount="128" MIDI="352321536" HostControl="8" ignoreProgramChange="1" Private="1" persistant="0" Name="Voice/VelocityKeyOn" />
      <Parameter Handle="1741108521" Module="1303764461" HostControl="14" ignoreProgramChange="1" Private="1" Name="VoiceAllocationMode" ValueType="8" RangeMinimum="1" RangeMaximum="128">
        <patch-list>
          <s>768</s>
        </patch-list>
      </Parameter>
      <Parameter Handle="1242956132" Module="1773142284" ignoreProgramChange="1" Private="1" persistant="0" Name="asc/desc from delta" ValueType="8" />
      <Parameter Handle="1217598516" Module="157201577" Private="1" Name="major,minor" ValueType="8">
        <patch-list>
          <s>1</s>
        </patch-list>
      </Parameter>
      <Parameter Handle="288960725" Module="1856092772" Index="0" Private="1" Name="">
        <patch-list>
          <s>1.66668</s>
        </patch-list>
      </Parameter>
      <Parameter Handle="516869210" Module="1856092772" ModuleParamId="1" Index="1" ignoreProgramChange="1" Private="1" Name="" ValueType="1">
        <patch-list>
          <s>ff00ff00</s>
        </patch-list>
      </Parameter>
      <Parameter Handle="628990118" Module="324509016" Index="1" Private="1" Name="Color Offset" RangeMaximum="12">
        <patch-list>
          <s>0</s>
        </patch-list>
      </Parameter>
      <Parameter Handle="79542276" Module="1961213744" Index="1" Private="1" Name="CutOff" RangeMinimum="3.8" RangeMaximum="8.5">
        <patch-list>
          <s>7.889</s>
        </patch-list>
      </Parameter>
      <Parameter Handle="299051633" Module="1350720572" Index="2" Private="1" Name="Volume">
        <patch-list>
          <s>5</s>
        </patch-list>
      </Parameter>
      <Parameter Handle="105332995" Module="1597746743" Index="5" Private="1" Name="Int To List Signal in" ValueType="8">
        <patch-list>
          <s>4</s>
        </patch-list>
      </Parameter>
      <Parameter Handle="996017659" Module="1652438937" Index="10" Private="1" Name="Gray/Color mode" ValueType="8">
        <patch-list>
          <s>0</s>
        </patch-list>
      </Parameter>
    </Parameters>
  </PatchManager>
  <ChildControllers />
</Controller>
