
{
	"gui" : 
	{
		"connections" : 
		[
			
			{
				"fMod" : 1516614266,
				"fPin" : 8,
				"tMod" : 1591603051,
				"tPin" : 8
			},
			
			{
				"fMod" : 460704616,
				"fPin" : 8,
				"tMod" : 1591603051,
				"tPin" : 7
			},
			
			{
				"fMod" : 1250111940,
				"fPin" : 7,
				"tMod" : 1591603051,
				"tPin" : 9
			},
			
			{
				"fMod" : 1250111940,
				"fPin" : 8,
				"tMod" : 1591603051,
				"tPin" : 10
			},
			
			{
				"fMod" : 987744327,
				"fPin" : 7,
				"tMod" : 1737411318,
				"tPin" : 4
			},
			
			{
				"fMod" : 987744327,
				"fPin" : 8,
				"tMod" : 2081022296,
				"tPin" : 1
			},
			
			{
				"fMod" : 1554671427,
				"fPin" : 7,
				"tMod" : 1336616801,
				"tPin" : 4
			},
			
			{
				"fMod" : 1554671427,
				"fPin" : 8,
				"tMod" : 200401959,
				"tPin" : 1
			},
			
			{
				"fMod" : 785505152,
				"fPin" : 7,
				"tMod" : 2117509740,
				"tPin" : 4
			},
			
			{
				"fMod" : 785505152,
				"fPin" : 8,
				"tMod" : 1144764702,
				"tPin" : 1
			},
			
			{
				"fMod" : 526807937,
				"fPin" : 7,
				"tMod" : 727891277,
				"tPin" : 4
			},
			
			{
				"fMod" : 526807937,
				"fPin" : 8,
				"tMod" : 1534087342,
				"tPin" : 1
			},
			
			{
				"fMod" : 1737411318,
				"fPin" : 1,
				"tMod" : 2081022296
			},
			
			{
				"fMod" : 2117509740,
				"fPin" : 1,
				"tMod" : 1144764702
			},
			
			{
				"fMod" : 727891277,
				"fPin" : 1,
				"tMod" : 1534087342
			},
			
			{
				"fMod" : 1336616801,
				"fPin" : 1,
				"tMod" : 200401959
			}
		],
		"handle" : 971547989,
		"height" : 196,
		"modules" : 
		[
			
			{
				"handle" : 1534087342,
				"pb" : 51,
				"pl" : 20,
				"pr" : 972,
				"pt" : 7,
				"type" : "mxXYText"
			},
			
			{
				"handle" : 1144764702,
				"pb" : 97,
				"pl" : 20,
				"pr" : 972,
				"pt" : 53,
				"type" : "mxXYText"
			},
			
			{
				"handle" : 2081022296,
				"pb" : 194,
				"pl" : 20,
				"pr" : 972,
				"pt" : 150,
				"type" : "mxXYText"
			},
			
			{
				"handle" : 200401959,
				"pb" : 145,
				"pl" : 20,
				"pr" : 972,
				"pt" : 101,
				"type" : "mxXYText"
			},
			
			{
				"Pins" : 
				[
					
					{
						"Id" : 1,
						"default" : "1"
					},
					
					{
						"default" : "1"
					},
					
					{
						"default" : "1"
					}
				],
				"connections" : 
				[
					
					{
						"fMod" : 1687056689,
						"fPin" : 1,
						"tMod" : 1737411318,
						"tPin" : 2
					},
					
					{
						"fMod" : 1687056689,
						"fPin" : 1,
						"tMod" : 1336616801,
						"tPin" : 2
					},
					
					{
						"fMod" : 1687056689,
						"fPin" : 1,
						"tMod" : 2117509740,
						"tPin" : 2
					},
					
					{
						"fMod" : 1687056689,
						"fPin" : 1,
						"tMod" : 727891277,
						"tPin" : 2
					},
					
					{
						"fMod" : 1601086568,
						"fPin" : 7,
						"tMod" : 853454185,
						"tPin" : 9
					},
					
					{
						"fMod" : 1601086568,
						"fPin" : 7,
						"tMod" : 1687056689
					}
				],
				"handle" : 852172760,
				"modules" : 
				[
					
					{
						"handle" : 1687056689,
						"type" : "SE IntToBool GUI"
					},
					
					{
						"Pins" : 
						[
							
							{
								"Id" : 6,
								"default" : "24"
							},
							
							{
								"Id" : 10,
								"default" : "♯, ♭"
							},
							
							{
								"Id" : 14,
								"default" : "100"
							}
						],
						"handle" : 853454185,
						"pb" : 84,
						"pl" : 39,
						"pr" : 77,
						"pt" : 46,
						"type" : "DisplayList"
					},
					
					{
						"handle" : 1601086568,
						"type" : "SE PatchMemory Int"
					},
					
					{
						"handle" : 225750306,
						"pb" : 89,
						"pl" : 35,
						"pr" : 81,
						"pt" : 41,
						"type" : "SE Vector Circle"
					}
				],
				"pb" : 125,
				"pl" : 13,
				"pr" : 59,
				"pt" : 77,
				"type" : "Container"
			},
			
			{
				"Pins" : 
				[
					
					{
						"default" : "C:\\Users\\Max\\Pictures\\ptichka.png"
					},
					
					{
						"default" : "2"
					}
				],
				"handle" : 1778324316,
				"pb" : 68,
				"pl" : 15,
				"pr" : 51,
				"pt" : 37,
				"type" : "SE Plain Image"
			},
			
			{
				"handle" : 1516614266,
				"type" : "SE PatchMemory Float"
			},
			
			{
				"handle" : 460704616,
				"type" : "SE PatchMemory Float"
			},
			
			{
				"Pins" : 
				[
					
					{
						"default" : "Waveform"
					},
					
					{
						"Id" : 6,
						"default" : "11"
					},
					
					{
						"Id" : 14,
						"default" : "100"
					}
				],
				"handle" : 1591603051,
				"pb" : 121,
				"pl" : 986,
				"pr" : 1024,
				"pt" : 83,
				"type" : "DisplayList"
			},
			
			{
				"handle" : 1346974147,
				"pb" : 128,
				"pl" : 981,
				"pr" : 1029,
				"pt" : 76,
				"type" : "SE Vector Circle"
			},
			
			{
				"handle" : 1250111940,
				"type" : "SE PatchMemory List3"
			},
			
			{
				"handle" : 987744327,
				"type" : "SE PatchMemory Int"
			},
			
			{
				"handle" : 1554671427,
				"type" : "SE PatchMemory Int"
			},
			
			{
				"handle" : 785505152,
				"type" : "SE PatchMemory Int"
			},
			
			{
				"handle" : 526807937,
				"type" : "SE PatchMemory Int"
			},
			
			{
				"handle" : 1737411318,
				"type" : "NoteName"
			},
			
			{
				"handle" : 2117509740,
				"type" : "NoteName"
			},
			
			{
				"handle" : 727891277,
				"type" : "NoteName"
			},
			
			{
				"handle" : 1336616801,
				"type" : "NoteName"
			},
			
			{
				"Pins" : 
				[
					
					{
						"Id" : 1,
						"default" : "1"
					},
					
					{
						"default" : "1"
					}
				],
				"connections" : 
				[
					
					{
						"fMod" : 1119693691,
						"fPin" : 8,
						"tMod" : 30986893
					}
				],
				"handle" : 189796015,
				"modules" : 
				[
					
					{
						"handle" : 1119693691,
						"type" : "SE PatchMemory Float"
					},
					
					{
						"Pins" : 
						[
							
							{
								"Id" : 1,
								"default" : "Volume"
							}
						],
						"handle" : 30986893,
						"pb" : 88,
						"pl" : 37,
						"pr" : 79,
						"pt" : 42,
						"type" : "SE Vector Knob2"
					},
					
					{
						"handle" : 1672629031,
						"pb" : 89,
						"pl" : 35,
						"pr" : 81,
						"pt" : 41,
						"type" : "SE Vector Circle"
					}
				],
				"pb" : 177,
				"pl" : 982,
				"pr" : 1028,
				"pt" : 129,
				"type" : "Container"
			},
			
			{
				"Pins" : 
				[
					
					{
						"Id" : 1,
						"default" : "1"
					},
					
					{
						"default" : "1"
					}
				],
				"connections" : 
				[
					
					{
						"fMod" : 1552601382,
						"fPin" : 8,
						"tMod" : 1464965766
					}
				],
				"handle" : 563304058,
				"modules" : 
				[
					
					{
						"handle" : 1552601382,
						"type" : "SE PatchMemory Float"
					},
					
					{
						"Pins" : 
						[
							
							{
								"Id" : 1,
								"default" : "CutOff"
							}
						],
						"handle" : 1464965766,
						"pb" : 88,
						"pl" : 37,
						"pr" : 79,
						"pt" : 42,
						"type" : "SE Vector Knob2"
					},
					
					{
						"handle" : 927544586,
						"pb" : 89,
						"pl" : 35,
						"pr" : 81,
						"pt" : 41,
						"type" : "SE Vector Circle"
					}
				],
				"pb" : 75,
				"pl" : 981,
				"pr" : 1027,
				"pt" : 27,
				"type" : "Container"
			},
			
			{
				"Pins" : 
				[
					
					{
						"Id" : 1,
						"default" : "0"
					},
					
					{
						"default" : "1"
					}
				],
				"connections" : [],
				"handle" : 1164927985,
				"modules" : 
				[
					
					{
						"handle" : 881284478,
						"pb" : 117,
						"pl" : 807,
						"pr" : 831,
						"pt" : 93,
						"type" : "SE Vector Circle"
					},
					
					{
						"handle" : 979474115,
						"pb" : 117,
						"pl" : 711,
						"pr" : 735,
						"pt" : 93,
						"type" : "SE Vector Circle"
					},
					
					{
						"handle" : 1195032813,
						"pb" : 117,
						"pl" : 615,
						"pr" : 639,
						"pt" : 93,
						"type" : "SE Vector Circle"
					},
					
					{
						"handle" : 700534258,
						"pb" : 165,
						"pl" : 471,
						"pr" : 495,
						"pt" : 141,
						"type" : "SE Vector Circle"
					},
					
					{
						"handle" : 2142249188,
						"pb" : 69,
						"pl" : 471,
						"pr" : 495,
						"pt" : 45,
						"type" : "SE Vector Circle"
					},
					
					{
						"handle" : 916717035,
						"pb" : 117,
						"pl" : 327,
						"pr" : 351,
						"pt" : 93,
						"type" : "SE Vector Circle"
					},
					
					{
						"handle" : 268668675,
						"pb" : 117,
						"pl" : 231,
						"pr" : 255,
						"pt" : 93,
						"type" : "SE Vector Circle"
					},
					
					{
						"handle" : 832087439,
						"pb" : 117,
						"pl" : 135,
						"pr" : 159,
						"pt" : 93,
						"type" : "SE Vector Circle"
					},
					
					{
						"handle" : 236774591,
						"pb" : 117,
						"pl" : 38,
						"pr" : 62,
						"pt" : 93,
						"type" : "SE Vector Circle"
					}
				],
				"pb" : 161,
				"pl" : 171,
				"pr" : 964,
				"pt" : 41,
				"type" : "Container"
			},
			
			{
				"handle" : 606943659,
				"pb" : 31,
				"pl" : 63,
				"pr" : 978,
				"pt" : 29,
				"type" : "SE Rectangle XP"
			},
			
			{
				"handle" : 1805451215,
				"pb" : 79,
				"pl" : 63,
				"pr" : 978,
				"pt" : 75,
				"type" : "SE Rectangle XP"
			},
			
			{
				"handle" : 1754236711,
				"pb" : 128,
				"pl" : 63,
				"pr" : 978,
				"pt" : 123,
				"type" : "SE Rectangle XP"
			},
			
			{
				"handle" : 1332591824,
				"pb" : 177,
				"pl" : 63,
				"pr" : 978,
				"pt" : 171,
				"type" : "SE Rectangle XP"
			},
			
			{
				"handle" : 1274979810,
				"pb" : 193,
				"pl" : 975,
				"pr" : 978,
				"pt" : 9,
				"type" : "SE Rectangle XP"
			},
			
			{
				"handle" : 1964052784,
				"pb" : 193,
				"pl" : 927,
				"pr" : 930,
				"pt" : 9,
				"type" : "SE Rectangle XP"
			},
			
			{
				"handle" : 1831372355,
				"pb" : 193,
				"pl" : 879,
				"pr" : 882,
				"pt" : 9,
				"type" : "SE Rectangle XP"
			},
			
			{
				"handle" : 1010619450,
				"pb" : 193,
				"pl" : 831,
				"pr" : 834,
				"pt" : 9,
				"type" : "SE Rectangle XP"
			},
			
			{
				"handle" : 778768410,
				"pb" : 193,
				"pl" : 783,
				"pr" : 786,
				"pt" : 9,
				"type" : "SE Rectangle XP"
			},
			
			{
				"handle" : 228678375,
				"pb" : 193,
				"pl" : 735,
				"pr" : 738,
				"pt" : 9,
				"type" : "SE Rectangle XP"
			},
			
			{
				"handle" : 467894045,
				"pb" : 193,
				"pl" : 687,
				"pr" : 690,
				"pt" : 9,
				"type" : "SE Rectangle XP"
			},
			
			{
				"handle" : 627930696,
				"pb" : 193,
				"pl" : 639,
				"pr" : 642,
				"pt" : 9,
				"type" : "SE Rectangle XP"
			},
			
			{
				"handle" : 1258432858,
				"pb" : 193,
				"pl" : 591,
				"pr" : 594,
				"pt" : 9,
				"type" : "SE Rectangle XP"
			},
			
			{
				"handle" : 2090049476,
				"pb" : 193,
				"pl" : 543,
				"pr" : 546,
				"pt" : 9,
				"type" : "SE Rectangle XP"
			},
			
			{
				"handle" : 2144003583,
				"pb" : 193,
				"pl" : 495,
				"pr" : 498,
				"pt" : 9,
				"type" : "SE Rectangle XP"
			},
			
			{
				"handle" : 1665038769,
				"pb" : 193,
				"pl" : 447,
				"pr" : 450,
				"pt" : 9,
				"type" : "SE Rectangle XP"
			},
			
			{
				"handle" : 1678133881,
				"pb" : 193,
				"pl" : 399,
				"pr" : 402,
				"pt" : 9,
				"type" : "SE Rectangle XP"
			},
			
			{
				"handle" : 2117404911,
				"pb" : 193,
				"pl" : 351,
				"pr" : 354,
				"pt" : 9,
				"type" : "SE Rectangle XP"
			},
			
			{
				"handle" : 1915763563,
				"pb" : 193,
				"pl" : 303,
				"pr" : 306,
				"pt" : 9,
				"type" : "SE Rectangle XP"
			},
			
			{
				"handle" : 882142459,
				"pb" : 193,
				"pl" : 255,
				"pr" : 258,
				"pt" : 9,
				"type" : "SE Rectangle XP"
			},
			
			{
				"handle" : 288510027,
				"pb" : 193,
				"pl" : 207,
				"pr" : 210,
				"pt" : 9,
				"type" : "SE Rectangle XP"
			},
			
			{
				"handle" : 236062522,
				"pb" : 193,
				"pl" : 159,
				"pr" : 162,
				"pt" : 9,
				"type" : "SE Rectangle XP"
			},
			
			{
				"handle" : 2044275484,
				"pb" : 193,
				"pl" : 111,
				"pr" : 114,
				"pt" : 9,
				"type" : "SE Rectangle XP"
			},
			
			{
				"handle" : 1300898320,
				"pb" : 193,
				"pl" : 63,
				"pr" : 66,
				"pt" : 9,
				"type" : "SE Rectangle XP"
			},
			
			{
				"Pins" : 
				[
					
					{
						"Id" : 5,
						"default" : "33"
					},
					
					{
						"Id" : 11,
						"default" : "FF000000"
					}
				],
				"handle" : 1886432263,
				"pb" : 193,
				"pl" : 8,
				"pr" : 1033,
				"pt" : 9,
				"type" : "My RectangleX"
			},
			
			{
				"Pins" : 
				[
					
					{
						"Id" : 1,
						"default" : "1"
					},
					
					{
						"default" : "1"
					},
					
					{
						"default" : "1"
					}
				],
				"connections" : 
				[
					
					{
						"fMod" : 1928287499,
						"fPin" : 2,
						"tMod" : 927544586
					},
					
					{
						"fMod" : 1928287499,
						"fPin" : 2,
						"tMod" : 606943659,
						"tPin" : 6
					},
					
					{
						"fMod" : 1928287499,
						"fPin" : 2,
						"tMod" : 1805451215,
						"tPin" : 6
					},
					
					{
						"fMod" : 1928287499,
						"fPin" : 2,
						"tMod" : 1754236711,
						"tPin" : 6
					},
					
					{
						"fMod" : 1928287499,
						"fPin" : 2,
						"tMod" : 1332591824,
						"tPin" : 5
					},
					
					{
						"fMod" : 1928287499,
						"fPin" : 2,
						"tMod" : 1332591824,
						"tPin" : 6
					},
					
					{
						"fMod" : 1928287499,
						"fPin" : 2,
						"tMod" : 1754236711,
						"tPin" : 5
					},
					
					{
						"fMod" : 1928287499,
						"fPin" : 2,
						"tMod" : 1805451215,
						"tPin" : 5
					},
					
					{
						"fMod" : 1928287499,
						"fPin" : 2,
						"tMod" : 606943659,
						"tPin" : 5
					},
					
					{
						"fMod" : 1928287499,
						"fPin" : 2,
						"tMod" : 1672629031
					},
					
					{
						"fMod" : 1928287499,
						"fPin" : 2,
						"tMod" : 881284478
					},
					
					{
						"fMod" : 1928287499,
						"fPin" : 2,
						"tMod" : 979474115
					},
					
					{
						"fMod" : 1928287499,
						"fPin" : 2,
						"tMod" : 1195032813
					},
					
					{
						"fMod" : 1928287499,
						"fPin" : 2,
						"tMod" : 2142249188
					},
					
					{
						"fMod" : 1928287499,
						"fPin" : 2,
						"tMod" : 700534258
					},
					
					{
						"fMod" : 1928287499,
						"fPin" : 2,
						"tMod" : 916717035
					},
					
					{
						"fMod" : 1928287499,
						"fPin" : 2,
						"tMod" : 268668675
					},
					
					{
						"fMod" : 1928287499,
						"fPin" : 2,
						"tMod" : 832087439
					},
					
					{
						"fMod" : 1928287499,
						"fPin" : 2,
						"tMod" : 236774591
					},
					
					{
						"fMod" : 1928287499,
						"fPin" : 2,
						"tMod" : 1346974147
					},
					
					{
						"fMod" : 1928287499,
						"fPin" : 2,
						"tMod" : 225750306
					}
				],
				"handle" : 1075761960,
				"modules" : 
				[
					
					{
						"Pins" : 
						[
							
							{
								"Id" : 1,
								"default" : "ffffe500"
							}
						],
						"handle" : 1928287499,
						"type" : "SE ListToText"
					}
				],
				"pb" : 107,
				"pl" : 178,
				"pr" : 188,
				"pt" : 97,
				"type" : "Container"
			},
			
			{
				"Pins" : 
				[
					
					{
						"Id" : 1,
						"default" : "1"
					},
					
					{
						"default" : "1"
					}
				],
				"connections" : 
				[
					
					{
						"fMod" : 460352130,
						"fPin" : 2,
						"tMod" : 1886432263,
						"tPin" : 10
					},
					
					{
						"fMod" : 460352130,
						"fPin" : 2,
						"tMod" : 1464965766,
						"tPin" : 5
					},
					
					{
						"fMod" : 460352130,
						"fPin" : 2,
						"tMod" : 30986893,
						"tPin" : 5
					},
					
					{
						"fMod" : 460352130,
						"fPin" : 2,
						"tMod" : 1591603051,
						"tPin" : 2
					},
					
					{
						"fMod" : 460352130,
						"fPin" : 2,
						"tMod" : 853454185,
						"tPin" : 2
					},
					
					{
						"fMod" : 1644371721,
						"fPin" : 2,
						"tMod" : 460352130
					},
					
					{
						"fMod" : 176783977,
						"fPin" : 2,
						"tMod" : 1644371721
					},
					
					{
						"fMod" : 842168693,
						"fPin" : 2,
						"tMod" : 176783977
					},
					
					{
						"fMod" : 381444007,
						"fPin" : 6,
						"tMod" : 842168693
					},
					
					{
						"fMod" : 1371509202,
						"fPin" : 6,
						"tMod" : 2101305552
					},
					
					{
						"fMod" : 565120576,
						"fPin" : 6,
						"tMod" : 774358397
					},
					
					{
						"fMod" : 1042322709,
						"fPin" : 6,
						"tMod" : 1606237792
					},
					
					{
						"fMod" : 2101305552,
						"fPin" : 2,
						"tMod" : 460352130,
						"tPin" : 1
					},
					
					{
						"fMod" : 2101305552,
						"fPin" : 2,
						"tMod" : 25201841,
						"tPin" : 1
					},
					
					{
						"fMod" : 774358397,
						"fPin" : 2,
						"tMod" : 1644371721,
						"tPin" : 1
					},
					
					{
						"fMod" : 774358397,
						"fPin" : 2,
						"tMod" : 1954866344,
						"tPin" : 1
					},
					
					{
						"fMod" : 1954866344,
						"fPin" : 2,
						"tMod" : 25201841
					},
					
					{
						"fMod" : 1606237792,
						"fPin" : 2,
						"tMod" : 1954866344
					},
					
					{
						"fMod" : 891569695,
						"fPin" : 6,
						"tMod" : 442852723
					},
					
					{
						"fMod" : 442852723,
						"fPin" : 2,
						"tMod" : 176783977,
						"tPin" : 1
					},
					
					{
						"fMod" : 442852723,
						"fPin" : 2,
						"tMod" : 1606237792,
						"tPin" : 1
					}
				],
				"handle" : 529812473,
				"modules" : 
				[
					
					{
						"handle" : 460352130,
						"type" : "SE Concat"
					},
					
					{
						"handle" : 1644371721,
						"type" : "SE Concat"
					},
					
					{
						"handle" : 176783977,
						"type" : "SE Concat"
					},
					
					{
						"Pins" : 
						[
							
							{
								"Id" : 1,
								"default" : "00,01,02,03,04,05,06,07,08,09,0a,0b,0c,0d,0e,0f,10,11,12,13,14,15,16,17,18,19,1a,1b,1c,1d,1e,1f,20,21,22,23,24,25,26,27,28,29,2a,2b,2c,2d,2e,2f,30,31,32,33,34,35,36,37,38,39,3a,3b,3c,3d,3e,3f,40,41,42,43,44,45,46,47,48,49,4a,4b,4c,4d,4e,4f,50,51,52,53,54,55,56,57,58,59,5a,5b,5c,5d,5e,5f,60,61,62,63,64,65,66,67,68,69,6a,6b,6c,6d,6e,6f,70,71,72,73,74,75,76,77,78,79,7a,7b,7c,7d,7e,7f,80,81,82,83,84,85,86,87,88,89,8a,8b,8c,8d,8e,8f,90,91,92,93,94,95,96,97,98,99,9a,9b,9c,9d,9e,9f,a0,a1,a2,a3,a4,a5,a6,a7,a8,a9,aa,ab,ac,ad,ae,af,b0,b1,b2,b3,b4,b5,b6,b7,b8,b9,ba,bb,bc,bd,be,bf,c0,c1,c2,c3,c4,c5,c6,c7,c8,c9,ca,cb,cc,cd,ce,cf,d0,d1,d2,d3,d4,d5,d6,d7,d8,d9,da,db,dc,dd,de,df,e0,e1,e2,e3,e4,e5,e6,e7,e8,e9,ea,eb,ec,ed,ee,ef,f0,f1,f2,f3,f4,f5,f6,f7,f8,f9,fa,fb,fc,fd,fe,ff"
							}
						],
						"handle" : 842168693,
						"type" : "SE ListToText"
					},
					
					{
						"handle" : 381444007,
						"type" : "SE PatchMemory Int Out"
					},
					
					{
						"handle" : 1371509202,
						"type" : "SE PatchMemory Int Out"
					},
					
					{
						"handle" : 565120576,
						"type" : "SE PatchMemory Int Out"
					},
					
					{
						"handle" : 1042322709,
						"type" : "SE PatchMemory Text Out"
					},
					
					{
						"handle" : 25201841,
						"type" : "SE Concat"
					},
					
					{
						"Pins" : 
						[
							
							{
								"Id" : 1,
								"default" : "00,01,02,03,04,05,06,07,08,09,0a,0b,0c,0d,0e,0f,10,11,12,13,14,15,16,17,18,19,1a,1b,1c,1d,1e,1f,20,21,22,23,24,25,26,27,28,29,2a,2b,2c,2d,2e,2f,30,31,32,33,34,35,36,37,38,39,3a,3b,3c,3d,3e,3f,40,41,42,43,44,45,46,47,48,49,4a,4b,4c,4d,4e,4f,50,51,52,53,54,55,56,57,58,59,5a,5b,5c,5d,5e,5f,60,61,62,63,64,65,66,67,68,69,6a,6b,6c,6d,6e,6f,70,71,72,73,74,75,76,77,78,79,7a,7b,7c,7d,7e,7f,80,81,82,83,84,85,86,87,88,89,8a,8b,8c,8d,8e,8f,90,91,92,93,94,95,96,97,98,99,9a,9b,9c,9d,9e,9f,a0,a1,a2,a3,a4,a5,a6,a7,a8,a9,aa,ab,ac,ad,ae,af,b0,b1,b2,b3,b4,b5,b6,b7,b8,b9,ba,bb,bc,bd,be,bf,c0,c1,c2,c3,c4,c5,c6,c7,c8,c9,ca,cb,cc,cd,ce,cf,d0,d1,d2,d3,d4,d5,d6,d7,d8,d9,da,db,dc,dd,de,df,e0,e1,e2,e3,e4,e5,e6,e7,e8,e9,ea,eb,ec,ed,ee,ef,f0,f1,f2,f3,f4,f5,f6,f7,f8,f9,fa,fb,fc,fd,fe,ff"
							}
						],
						"handle" : 2101305552,
						"type" : "SE ListToText"
					},
					
					{
						"Pins" : 
						[
							
							{
								"Id" : 1,
								"default" : "00,01,02,03,04,05,06,07,08,09,0a,0b,0c,0d,0e,0f,10,11,12,13,14,15,16,17,18,19,1a,1b,1c,1d,1e,1f,20,21,22,23,24,25,26,27,28,29,2a,2b,2c,2d,2e,2f,30,31,32,33,34,35,36,37,38,39,3a,3b,3c,3d,3e,3f,40,41,42,43,44,45,46,47,48,49,4a,4b,4c,4d,4e,4f,50,51,52,53,54,55,56,57,58,59,5a,5b,5c,5d,5e,5f,60,61,62,63,64,65,66,67,68,69,6a,6b,6c,6d,6e,6f,70,71,72,73,74,75,76,77,78,79,7a,7b,7c,7d,7e,7f,80,81,82,83,84,85,86,87,88,89,8a,8b,8c,8d,8e,8f,90,91,92,93,94,95,96,97,98,99,9a,9b,9c,9d,9e,9f,a0,a1,a2,a3,a4,a5,a6,a7,a8,a9,aa,ab,ac,ad,ae,af,b0,b1,b2,b3,b4,b5,b6,b7,b8,b9,ba,bb,bc,bd,be,bf,c0,c1,c2,c3,c4,c5,c6,c7,c8,c9,ca,cb,cc,cd,ce,cf,d0,d1,d2,d3,d4,d5,d6,d7,d8,d9,da,db,dc,dd,de,df,e0,e1,e2,e3,e4,e5,e6,e7,e8,e9,ea,eb,ec,ed,ee,ef,f0,f1,f2,f3,f4,f5,f6,f7,f8,f9,fa,fb,fc,fd,fe,ff"
							}
						],
						"handle" : 774358397,
						"type" : "SE ListToText"
					},
					
					{
						"handle" : 1954866344,
						"type" : "SE Concat"
					},
					
					{
						"handle" : 1606237792,
						"type" : "SE Concat"
					},
					
					{
						"handle" : 891569695,
						"type" : "SE PatchMemory Int Out"
					},
					
					{
						"Pins" : 
						[
							
							{
								"Id" : 1,
								"default" : "00,01,02,03,04,05,06,07,08,09,0a,0b,0c,0d,0e,0f,10,11,12,13,14,15,16,17,18,19,1a,1b,1c,1d,1e,1f,20,21,22,23,24,25,26,27,28,29,2a,2b,2c,2d,2e,2f,30,31,32,33,34,35,36,37,38,39,3a,3b,3c,3d,3e,3f,40,41,42,43,44,45,46,47,48,49,4a,4b,4c,4d,4e,4f,50,51,52,53,54,55,56,57,58,59,5a,5b,5c,5d,5e,5f,60,61,62,63,64,65,66,67,68,69,6a,6b,6c,6d,6e,6f,70,71,72,73,74,75,76,77,78,79,7a,7b,7c,7d,7e,7f,80,81,82,83,84,85,86,87,88,89,8a,8b,8c,8d,8e,8f,90,91,92,93,94,95,96,97,98,99,9a,9b,9c,9d,9e,9f,a0,a1,a2,a3,a4,a5,a6,a7,a8,a9,aa,ab,ac,ad,ae,af,b0,b1,b2,b3,b4,b5,b6,b7,b8,b9,ba,bb,bc,bd,be,bf,c0,c1,c2,c3,c4,c5,c6,c7,c8,c9,ca,cb,cc,cd,ce,cf,d0,d1,d2,d3,d4,d5,d6,d7,d8,d9,da,db,dc,dd,de,df,e0,e1,e2,e3,e4,e5,e6,e7,e8,e9,ea,eb,ec,ed,ee,ef,f0,f1,f2,f3,f4,f5,f6,f7,f8,f9,fa,fb,fc,fd,fe,ff"
							}
						],
						"handle" : 442852723,
						"type" : "SE ListToText"
					}
				],
				"pb" : 108,
				"pl" : 275,
				"pr" : 285,
				"pt" : 98,
				"type" : "Container"
			},
			
			{
				"Pins" : 
				[
					
					{
						"Id" : 1,
						"default" : "1"
					},
					
					{
						"default" : "1"
					},
					
					{
						"default" : "1"
					}
				],
				"connections" : 
				[
					
					{
						"fMod" : 1247882638,
						"fPin" : 2,
						"tMod" : 1274979810,
						"tPin" : 5
					},
					
					{
						"fMod" : 1247882638,
						"fPin" : 2,
						"tMod" : 1964052784,
						"tPin" : 5
					},
					
					{
						"fMod" : 1247882638,
						"fPin" : 2,
						"tMod" : 1831372355,
						"tPin" : 5
					},
					
					{
						"fMod" : 1247882638,
						"fPin" : 2,
						"tMod" : 1010619450,
						"tPin" : 5
					},
					
					{
						"fMod" : 1247882638,
						"fPin" : 2,
						"tMod" : 778768410,
						"tPin" : 5
					},
					
					{
						"fMod" : 1247882638,
						"fPin" : 2,
						"tMod" : 228678375,
						"tPin" : 5
					},
					
					{
						"fMod" : 1247882638,
						"fPin" : 2,
						"tMod" : 467894045,
						"tPin" : 5
					},
					
					{
						"fMod" : 1247882638,
						"fPin" : 2,
						"tMod" : 627930696,
						"tPin" : 5
					},
					
					{
						"fMod" : 1247882638,
						"fPin" : 2,
						"tMod" : 1258432858,
						"tPin" : 5
					},
					
					{
						"fMod" : 1247882638,
						"fPin" : 2,
						"tMod" : 2090049476,
						"tPin" : 5
					},
					
					{
						"fMod" : 1247882638,
						"fPin" : 2,
						"tMod" : 2144003583,
						"tPin" : 5
					},
					
					{
						"fMod" : 1247882638,
						"fPin" : 2,
						"tMod" : 1665038769,
						"tPin" : 5
					},
					
					{
						"fMod" : 1247882638,
						"fPin" : 2,
						"tMod" : 1678133881,
						"tPin" : 5
					},
					
					{
						"fMod" : 1247882638,
						"fPin" : 2,
						"tMod" : 2117404911,
						"tPin" : 5
					},
					
					{
						"fMod" : 1247882638,
						"fPin" : 2,
						"tMod" : 1915763563,
						"tPin" : 5
					},
					
					{
						"fMod" : 1247882638,
						"fPin" : 2,
						"tMod" : 882142459,
						"tPin" : 5
					},
					
					{
						"fMod" : 1247882638,
						"fPin" : 2,
						"tMod" : 288510027,
						"tPin" : 5
					},
					
					{
						"fMod" : 1247882638,
						"fPin" : 2,
						"tMod" : 236062522,
						"tPin" : 5
					},
					
					{
						"fMod" : 1247882638,
						"fPin" : 2,
						"tMod" : 2044275484,
						"tPin" : 5
					},
					
					{
						"fMod" : 1247882638,
						"fPin" : 2,
						"tMod" : 1300898320,
						"tPin" : 5
					}
				],
				"handle" : 496762277,
				"modules" : 
				[
					
					{
						"Pins" : 
						[
							
							{
								"Id" : 1,
								"default" : "78ffffff"
							}
						],
						"handle" : 1247882638,
						"type" : "SE ListToText"
					}
				],
				"pb" : 108,
				"pl" : 371,
				"pr" : 381,
				"pt" : 98,
				"type" : "Container"
			},
			
			{
				"Pins" : 
				[
					
					{
						"Id" : 0,
						"default" : "background"
					},
					
					{
						"Id" : 1,
						"default" : "1"
					}
				],
				"handle" : 620353788,
				"ignoremouse" : "true",
				"pb" : 196,
				"pl" : 0,
				"pr" : 1040,
				"pt" : 0,
				"type" : "SE Plain Image"
			}
		],
		"skin" : "resized",
		"vst_about_text" : "© 2024 mxBoard by Max Brezhestovski\n\nhttps://github.com/maxbreges\n\n\n\nwww.synthedit.com\n\n© SynthEdit by Jeff McClintock\n\n\n\nVST Technology by Steinberg\n\n\n\nThanks for helping with C++ coding to Davidson, Sasha Radojevic, Jeff McClintock",
		"vst_nag_user" : false,
		"width" : 1040
	}
}
