<?xml version="1.0" encoding="UTF-8"?>
<Document>
    <PluginList>
        <Plugin id="Button" name="Button" imbeddedFilename="Button.sem">
            <GUI graphicsApi="GmpiGui">
                <Pin name="Bool Out" datatype="bool"/>
                <Pin name="Ctrl+click" datatype="bool" direction="out"/>
                <Pin name="mOver" datatype="bool" direction="out"/>
                <Pin name="Mouse Response" datatype="enum" isMinimised="true" metadata="Clicked, Stepped, Off"/>
                <Pin name="Corner Radius" datatype="int" default="5" private="true" isMinimised="true"/>
                <Pin name="Color" datatype="string" default="ff00aa00"/>
                <Pin name="Color Bottom" datatype="string" default="ff000000" isMinimised="true"/>
                <Pin name="ColorOut" datatype="string" direction="out" private="true"/>
                <Pin name="Gradient Stop" datatype="float" default="0.5" private="true"/>
                <Pin name="Color Glow" datatype="string" private="true"/>
                <Pin name="Brightness" datatype="float" default="1"/>
                <Pin name="GradientX" datatype="float" default="0.5" private="true" isMinimised="true"/>
                <Pin name="GradientY" datatype="float" default="0.5" private="true" isMinimised="true"/>
                <Pin name="Linear/Radial" datatype="bool" isMinimised="true"/>
                <Pin name="Display Text" datatype="bool" default="1" isMinimised="true"/>
                <Pin name="Text" datatype="string" default="Hint"/>
                <Pin name="Text" datatype="string" direction="out"/>
                <Pin name="Text Color" datatype="string" default="ffffffff" isMinimised="true"/>
                <Pin name="Font Size" datatype="int" default="16" isMinimised="true"/>
                <Pin name="Font" datatype="string" default="Times New Roman" isMinimised="true"/>
                <Pin name="Align" datatype="enum" isMinimised="true" metadata="Center, Top, Bottom"/>
                <Pin name="Align Top/Bottom" datatype="float" default="4" isMinimised="true"/>
                <Pin name="Opacity" datatype="float" default="1"/>
                <Pin name="Bool In" datatype="bool" direction="out"/>
                <Pin name="Mouse Y Pos" datatype="float"/>
                <Pin name="Hint" datatype="string" default="Hint" isMinimised="true"/>
                <Pin name="Ctrl+clk latch" datatype="bool" direction="out"/>
                <Pin name="mOver" datatype="bool"/>
                <Pin name="mDown" datatype="bool"/>
            </GUI>
        </Plugin>
        <Plugin id="DisplayList" name="Display List" imbeddedFilename="DisplayList.sem">
            <GUI graphicsApi="GmpiGui">
                <Pin name="Hint" datatype="string" isMinimised="true"/>
                <Pin name="BgColor" datatype="string" default="FF000000" private="true"/>
                <Pin name="Color" datatype="string" default="FF666666" isMinimised="true"/>
                <Pin name="Text" datatype="string" direction="out" private="true"/>
                <Pin name="Text Color" datatype="string" default="ffffffff" isMinimised="true"/>
                <Pin name="Text Font" datatype="string" default="Times New Roman" isMinimised="true"/>
                <Pin name="Font Size" datatype="int" default="16" isMinimised="true"/>
                <Pin name="AnimPos+Shift" datatype="float" private="true"/>
                <Pin name="AnimPos+Ctrl" datatype="float" private="true"/>
                <Pin name="Choice" datatype="int"/>
                <Pin name="List Items" datatype="string"/>
                <Pin name="List Size" datatype="int" private="true"/>
                <Pin name="PopUp open" datatype="bool" direction="out"/>
                <Pin name="Shift+Drag" datatype="bool" private="true"/>
                <Pin name="Corner Radius" datatype="int" default="5" isMinimised="true"/>
                <Pin name="Selection" datatype="string"/>
            </GUI>
        </Plugin>
        <Plugin id="DoubleClick" name="Double Click" imbeddedFilename="DoubleClick.sem">
            <GUI>
                <Pin name="Mouse Down" datatype="bool" direction="out"/>
                <Pin name="Time ms" datatype="int" default="250"/>
                <Pin name="Countdown Out" datatype="int" direction="out" private="true"/>
                <Pin name="Click Count" datatype="int" direction="out" isMinimised="true"/>
                <Pin name="AnimPos" datatype="float"/>
                <Pin name="Reset Value" datatype="float" default="0.5"/>
            </GUI>
        </Plugin>
        <Plugin id="FileDialog" name="File Dialog" imbeddedFilename="FileDialog.sem">
            <Parameters>
                <Parameter id="0" datatype="string" name=""/>
            </Parameters>
            <GUI>
                <Pin name="File Name" datatype="string"/>
                <Pin name="File Extension" datatype="string" default="wav"/>
                <Pin name="Choice" datatype="int"/>
                <Pin name="Items List" datatype="string"/>
                <Pin name="Trigger" datatype="bool" direction="out"/>
                <Pin name="Save Mode" datatype="bool"/>
                <Pin name="Directory" datatype="string"/>
                <Pin name="Debug" datatype="string" direction="out" private="true"/>
                <Pin name="ParentPath" datatype="string" private="true" parameterId="0"/>
                <Pin name="Opened" datatype="bool" direction="out"/>
            </GUI>
        </Plugin>
        <Plugin id="GUIBoolGateVolts" name="GUIBoolGate (Volts)" imbeddedFilename="GUIBoolGateVolts.sem">
            <Parameters>
                <Parameter id="0" datatype="bool" name="From GUI to DSP" private="true" ignorePatchChange="true"/>
            </Parameters>
            <Audio>
                <Pin name="FromGUI" datatype="bool" private="true" parameterId="0"/>
                <Pin name="Signal In" datatype="float" rate="audio"/>
                <Pin name="Signal Out" datatype="float" rate="audio" direction="out"/>
            </Audio>
            <GUI>
                <Pin name="To DSP" datatype="bool" private="true" parameterId="0"/>
                <Pin name="Bool" datatype="bool"/>
                <Pin name="Bool" datatype="bool" direction="out"/>
            </GUI>
        </Plugin>
        <Plugin id="Image3" name="Image2" imbeddedFilename="SubControlsXp.sem">
            <GUI graphicsApi="GmpiGui">
                <Pin name="Animation Position" datatype="float"/>
                <Pin name="Filename" datatype="string" default="knob_sm" isFilename="true" metadata="bmp"/>
                <Pin name="Hint" datatype="string"/>
                <Pin name="Menu Items" datatype="string"/>
                <Pin name="Menu Selection" datatype="int"/>
                <Pin name="Mouse Down" datatype="bool" direction="out" private="true"/>
                <Pin name="Mouse Down" datatype="bool"/>
                <Pin name="Frame Count" datatype="int" private="true"/>
                <Pin name="Frame Count" datatype="int" direction="out"/>
                <Pin name="Mouse Response" datatype="enum" default="-1" isMinimised="true" metadata="off=-2, auto=-1, vertical=0, horizontal=1, clicks=2, rotary=3, step=4"/>
            </GUI>
        </Plugin>
        <Plugin id="ImageX" name="ImageX" imbeddedFilename="ImageX.sem">
            <GUI graphicsApi="GmpiGui">
                <Pin name="Animation Position" datatype="float"/>
                <Pin name="Filename" datatype="string" default="knob_sm" isFilename="true" metadata="bmp"/>
                <Pin name="Hint" datatype="string"/>
                <Pin name="Menu Items" datatype="string"/>
                <Pin name="Menu Selection" datatype="int"/>
                <Pin name="Mouse Down" datatype="bool" direction="out" private="true"/>
                <Pin name="Mouse Down" datatype="bool"/>
                <Pin name="Frame Count" datatype="int" private="true"/>
                <Pin name="Frame Count" datatype="int" direction="out"/>
                <Pin name="Mouse Response" datatype="enum" default="-1" isMinimised="true" metadata="off=-2, auto=-1, vertical=0, horizontal=1, clicks=2, rotary=3, step=4"/>
                <Pin name="Mouse Over" datatype="bool" direction="out"/>
                <Pin name="Hint Out" datatype="string" direction="out"/>
                <Pin name="Ctrl+clk" datatype="bool" direction="out"/>
            </GUI>
        </Plugin>
        <Plugin id="JoystickImage" name="Joystick Image" imbeddedFilename="JoystickImage.sem">
            <GUI graphicsApi="GmpiGui">
                <Pin name="Animation Position" datatype="float"/>
                <Pin name="Filename" datatype="string" default="joystick_knob" isFilename="true" metadata="bmp"/>
                <Pin name="Hint" datatype="string"/>
                <Pin name="Menu Items" datatype="string"/>
                <Pin name="Menu Selection" datatype="int"/>
                <Pin name="Mouse Down" datatype="bool" direction="out" private="true"/>
                <Pin name="Mouse Down" datatype="bool"/>
                <Pin name="Mouse Down" datatype="bool"/>
                <Pin name="Frame Count" datatype="int" private="true"/>
                <Pin name="Frame Count" datatype="int" direction="out"/>
                <Pin name="Position X" datatype="float"/>
                <Pin name="Position Y" datatype="float"/>
                <Pin name="Jump to Mouse" datatype="bool"/>
                <Pin name="Ctrl-Clk Reset Value" datatype="float" default="0.5"/>
                <Pin name="Mouse Over" datatype="bool" direction="out"/>
                <Pin name="Hint Out" datatype="string" direction="out"/>
            </GUI>
        </Plugin>
        <Plugin id="MidiLearnX" name="Midi LearnX" imbeddedFilename="MidiLearnX.sem">
            <Parameters>
                <Parameter id="0" datatype="int" name="Note Number" metadata=",,127,0" private="true"/>
            </Parameters>
            <Audio>
                <Pin name="MIDI In" datatype="midi"/>
                <Pin name="MIDI Out" datatype="midi" direction="out"/>
                <Pin name="Note" datatype="int" private="true" parameterId="0"/>
                <Pin name="Note" datatype="int" direction="out" private="true"/>
                <Pin name="Trig" datatype="bool" direction="out"/>
                <Pin name="Vel" datatype="float" rate="audio" direction="out"/>
            </Audio>
            <GUI>
                <Pin name="Animation Position" datatype="float" direction="out"/>
                <Pin name="Note" datatype="int"/>
                <Pin name="NoteToDSP" datatype="int" private="true" parameterId="0"/>
                <Pin name="Note Name" datatype="string" direction="out"/>
            </GUI>
        </Plugin>
        <Plugin id="OR Gate GuiLR" name="OR Gate Gui &lt;&gt;" imbeddedFilename="ORGateGuiLR.sem">
            <GUI>
                <Pin name="Bool Out" datatype="bool" direction="out"/>
                <Pin name="Spare In" datatype="bool" autoRename="true" autoDuplicate="true"/>
            </GUI>
        </Plugin>
        <Plugin id="PopUpMenu" name="Pop-Up Menu" imbeddedFilename="PopUpMenu.sem">
            <GUI graphicsApi="GmpiGui">
                <Pin name="Choice" datatype="int"/>
                <Pin name="Item List" datatype="string"/>
                <Pin name="Style" datatype="string" default="normal"/>
                <Pin name="Writeable" datatype="bool" default="1"/>
                <Pin name="Greyed" datatype="bool"/>
                <Pin name="Hint" datatype="string"/>
                <Pin name="Menu Items" datatype="string"/>
                <Pin name="Menu Selection" datatype="int"/>
                <Pin name="Heading" datatype="string"/>
                <Pin name="Momentary" datatype="bool"/>
                <Pin name="Enable Special Strings" datatype="bool" default="1" private="true"/>
                <Pin name="Pop-Up open" datatype="bool" direction="out"/>
                <Pin name="Open externally" datatype="bool"/>
                <Pin name="Selection" datatype="string"/>
            </GUI>
        </Plugin>
        <Plugin id="PulseGen" name="Pulse Gen" imbeddedFilename="PulseGen.sem">
            <Audio>
                <Pin name="Signal in" datatype="float" rate="audio"/>
                <Pin name="Rate Hz" datatype="float" rate="audio" default="5"/>
                <Pin name="Pulse Out" datatype="float" rate="audio" direction="out"/>
            </Audio>
        </Plugin>
        <Plugin id="SE BPM Tempo" name="BPM Tempo" imbeddedFilename="BpmClock3.sem">
            <Audio>
                <Pin name="Host BPM" datatype="float" private="true" hostConnect="Time/BPM"/>
                <Pin name="Host Transport" datatype="bool" private="true" hostConnect="Time/TransportPlaying"/>
                <Pin name="Tempo Out" datatype="float" rate="audio" direction="out"/>
                <Pin name="Transport Run" datatype="float" rate="audio" direction="out"/>
                <Pin name="" datatype="int" private="true" hostConnect="Processor/ClearTails"/>
                <Pin name="Processor Resumed" datatype="bool" direction="out"/>
            </Audio>
        </Plugin>
        <Plugin id="SE Blob2ToBlob" name="Blob2 To Blob" imbeddedFilename="Converters.sem">
            <Audio>
                <Pin name="Blob2 Val" datatype="blob2"/>
                <Pin name="Blob Val" datatype="blob" direction="out"/>
            </Audio>
        </Plugin>
        <Plugin id="SE BlobToBlob2" name="Blob To Blob2" imbeddedFilename="Converters.sem">
            <Audio>
                <Pin name="Blob Val" datatype="blob"/>
                <Pin name="Blob2 Val" datatype="blob2" direction="out"/>
            </Audio>
        </Plugin>
        <Plugin id="SE Bool Splitter" name="Bool Splitter" imbeddedFilename="Converters.sem">
            <GUI>
                <Pin name="Out" datatype="bool" direction="out"/>
                <Pin name="In" datatype="bool" autoDuplicate="true"/>
            </GUI>
        </Plugin>
        <Plugin id="SE BoolToFloat" name="Bool To Float" imbeddedFilename="Converters.sem">
            <Audio>
                <Pin name="Bool Val" datatype="bool"/>
                <Pin name="Float Val" datatype="float" direction="out"/>
            </Audio>
        </Plugin>
        <Plugin id="SE BoolToFloat GUI" name="Bool To Float" imbeddedFilename="Converters.sem">
            <GUI>
                <Pin name="Bool Val" datatype="bool"/>
                <Pin name="Float Val" datatype="float" direction="out"/>
            </GUI>
        </Plugin>
        <Plugin id="SE BoolToInt" name="Bool To Int" imbeddedFilename="Converters.sem">
            <Audio>
                <Pin name="Bool Val" datatype="bool"/>
                <Pin name="Int Val" datatype="int" direction="out"/>
            </Audio>
        </Plugin>
        <Plugin id="SE BoolToText" name="Bool To Text" imbeddedFilename="Converters.sem">
            <Audio>
                <Pin name="Bool Val" datatype="bool"/>
                <Pin name="Text Val" datatype="string" direction="out"/>
            </Audio>
        </Plugin>
        <Plugin id="SE BoolToVolts" name="Bool to Volts" imbeddedFilename="Converters.sem">
            <Audio>
                <Pin name="In" datatype="bool"/>
                <Pin name="Out" datatype="float" rate="audio" direction="out"/>
            </Audio>
        </Plugin>
        <Plugin id="SE Bools To Int2" name="Bools To Int" imbeddedFilename="Converters.sem">
            <GUI>
                <Pin name="Int Val" datatype="int" direction="out"/>
                <Pin name="Bool Val" datatype="bool" autoDuplicate="true"/>
            </GUI>
        </Plugin>
        <Plugin id="SE Float64ToFloat" name="Double To Float" imbeddedFilename="Converters.sem">
            <Audio>
                <Pin name="Double Val" datatype="double"/>
                <Pin name="Float Val" datatype="float" direction="out"/>
            </Audio>
        </Plugin>
        <Plugin id="SE Float64ToFloatGui" name="Double To Float" imbeddedFilename="Converters.sem">
            <GUI>
                <Pin name="Double Val" datatype="double"/>
                <Pin name="Float Val" datatype="float" direction="out"/>
            </GUI>
        </Plugin>
        <Plugin id="SE FloatToBool" name="Float To Bool" imbeddedFilename="Converters.sem">
            <Audio>
                <Pin name="Float Val" datatype="float"/>
                <Pin name="Bool Val" datatype="bool" direction="out"/>
            </Audio>
        </Plugin>
        <Plugin id="SE FloatToBool GUI" name="Float To Bool" imbeddedFilename="Converters.sem">
            <GUI>
                <Pin name="Float Val" datatype="float"/>
                <Pin name="Bool Val" datatype="bool" direction="out"/>
            </GUI>
        </Plugin>
        <Plugin id="SE FloatToFloat64" name="Float To Double" imbeddedFilename="Converters.sem">
            <Audio>
                <Pin name="Float Val" datatype="float"/>
                <Pin name="Double Val" datatype="double" direction="out"/>
            </Audio>
        </Plugin>
        <Plugin id="SE FloatToFloat64Gui" name="Float To Double" imbeddedFilename="Converters.sem">
            <GUI>
                <Pin name="Float Val" datatype="float"/>
                <Pin name="Double Val" datatype="double" direction="out"/>
            </GUI>
        </Plugin>
        <Plugin id="SE FloatToInt" name="Float To Int" imbeddedFilename="Converters.sem">
            <Audio>
                <Pin name="Float Val" datatype="float"/>
                <Pin name="Int Val" datatype="int" direction="out"/>
            </Audio>
        </Plugin>
        <Plugin id="SE FloatToInt GUI" name="Float To Int" imbeddedFilename="Converters.sem">
            <GUI>
                <Pin name="Float Val" datatype="float"/>
                <Pin name="Int Val" datatype="int" direction="out"/>
            </GUI>
        </Plugin>
        <Plugin id="SE FloatToText" name="Float To Text" imbeddedFilename="Converters.sem">
            <Audio>
                <Pin name="Float Val" datatype="float"/>
                <Pin name="Text Val" datatype="string" direction="out"/>
            </Audio>
        </Plugin>
        <Plugin id="SE FloatToText GUI" name="Float To Text" imbeddedFilename="Converters.sem">
            <GUI>
                <Pin name="Float Val" datatype="float"/>
                <Pin name="Decimal Places" datatype="int" default="-1"/>
                <Pin name="Text Val" datatype="string" direction="out"/>
            </GUI>
        </Plugin>
        <Plugin id="SE GUI Bool Inverter" name="Bool Inverter" imbeddedFilename="BoolInverter.sem">
            <GUI>
                <Pin name="Input" datatype="bool"/>
                <Pin name="Output" datatype="bool" direction="out"/>
            </GUI>
        </Plugin>
        <Plugin id="SE GuiSwitch &lt; (Text)" name="Switch &lt; (Text)" imbeddedFilename="Switches.sem">
            <GUI>
                <Pin name="Choice" datatype="int"/>
                <Pin name="Value" datatype="string" direction="out"/>
                <Pin name="Spare" datatype="string" autoRename="true" autoDuplicate="true"/>
            </GUI>
        </Plugin>
        <Plugin id="SE Increment3B" name="Increment3B" imbeddedFilename="Increment3.sem">
            <GUI>
                <Pin name="Choice" datatype="int"/>
                <Pin name="Item List" datatype="string" default="range 0,10"/>
                <Pin name="Increment" datatype="bool"/>
                <Pin name="Decrement" datatype="bool"/>
                <Pin name="Wrap" datatype="bool" default="1"/>
            </GUI>
        </Plugin>
        <Plugin id="SE Int to Bools" name="Int to Bools" imbeddedFilename="Converters.sem">
            <GUI>
                <Pin name="Value" datatype="int"/>
                <Pin name="Spare" datatype="bool" direction="out" autoRename="true" autoDuplicate="true"/>
            </GUI>
        </Plugin>
        <Plugin id="SE Int64ToInt" name="Int64 To Int" imbeddedFilename="Converters.sem">
            <Audio>
                <Pin name="Int64 Val" datatype="int64"/>
                <Pin name="Int Val" datatype="int" direction="out"/>
            </Audio>
        </Plugin>
        <Plugin id="SE Int64ToIntGui" name="Int64 To Int" imbeddedFilename="Converters.sem">
            <GUI>
                <Pin name="Int64 Val" datatype="int64"/>
                <Pin name="Int Val" datatype="int" direction="out"/>
            </GUI>
        </Plugin>
        <Plugin id="SE IntToBool" name="Int to Bool" imbeddedFilename="Converters.sem">
            <Audio>
                <Pin name="Int Val" datatype="int"/>
                <Pin name="Bool Val" datatype="bool" direction="out"/>
            </Audio>
        </Plugin>
        <Plugin id="SE IntToFloat" name="Int To Float" imbeddedFilename="Converters.sem">
            <Audio>
                <Pin name="Int Val" datatype="int"/>
                <Pin name="Float Val" datatype="float" direction="out"/>
            </Audio>
        </Plugin>
        <Plugin id="SE IntToInt64" name="Int To Int64" imbeddedFilename="Converters.sem">
            <Audio>
                <Pin name="Int Val" datatype="int"/>
                <Pin name="Int64 Val" datatype="int64" direction="out"/>
            </Audio>
        </Plugin>
        <Plugin id="SE IntToInt64Gui" name="Int To Int64" imbeddedFilename="Converters.sem">
            <GUI>
                <Pin name="Int Val" datatype="int"/>
                <Pin name="Int64 Val" datatype="int64" direction="out"/>
            </GUI>
        </Plugin>
        <Plugin id="SE IntToText" name="Int To Text" imbeddedFilename="Converters.sem">
            <Audio>
                <Pin name="Int Val" datatype="int"/>
                <Pin name="Text Val" datatype="string" direction="out"/>
            </Audio>
        </Plugin>
        <Plugin id="SE IntToText GUI" name="Int To Text" imbeddedFilename="Converters.sem">
            <GUI>
                <Pin name="Int Val" datatype="int"/>
                <Pin name="Text Val" datatype="string" direction="out"/>
            </GUI>
        </Plugin>
        <Plugin id="SE IntToVolts" name="Int to Volts" imbeddedFilename="Converters.sem">
            <Audio>
                <Pin name="In" datatype="int"/>
                <Pin name="Out" datatype="float" rate="audio" direction="out"/>
            </Audio>
        </Plugin>
        <Plugin id="SE ListToInt" name="List To Int" imbeddedFilename="Converters.sem">
            <Audio>
                <Pin name="List Val" datatype="enum"/>
                <Pin name="Int Val" datatype="int" direction="out"/>
            </Audio>
        </Plugin>
        <Plugin id="SE ListToText" name="List to Text" imbeddedFilename="Converters.sem">
            <GUI>
                <Pin name="Choice" datatype="int"/>
                <Pin name="Item List" datatype="string"/>
                <Pin name="Item Text" datatype="string" direction="out"/>
            </GUI>
        </Plugin>
        <Plugin id="SE PatchMemory Bool" name="PatchMemory Bool" imbeddedFilename="PatchMemory.sem">
            <Parameters>
                <Parameter id="0" datatype="bool" name=""/>
            </Parameters>
            <Audio>
                <Pin name="Value In" datatype="bool" private="true" parameterId="0"/>
                <Pin name="Value Out" datatype="bool" direction="out" autoConfigureParameter="true"/>
            </Audio>
            <GUI>
                <Pin name="Value In" datatype="bool" private="true" parameterId="0"/>
                <Pin name="Name In" datatype="string" private="true" parameterId="0" parameterField="1"/>
                <Pin name="Menu Items" datatype="string" private="true" parameterId="0" parameterField="3"/>
                <Pin name="Menu Selection" datatype="int" private="true" parameterId="0" parameterField="4"/>
                <Pin name="Mouse Down" datatype="bool" private="true" parameterId="0" parameterField="14"/>
                <Pin name="AnimationIn" datatype="float" private="true" parameterId="0" parameterField="15"/>
                <Pin name="Name" datatype="string" direction="out"/>
                <Pin name="Value" datatype="bool" direction="out"/>
                <Pin name="Animation Position" datatype="float" direction="out"/>
                <Pin name="Menu Items" datatype="string" direction="out"/>
                <Pin name="Menu Selection" datatype="int" direction="out"/>
                <Pin name="Mouse Down" datatype="bool" direction="out"/>
            </GUI>
        </Plugin>
        <Plugin id="SE PatchMemory Float" name="PatchMemory Float3" imbeddedFilename="PatchMemory.sem">
            <Parameters>
                <Parameter id="0" datatype="float" name=""/>
            </Parameters>
            <Audio>
                <Pin name="Value In" datatype="float" private="true" parameterId="0"/>
                <Pin name="Value Out" datatype="float" direction="out" autoConfigureParameter="true"/>
            </Audio>
            <GUI>
                <Pin name="Value In" datatype="float" private="true" parameterId="0"/>
                <Pin name="Name In" datatype="string" private="true" parameterId="0" parameterField="1"/>
                <Pin name="Menu Items" datatype="string" private="true" parameterId="0" parameterField="3"/>
                <Pin name="Menu Selection" datatype="int" private="true" parameterId="0" parameterField="4"/>
                <Pin name="Mouse Down" datatype="bool" private="true" parameterId="0" parameterField="14"/>
                <Pin name="AnimationIn" datatype="float" private="true" parameterId="0" parameterField="15"/>
                <Pin name="Name" datatype="string" direction="out"/>
                <Pin name="Value" datatype="float" direction="out"/>
                <Pin name="Animation Position" datatype="float" direction="out"/>
                <Pin name="Menu Items" datatype="string" direction="out"/>
                <Pin name="Menu Selection" datatype="int" direction="out"/>
                <Pin name="Mouse Down" datatype="bool" direction="out"/>
            </GUI>
        </Plugin>
        <Plugin id="SE PatchMemory Float Out" name="PatchMemory Float Out3" imbeddedFilename="PatchMemory.sem">
            <Parameters>
                <Parameter id="0" datatype="float" name="" ignorePatchChange="true" persistant="false"/>
            </Parameters>
            <Audio>
                <Pin name="Value In" datatype="float"/>
                <Pin name="PM Value Out" datatype="float" direction="out" private="true" parameterId="0"/>
            </Audio>
            <GUI>
                <Pin name="PM Value In" datatype="float" private="true" parameterId="0"/>
                <Pin name="PM Name In" datatype="string" private="true" parameterId="0" parameterField="1"/>
                <Pin name="PM Menu Items" datatype="string" private="true" parameterId="0" parameterField="3"/>
                <Pin name="PM Menu Selection" datatype="int" private="true" parameterId="0" parameterField="4"/>
                <Pin name="AnimationIn" datatype="float" private="true" parameterId="0" parameterField="15"/>
                <Pin name="Name" datatype="string" direction="out"/>
                <Pin name="Value" datatype="float" direction="out"/>
                <Pin name="Value Out" datatype="float" isMinimised="true"/>
                <Pin name="Animation Position" datatype="float" direction="out"/>
                <Pin name="Menu Items" datatype="string" direction="out"/>
                <Pin name="Menu Selection" datatype="int" direction="out"/>
            </GUI>
        </Plugin>
        <Plugin id="SE PatchMemory Int" name="PatchMemory Int" imbeddedFilename="PatchMemory.sem">
            <Parameters>
                <Parameter id="0" datatype="int" name=""/>
            </Parameters>
            <Audio>
                <Pin name="Value In" datatype="int" private="true" parameterId="0"/>
                <Pin name="Value Out" datatype="int" direction="out" autoConfigureParameter="true"/>
            </Audio>
            <GUI>
                <Pin name="Value In" datatype="int" private="true" parameterId="0"/>
                <Pin name="Name In" datatype="string" private="true" parameterId="0" parameterField="1"/>
                <Pin name="Menu Items" datatype="string" private="true" parameterId="0" parameterField="3"/>
                <Pin name="Menu Selection" datatype="int" private="true" parameterId="0" parameterField="4"/>
                <Pin name="Mouse Down" datatype="bool" private="true" parameterId="0" parameterField="14"/>
                <Pin name="AnimationIn" datatype="float" private="true" parameterId="0" parameterField="15"/>
                <Pin name="Name" datatype="string" direction="out"/>
                <Pin name="Value" datatype="int" direction="out"/>
                <Pin name="Animation Position" datatype="float" direction="out"/>
                <Pin name="Menu Items" datatype="string" direction="out"/>
                <Pin name="Menu Selection" datatype="int" direction="out"/>
                <Pin name="Mouse Down" datatype="bool" direction="out"/>
            </GUI>
        </Plugin>
        <Plugin id="SE PatchMemory List3" name="PatchMemory List3" imbeddedFilename="PatchMemory.sem">
            <Parameters>
                <Parameter id="0" datatype="enum" name=""/>
            </Parameters>
            <Audio>
                <Pin name="Value In" datatype="int" private="true" parameterId="0"/>
                <Pin name="Value Out" datatype="enum" direction="out" autoConfigureParameter="true"/>
            </Audio>
            <GUI>
                <Pin name="Value In" datatype="int" private="true" parameterId="0"/>
                <Pin name="Name In" datatype="string" private="true" parameterId="0" parameterField="1"/>
                <Pin name="List Values" datatype="string" private="true" parameterId="0" parameterField="7"/>
                <Pin name="Menu Items" datatype="string" private="true" parameterId="0" parameterField="3"/>
                <Pin name="Menu Selection" datatype="int" private="true" parameterId="0" parameterField="4"/>
                <Pin name="Mouse Down" datatype="bool" private="true" parameterId="0" parameterField="14"/>
                <Pin name="Name" datatype="string" direction="out"/>
                <Pin name="Choice" datatype="int" direction="out"/>
                <Pin name="Item List" datatype="string" direction="out"/>
                <Pin name="Menu Items" datatype="string" direction="out"/>
                <Pin name="Menu Selection" datatype="int" direction="out"/>
                <Pin name="Mouse Down" datatype="bool" direction="out"/>
            </GUI>
        </Plugin>
        <Plugin id="SE PatchMemory Text2" name="PatchMemory Text2" imbeddedFilename="PatchMemory.sem">
            <Parameters>
                <Parameter id="0" datatype="string" name=""/>
            </Parameters>
            <Audio>
                <Pin name="Value In" datatype="string" private="true" parameterId="0"/>
                <Pin name="Value Out" datatype="string" direction="out" autoConfigureParameter="true"/>
            </Audio>
            <GUI>
                <Pin name="Value In" datatype="string" private="true" parameterId="0"/>
                <Pin name="Name In" datatype="string" private="true" parameterId="0" parameterField="1"/>
                <Pin name="File Extension" datatype="string" private="true" parameterId="0" parameterField="8"/>
                <Pin name="Menu Items" datatype="string" private="true" parameterId="0" parameterField="3"/>
                <Pin name="Menu Selection" datatype="int" private="true" parameterId="0" parameterField="4"/>
                <Pin name="Name" datatype="string" direction="out"/>
                <Pin name="Value" datatype="string" direction="out"/>
                <Pin name="File Extension" datatype="string" direction="out"/>
                <Pin name="Menu Items" datatype="string" direction="out"/>
                <Pin name="Menu Selection" datatype="int" direction="out"/>
            </GUI>
        </Plugin>
        <Plugin id="SE Plain Image" name="Plain Image" imbeddedFilename="SubControlsXp.sem">
            <GUI graphicsApi="GmpiGui">
                <Pin name="Filename" datatype="string" default="background" isFilename="true" metadata="bmp"/>
                <Pin name="Display" datatype="enum" isMinimised="true" metadata="Fixed Size, Tiled, Stretch"/>
            </GUI>
        </Plugin>
        <Plugin id="SE System Command" name="System Command" imbeddedFilename="SystemCommand.sem">
            <GUI>
                <Pin name="Trigger" datatype="bool" direction="out"/>
                <Pin name="Command" datatype="int"/>
                <Pin name="Command List" datatype="string" direction="out"/>
                <Pin name="Filename" datatype="string"/>
            </GUI>
        </Plugin>
        <Plugin id="SE Text Entry4" name="Text Entry4" imbeddedFilename="SubControlsXp.sem">
            <GUI graphicsApi="GmpiGui">
                <Pin name="Text" datatype="string"/>
                <Pin name="Style" datatype="string" default="normal"/>
                <Pin name="Multiline" datatype="bool"/>
                <Pin name="Writeable" datatype="bool" default="1"/>
                <Pin name="Greyed" datatype="bool"/>
                <Pin name="Hint" datatype="string"/>
                <Pin name="Menu Items" datatype="string"/>
                <Pin name="Menu Selection" datatype="int"/>
                <Pin name="Mouse Down" datatype="bool" direction="out" private="true"/>
                <Pin name="Mouse Down" datatype="bool"/>
            </GUI>
        </Plugin>
        <Plugin id="SE Text8ToText" name="Text8 To Text" imbeddedFilename="Converters.sem">
            <Audio>
                <Pin name="Text Val" datatype="string_utf8"/>
                <Pin name="Text Val" datatype="string" direction="out"/>
            </Audio>
        </Plugin>
        <Plugin id="SE TextToBool" name="Text To Bool" imbeddedFilename="Converters.sem">
            <Audio>
                <Pin name="Text Val" datatype="string"/>
                <Pin name="Bool Val" datatype="bool" direction="out"/>
            </Audio>
        </Plugin>
        <Plugin id="SE TextToFloat" name="Text To Float" imbeddedFilename="Converters.sem">
            <Audio>
                <Pin name="Text Val" datatype="string"/>
                <Pin name="Float Val" datatype="float" direction="out"/>
            </Audio>
        </Plugin>
        <Plugin id="SE TextToInt" name="Text To Int" imbeddedFilename="Converters.sem">
            <Audio>
                <Pin name="Text Val" datatype="string"/>
                <Pin name="Int Val" datatype="int" direction="out"/>
            </Audio>
        </Plugin>
        <Plugin id="SE TextToText8" name="Text To Text8" imbeddedFilename="Converters.sem">
            <Audio>
                <Pin name="Text Val" datatype="string"/>
                <Pin name="Text Val" datatype="string_utf8" direction="out"/>
            </Audio>
        </Plugin>
        <Plugin id="SE VoltsToBool" name="Volts to Bool" imbeddedFilename="Converters.sem">
            <Audio>
                <Pin name="In" datatype="float" rate="audio"/>
                <Pin name="Out" datatype="bool" direction="out"/>
            </Audio>
        </Plugin>
        <Plugin id="SE VoltsToInt" name="Volts to Int" imbeddedFilename="Converters.sem">
            <Audio>
                <Pin name="In" datatype="float" rate="audio"/>
                <Pin name="Out" datatype="int" direction="out"/>
            </Audio>
        </Plugin>
        <Plugin id="SE:GUIFixedValues_text" name="Fixed Values (text)" imbeddedFilename="SubControlsXp.sem">
            <GUI>
                <Pin name="Val" datatype="string" direction="out" autoRename="true" settableOutput="true" autoDuplicate="true"/>
            </GUI>
        </Plugin>
        <Plugin id="SOLOMUTE8" name="GUI_SoloMute8" imbeddedFilename="GUI_SoloMute8.sem">
            <GUI>
                <Pin name="Channel 1" datatype="float"/>
                <Pin name="Channel 2" datatype="float"/>
                <Pin name="Channel 3" datatype="float"/>
                <Pin name="Channel 4" datatype="float"/>
                <Pin name="Channel 5" datatype="float"/>
                <Pin name="Channel 6" datatype="float"/>
                <Pin name="Channel 7" datatype="float"/>
                <Pin name="Channel 8" datatype="float"/>
                <Pin name="Unmute All" datatype="float" direction="out"/>
                <Pin name="Unmute mDown" datatype="bool" direction="out"/>
                <Pin name="Reset All Solos" datatype="float" direction="out"/>
                <Pin name="Reset All Solos mDown" datatype="bool" direction="out"/>
                <Pin name="Mute 1" datatype="float" direction="out"/>
                <Pin name="mDownM1" datatype="bool" direction="out"/>
                <Pin name="Solo 1" datatype="float" direction="out"/>
                <Pin name="mDownS1" datatype="bool" direction="out"/>
                <Pin name="Mute 2" datatype="float" direction="out"/>
                <Pin name="mDownM2" datatype="bool" direction="out"/>
                <Pin name="Solo 2" datatype="float" direction="out"/>
                <Pin name="mDownS2" datatype="bool" direction="out"/>
                <Pin name="Mute 3" datatype="float" direction="out"/>
                <Pin name="mDownM3" datatype="bool" direction="out"/>
                <Pin name="Solo 3" datatype="float" direction="out"/>
                <Pin name="mDownS3" datatype="bool" direction="out"/>
                <Pin name="Mute 4" datatype="float" direction="out"/>
                <Pin name="mDownM4" datatype="bool" direction="out"/>
                <Pin name="Solo 4" datatype="float" direction="out"/>
                <Pin name="mDownS4" datatype="bool" direction="out"/>
                <Pin name="Mute 5" datatype="float" direction="out"/>
                <Pin name="mDownM5" datatype="bool" direction="out"/>
                <Pin name="Solo 5" datatype="float" direction="out"/>
                <Pin name="mDownS5" datatype="bool" direction="out"/>
                <Pin name="Mute 6" datatype="float" direction="out"/>
                <Pin name="mDownM6" datatype="bool" direction="out"/>
                <Pin name="Solo 6" datatype="float" direction="out"/>
                <Pin name="mDownS6" datatype="bool" direction="out"/>
                <Pin name="Mute 7" datatype="float" direction="out"/>
                <Pin name="mDownM7" datatype="bool" direction="out"/>
                <Pin name="Solo 7" datatype="float" direction="out"/>
                <Pin name="mDownS7" datatype="bool" direction="out"/>
                <Pin name="Mute 8" datatype="float" direction="out"/>
                <Pin name="mDownM8" datatype="bool" direction="out"/>
                <Pin name="Solo 8" datatype="float" direction="out"/>
                <Pin name="mDownS8" datatype="bool" direction="out"/>
            </GUI>
        </Plugin>
        <Plugin id="SpinCtrl" name="Spin Control" imbeddedFilename="SpinCtrl.sem">
            <GUI>
                <Pin name="Choice" datatype="int"/>
                <Pin name="Item List" datatype="string"/>
                <Pin name="Selection" datatype="string"/>
                <Pin name="Decr" datatype="bool" direction="out"/>
                <Pin name="Incr" datatype="bool" direction="out"/>
                <Pin name="Wrap" datatype="bool"/>
                <Pin name="Hold Delay" datatype="int" default="600" isMinimised="true"/>
                <Pin name="Repeat Rate" datatype="int" default="120" isMinimised="true"/>
            </GUI>
        </Plugin>
        <Plugin id="SubpanelKbd" name="SubpanelKbd" imbeddedFilename="SubpanelKbd.sem">
            <Audio>
                <Pin name="MIDI Out" datatype="midi" direction="out"/>
                <Pin name="Note Number" datatype="int" direction="out"/>
            </Audio>
            <GUI graphicsApi="GmpiGui">
                <Pin name="Octave Down" datatype="bool" direction="out"/>
                <Pin name="Octave Up" datatype="bool" direction="out"/>
                <Pin name="note" datatype="int" direction="out"/>
                <Pin name="octave" datatype="int" direction="out" private="true"/>
                <Pin name="Range" datatype="string"/>
            </GUI>
        </Plugin>
        <Plugin id="SynthEdit ADSR" name="ADSR2" imbeddedFilename="EnveloperAdsr.sem">
            <Audio>
                <Pin name="Trigger" datatype="float" rate="audio" default="0.1"/>
                <Pin name="Gate" datatype="float" rate="audio" default="0.1"/>
                <Pin name="Attack" datatype="float" rate="audio"/>
                <Pin name="Decay" datatype="float" rate="audio" default="0.5"/>
                <Pin name="Sustain" datatype="float" rate="audio" default="0.7"/>
                <Pin name="Release" datatype="float" rate="audio" default="0.4"/>
                <Pin name="Overall Level" datatype="float" rate="audio" default="1"/>
                <Pin name="Signal Out" datatype="float" rate="audio" direction="out"/>
                <Pin name="VoiceReset" datatype="float" private="true" isPolyphonic="true" hostConnect="Voice/Active"/>
            </Audio>
        </Plugin>
        <Plugin id="SynthEdit Increment3" name="Increment3" imbeddedFilename="Increment3.sem">
            <GUI>
                <Pin name="Choice" datatype="int"/>
                <Pin name="Item List" datatype="string" default="range 0,10"/>
                <Pin name="Increment" datatype="bool" direction="out"/>
                <Pin name="Decrement" datatype="bool" direction="out"/>
                <Pin name="Wrap" datatype="bool" default="1"/>
            </GUI>
        </Plugin>
        <Plugin id="TextX" name="Text Entry" imbeddedFilename="TextEntry.sem">
            <GUI graphicsApi="GmpiGui">
                <Pin name="Text" datatype="string"/>
                <Pin name="Text Color" datatype="string" default="ffffffff"/>
                <Pin name="Top Color" datatype="string" default="ffbbbbbb"/>
                <Pin name="Bg Color" datatype="string" default="ff000000"/>
                <Pin name="Style" datatype="string" default="normal" isMinimised="true"/>
                <Pin name="Multiline" datatype="bool" isMinimised="true"/>
                <Pin name="Writeable" datatype="bool" default="1" isMinimised="true"/>
                <Pin name="Greyed" datatype="bool" isMinimised="true"/>
                <Pin name="Hint" datatype="string" isMinimised="true"/>
                <Pin name="Mouse Down" datatype="bool" direction="out" private="true"/>
                <Pin name="Mouse Down" datatype="bool"/>
            </GUI>
        </Plugin>
        <Plugin id="VelocityInit" name="VelocityInit" imbeddedFilename="VelocityInit.sem">
            <Audio>
                <Pin name="Signal in" datatype="float" rate="audio"/>
                <Pin name="Signal Out" datatype="float" rate="audio" direction="out"/>
            </Audio>
        </Plugin>
        <Plugin id="mxSoloMute4" name="DSP_SoloMute8" imbeddedFilename="DSP_SoloMute8.sem">
            <Parameters>
                <Parameter id="0" datatype="float" name=""/>
                <Parameter id="1" datatype="float" name=""/>
                <Parameter id="2" datatype="float" name=""/>
                <Parameter id="3" datatype="float" name=""/>
                <Parameter id="4" datatype="float" name=""/>
                <Parameter id="5" datatype="float" name=""/>
                <Parameter id="6" datatype="float" name=""/>
                <Parameter id="7" datatype="float" name=""/>
            </Parameters>
            <Audio>
                <Pin name="ChannelM1" datatype="float" private="true" parameterId="0"/>
                <Pin name="ChannelM2" datatype="float" private="true" parameterId="1"/>
                <Pin name="ChannelM3" datatype="float" private="true" parameterId="2"/>
                <Pin name="ChannelM4" datatype="float" private="true" parameterId="3"/>
                <Pin name="ChannelM5" datatype="float" private="true" parameterId="4"/>
                <Pin name="ChannelM6" datatype="float" private="true" parameterId="5"/>
                <Pin name="ChannelM7" datatype="float" private="true" parameterId="6"/>
                <Pin name="ChannelM8" datatype="float" private="true" parameterId="7"/>
                <Pin name="Audio In1" datatype="float" rate="audio"/>
                <Pin name="Audio In2" datatype="float" rate="audio"/>
                <Pin name="Audio In3" datatype="float" rate="audio"/>
                <Pin name="Audio In4" datatype="float" rate="audio"/>
                <Pin name="Audio In5" datatype="float" rate="audio"/>
                <Pin name="Audio In6" datatype="float" rate="audio"/>
                <Pin name="Audio In7" datatype="float" rate="audio"/>
                <Pin name="Audio In8" datatype="float" rate="audio"/>
                <Pin name="Audio Out1" datatype="float" rate="audio" direction="out"/>
                <Pin name="Audio Out2" datatype="float" rate="audio" direction="out"/>
                <Pin name="Audio Out3" datatype="float" rate="audio" direction="out"/>
                <Pin name="Audio Out4" datatype="float" rate="audio" direction="out"/>
                <Pin name="Audio Out5" datatype="float" rate="audio" direction="out"/>
                <Pin name="Audio Out6" datatype="float" rate="audio" direction="out"/>
                <Pin name="Audio Out7" datatype="float" rate="audio" direction="out"/>
                <Pin name="Audio Out8" datatype="float" rate="audio" direction="out"/>
            </Audio>
            <GUI>
                <Pin name="ChannelM1" datatype="float" private="true" parameterId="0"/>
                <Pin name="ChannelM2" datatype="float" private="true" parameterId="1"/>
                <Pin name="ChannelM3" datatype="float" private="true" parameterId="2"/>
                <Pin name="ChannelM4" datatype="float" private="true" parameterId="3"/>
                <Pin name="ChannelM5" datatype="float" private="true" parameterId="4"/>
                <Pin name="ChannelM6" datatype="float" private="true" parameterId="5"/>
                <Pin name="ChannelM7" datatype="float" private="true" parameterId="6"/>
                <Pin name="ChannelM8" datatype="float" private="true" parameterId="7"/>
                <Pin name="Channel 1" datatype="float" direction="out"/>
                <Pin name="Channel 2" datatype="float" direction="out"/>
                <Pin name="Channel 3" datatype="float" direction="out"/>
                <Pin name="Channel 4" datatype="float" direction="out"/>
                <Pin name="Channel 5" datatype="float" direction="out"/>
                <Pin name="Channel 6" datatype="float" direction="out"/>
                <Pin name="Channel 7" datatype="float" direction="out"/>
                <Pin name="Channel 8" datatype="float" direction="out"/>
            </GUI>
        </Plugin>
    </PluginList>
</Document>
