<?xml version="1.0" ?>
<Controller>
  <PatchManager>
    <Parameters>
      <Parameter Handle="2107023780" HostControl="49" Private="1" Name="" ValueType="10">
        <patch-list>
          <s></s>
        </patch-list>
      </Parameter>
      <Parameter Handle="2083229573" Module="1717847071" ignoreProgramChange="1" Private="1" Name="" ValueType="4">
        <patch-list>
          <s>0</s>
        </patch-list>
      </Parameter>
      <Parameter Handle="1998784222" Module="459052737" ignoreProgramChange="1" Private="1" Name="" ValueType="4">
        <patch-list>
          <s>0</s>
        </patch-list>
      </Parameter>
      <Parameter Handle="1028308187" Module="2106909773" ignoreProgramChange="1" Private="1" Name="" ValueType="4">
        <patch-list>
          <s>0</s>
        </patch-list>
      </Parameter>
      <Parameter Handle="693233759" Module="320047265" ignoreProgramChange="1" Private="1" Name="" ValueType="4">
        <patch-list>
          <s>0</s>
        </patch-list>
      </Parameter>
      <Parameter Handle="521512650" Module="1144136627" ignoreProgramChange="1" Private="1" Name="" ValueType="4">
        <patch-list>
          <s>0</s>
        </patch-list>
      </Parameter>
      <Parameter Handle="500460704" Module="1973755229" ignoreProgramChange="1" Private="1" Name="" ValueType="4">
        <patch-list>
          <s>0</s>
        </patch-list>
      </Parameter>
      <Parameter Handle="230865178" Module="1837729011" ignoreProgramChange="1" Private="1" Name="" ValueType="4">
        <patch-list>
          <s>0</s>
        </patch-list>
      </Parameter>
      <Parameter Handle="2013143560" Module="381344990" ignoreProgramChange="1" Private="1" persistant="0" Name="ADSR to Button" RangeMinimum="-10" RangeMaximum="5" />
      <Parameter Handle="1991189206" Module="1929830685" ignoreProgramChange="1" Private="1" persistant="0" Name="ADSR to Button" RangeMinimum="-10" RangeMaximum="5" />
      <Parameter Handle="1767177583" Module="1053664678" ignoreProgramChange="1" Private="1" persistant="0" Name="ADSR to Button" RangeMinimum="-10" RangeMaximum="5" />
      <Parameter Handle="1659620655" Module="1045459548" ignoreProgramChange="1" Private="1" persistant="0" Name="ADSR to Button" RangeMinimum="-10" RangeMaximum="5" />
      <Parameter Handle="1389848476" Module="1163880914" ignoreProgramChange="1" Private="1" persistant="0" Name="ADSR to Button" RangeMinimum="-10" RangeMaximum="5" />
      <Parameter Handle="650673284" Module="1980139106" ignoreProgramChange="1" Private="1" persistant="0" Name="ADSR to Button" RangeMinimum="-10" RangeMaximum="5" />
      <Parameter Handle="250889242" Module="300633568" ignoreProgramChange="1" Private="1" persistant="0" Name="ADSR to Button" RangeMinimum="-10" RangeMaximum="5" />
      <Parameter Handle="97335673" Module="489422985" ignoreProgramChange="1" Private="1" persistant="0" Name="ADSR to Button" RangeMinimum="-10" RangeMaximum="5" />
      <Parameter Handle="1979709155" Module="1120272035" Private="1" Name="Directory" ValueType="1">
        <patch-list>
          <s>C:\Program Files (x86)\Steinberg\Cubase 5\VSTPlugins\Drums\Dr.Modus\toms</s>
        </patch-list>
      </Parameter>
      <Parameter Handle="670274363" Module="1546721366" Private="1" Name="Directory" ValueType="1">
        <patch-list>
          <s>C:\Program Files (x86)\Steinberg\Cubase 5\VSTPlugins\Drums\Dr.Modus\snare drums</s>
        </patch-list>
      </Parameter>
      <Parameter Handle="527274627" Module="365233256" Private="1" Name="Directory" ValueType="1">
        <patch-list>
          <s>C:\Program Files (x86)\Steinberg\Cubase 5\VSTPlugins\Drums\Dr.Modus\ride cymbals</s>
        </patch-list>
      </Parameter>
      <Parameter Handle="321855494" Module="730671746" Private="1" Name="Directory" ValueType="1">
        <patch-list>
          <s>C:\Program Files (x86)\Steinberg\Cubase 5\VSTPlugins\Drums\Dr.Modus\crash cymbals</s>
        </patch-list>
      </Parameter>
      <Parameter Handle="200588981" Module="1285837247" Private="1" Name="Directory" ValueType="1">
        <patch-list>
          <s>C:\Program Files (x86)\Steinberg\Cubase 5\VSTPlugins\Drums\Dr.Modus\toms</s>
        </patch-list>
      </Parameter>
      <Parameter Handle="72929427" Module="54600091" Private="1" Name="Directory" ValueType="1">
        <patch-list>
          <s>C:\Program Files (x86)\Steinberg\Cubase 5\VSTPlugins\Drums\Dr.Modus\toms</s>
        </patch-list>
      </Parameter>
      <Parameter Handle="50613941" Module="825090105" Private="1" Name="Directory" ValueType="1">
        <patch-list>
          <s>C:\Program Files (x86)\Steinberg\Cubase 5\VSTPlugins\Drums\Dr.Modus\hi hats</s>
        </patch-list>
      </Parameter>
      <Parameter Handle="2098641950" Module="679111526" Private="1" Name="File Dialog" ValueType="1">
        <patch-list>
          <s>10&apos;&apos; Double Head Tom,10&apos;&apos; Power Tom,14&apos;&apos; Double Head Tom,16&apos;&apos; Power Floor Tom,Electronic Tom,PG Floor Tom,PG High Tom,PG Mid Tom</s>
        </patch-list>
      </Parameter>
      <Parameter Handle="1774451758" Module="1543584729" Private="1" Name="File Dialog" ValueType="1">
        <patch-list>
          <s>10&apos;&apos; Double Head Tom,10&apos;&apos; Power Tom,14&apos;&apos; Double Head Tom,16&apos;&apos; Power Floor Tom,Electronic Tom,PG Floor Tom,PG High Tom,PG Mid Tom</s>
        </patch-list>
      </Parameter>
      <Parameter Handle="1468838932" Module="1349266242" Private="1" Name="File Dialog" ValueType="1">
        <patch-list>
          <s>13&apos;&apos; Brass Piccolo,8x14 Wood Snare,909 Snare 1,909 Snare 2,alasnare,Ambient Wood Snare,Brush Hit Snare,Electronic Snare,Gated Snare,Jungle Snare,Low Snare,Low Snare2,Orbital Snare,PG Side Stick Snare,PG Snare,Rimshot Snare,Side Stick Snare,Sonic Snare</s>
        </patch-list>
      </Parameter>
      <Parameter Handle="1140218956" Module="580719876" Private="1" Name="File Dialog" ValueType="1">
        <patch-list>
          <s>909 Closed Hi Hat,909 Open Hi Hat,alahihat,alaopenhat,Closed Hi Hat A,Closed Hi Hat B,Foot Closed Hat,Half Open Hi Hat,Jungle Hi Hat,Low Half Open Hat,Low Hi Hat,Open Hi Hat,PG Foot Closed Hat,PG Hi Hat,Sonic Hi Hat A,Sonic Hi Hat B</s>
        </patch-list>
      </Parameter>
      <Parameter Handle="981230793" Module="1950461120" Private="1" Name="File Dialog" ValueType="1">
        <patch-list>
          <s>909 Crash,alacrash,Crash Cymbal,PG Crash</s>
        </patch-list>
      </Parameter>
      <Parameter Handle="527477919" Module="1572587521" Private="1" Name="File Dialog" ValueType="1">
        <patch-list>
          <s>10&apos;&apos; Double Head Tom,10&apos;&apos; Power Tom,14&apos;&apos; Double Head Tom,16&apos;&apos; Power Floor Tom,Electronic Tom,PG Floor Tom,PG High Tom,PG Mid Tom</s>
        </patch-list>
      </Parameter>
      <Parameter Handle="513654370" Module="154603611" Private="1" Name="File Dialog" ValueType="1">
        <patch-list>
          <s>909 Ride,PG Ride,Ride Cymbal Bell,Ride Cymbal</s>
        </patch-list>
      </Parameter>
      <Parameter Handle="202063696" Module="487104069" Private="1" Name="Filter/Decay switch Slot 1" ValueType="4">
        <patch-list>
          <s>0</s>
        </patch-list>
      </Parameter>
      <Parameter Handle="146601265" Module="631601746" Private="1" Name="Filter/Decay switch Slot 2" ValueType="4">
        <patch-list>
          <s>0</s>
        </patch-list>
      </Parameter>
      <Parameter Handle="1412139000" Module="630092706" Private="1" Name="Filter/Decay switch Slot 3" ValueType="4">
        <patch-list>
          <s>0</s>
        </patch-list>
      </Parameter>
      <Parameter Handle="1867684086" Module="77150840" Private="1" Name="Filter/Decay switch Slot 4" ValueType="4">
        <patch-list>
          <s>0</s>
        </patch-list>
      </Parameter>
      <Parameter Handle="299488519" Module="1537729202" Private="1" Name="Filter/Decay switch Slot 5" ValueType="4">
        <patch-list>
          <s>0</s>
        </patch-list>
      </Parameter>
      <Parameter Handle="88981924" Module="1440881758" Private="1" Name="Filter/Decay switch Slot 6" ValueType="4">
        <patch-list>
          <s>0</s>
        </patch-list>
      </Parameter>
      <Parameter Handle="1337838478" Module="2083159537" Private="1" Name="Filter/Decay switch Slot 7" ValueType="4">
        <patch-list>
          <s>0</s>
        </patch-list>
      </Parameter>
      <Parameter Handle="1978509638" Module="304543664" Private="1" Name="Filter/Decay switch Slot 8" ValueType="4">
        <patch-list>
          <s>0</s>
        </patch-list>
      </Parameter>
      <Parameter Handle="771821594" Module="939915453" ignoreProgramChange="1" Private="1" persistant="0" Name="Float2FloatGui" />
      <Parameter Handle="2012439725" Module="740857039" ignoreProgramChange="1" Private="1" Name="From GUI to DSP" ValueType="4">
        <patch-list>
          <s>0</s>
        </patch-list>
      </Parameter>
      <Parameter Handle="535368071" Module="2081430890" ignoreProgramChange="1" Private="1" Name="From GUI to DSP" ValueType="4">
        <patch-list>
          <s>1</s>
        </patch-list>
      </Parameter>
      <Parameter Handle="1911389655" Module="1985762467" Private="1" Name="Items List" ValueType="1">
        <patch-list>
          <s>909 Ride,PG Ride,Ride Cymbal Bell,Ride Cymbal</s>
        </patch-list>
      </Parameter>
      <Parameter Handle="1701754589" Module="1606997465" Private="1" Name="Items List" ValueType="1">
        <patch-list>
          <s>10&apos;&apos; Double Head Tom,10&apos;&apos; Power Tom,14&apos;&apos; Double Head Tom,16&apos;&apos; Power Floor Tom,Electronic Tom,PG Floor Tom,PG High Tom,PG Mid Tom</s>
        </patch-list>
      </Parameter>
      <Parameter Handle="850452282" Module="2054181731" Private="1" Name="Items List" ValueType="1">
        <patch-list>
          <s>10&apos;&apos; Double Head Tom,10&apos;&apos; Power Tom,14&apos;&apos; Double Head Tom,16&apos;&apos; Power Floor Tom,Electronic Tom,PG Floor Tom,PG High Tom,PG Mid Tom</s>
        </patch-list>
      </Parameter>
      <Parameter Handle="692168384" Module="500710673" Private="1" Name="Items List" ValueType="1">
        <patch-list>
          <s>10&apos;&apos; Double Head Tom,10&apos;&apos; Power Tom,14&apos;&apos; Double Head Tom,16&apos;&apos; Power Floor Tom,Electronic Tom,PG Floor Tom,PG High Tom,PG Mid Tom</s>
        </patch-list>
      </Parameter>
      <Parameter Handle="631045950" Module="692316832" Private="1" Name="Items List" ValueType="1">
        <patch-list>
          <s>13&apos;&apos; Brass Piccolo,8x14 Wood Snare,909 Snare 1,909 Snare 2,alasnare,Ambient Wood Snare,Brush Hit Snare,Electronic Snare,Gated Snare,Jungle Snare,Low Snare,Low Snare2,Orbital Snare,PG Side Stick Snare,PG Snare,Rimshot Snare,Side Stick Snare,Sonic Snare</s>
        </patch-list>
      </Parameter>
      <Parameter Handle="424862121" Module="1598851522" Private="1" Name="Items List" ValueType="1">
        <patch-list>
          <s>909 Closed Hi Hat,909 Open Hi Hat,alahihat,alaopenhat,Closed Hi Hat A,Closed Hi Hat B,Foot Closed Hat,Half Open Hi Hat,Jungle Hi Hat,Low Half Open Hat,Low Hi Hat,Open Hi Hat,PG Foot Closed Hat,PG Hi Hat,Sonic Hi Hat A,Sonic Hi Hat B</s>
        </patch-list>
      </Parameter>
      <Parameter Handle="92290671" Module="1062005664" Private="1" Name="Items List" ValueType="1">
        <patch-list>
          <s>909 Crash,alacrash,Crash Cymbal,PG Crash</s>
        </patch-list>
      </Parameter>
      <Parameter Handle="2101193999" Module="426080147" Private="1" Name="Note Number" ValueType="8" RangeMaximum="127">
        <patch-list>
          <s>38</s>
        </patch-list>
      </Parameter>
      <Parameter Handle="2048613163" Module="1307380209" Private="1" Name="Note Number" ValueType="8" RangeMaximum="127">
        <patch-list>
          <s>42</s>
        </patch-list>
      </Parameter>
      <Parameter Handle="2038928037" Module="300025298" Private="1" Name="Note Number" ValueType="8" RangeMaximum="127">
        <patch-list>
          <s>36</s>
        </patch-list>
      </Parameter>
      <Parameter Handle="1682533370" Module="947513569" Private="1" Name="Note Number" ValueType="8" RangeMaximum="127">
        <patch-list>
          <s>49</s>
        </patch-list>
      </Parameter>
      <Parameter Handle="1665813152" Module="1647388863" Private="1" Name="Note Number" ValueType="8" RangeMaximum="127">
        <patch-list>
          <s>45</s>
        </patch-list>
      </Parameter>
      <Parameter Handle="1526889426" Module="238327958" Private="1" Name="Note Number" ValueType="8" RangeMaximum="127">
        <patch-list>
          <s>41</s>
        </patch-list>
      </Parameter>
      <Parameter Handle="449659588" Module="1346810016" Private="1" Name="Note Number" ValueType="8" RangeMaximum="127">
        <patch-list>
          <s>51</s>
        </patch-list>
      </Parameter>
      <Parameter Handle="123255598" Module="1550307609" Private="1" Name="Note Number" ValueType="8" RangeMaximum="127">
        <patch-list>
          <s>43</s>
        </patch-list>
      </Parameter>
      <Parameter Handle="1741631574" Module="327336328" Private="1" Name="Octaves" ValueType="1">
        <patch-list>
          <s>C1      -      B1</s>
        </patch-list>
      </Parameter>
      <Parameter Handle="1369681787" Module="227000560" Private="1" Name="Octaves" ValueType="1">
        <patch-list>
          <s>C1      -      B1</s>
        </patch-list>
      </Parameter>
      <Parameter Handle="1167887746" Module="57688993" Private="1" Name="Octaves" ValueType="1">
        <patch-list>
          <s>C1      -      B1</s>
        </patch-list>
      </Parameter>
      <Parameter Handle="971398461" Module="787895134" Private="1" Name="Octaves" ValueType="1">
        <patch-list>
          <s>C1      -      B1</s>
        </patch-list>
      </Parameter>
      <Parameter Handle="930354772" Module="674240237" Private="1" Name="Octaves" ValueType="1">
        <patch-list>
          <s>C1      -      B1</s>
        </patch-list>
      </Parameter>
      <Parameter Handle="699277830" Module="1446627192" Private="1" Name="Octaves" ValueType="1">
        <patch-list>
          <s>C1      -      B1</s>
        </patch-list>
      </Parameter>
      <Parameter Handle="314902332" Module="936596388" Private="1" Name="Octaves" ValueType="1">
        <patch-list>
          <s>C1      -      B1</s>
        </patch-list>
      </Parameter>
      <Parameter Handle="1996527292" Module="245304093" ignoreProgramChange="1" Private="1" Name="Path Mouse Down" ValueType="4">
        <patch-list>
          <s>0</s>
        </patch-list>
      </Parameter>
      <Parameter Handle="1829795847" Module="513276532" ignoreProgramChange="1" Private="1" Name="Path Mouse Down" ValueType="4">
        <patch-list>
          <s>0</s>
        </patch-list>
      </Parameter>
      <Parameter Handle="1686344771" Module="1381611212" ignoreProgramChange="1" Private="1" Name="Path Mouse Down" ValueType="4">
        <patch-list>
          <s>0</s>
        </patch-list>
      </Parameter>
      <Parameter Handle="1650836113" Module="1113983855" ignoreProgramChange="1" Private="1" Name="Path Mouse Down" ValueType="4">
        <patch-list>
          <s>0</s>
        </patch-list>
      </Parameter>
      <Parameter Handle="1081895963" Module="1799930827" ignoreProgramChange="1" Private="1" Name="Path Mouse Down" ValueType="4">
        <patch-list>
          <s>0</s>
        </patch-list>
      </Parameter>
      <Parameter Handle="884708370" Module="1658452994" ignoreProgramChange="1" Private="1" Name="Path Mouse Down" ValueType="4">
        <patch-list>
          <s>0</s>
        </patch-list>
      </Parameter>
      <Parameter Handle="202626797" Module="1947486120" ignoreProgramChange="1" Private="1" Name="Path Mouse Down" ValueType="4">
        <patch-list>
          <s>0</s>
        </patch-list>
      </Parameter>
      <Parameter Handle="196882911" Module="1162574863" ignoreProgramChange="1" Private="1" Name="Path Mouse Down" ValueType="4">
        <patch-list>
          <s>0</s>
        </patch-list>
      </Parameter>
      <Parameter Handle="1187676715" HostControl="57" ignoreProgramChange="1" Private="1" persistant="0" Name="Processor/ClearTails" ValueType="8" />
      <Parameter Handle="1862174537" HostControl="4" ignoreProgramChange="1" Private="1" Name="Program Name" ValueType="1">
        <patch-list>
          <s></s>
        </patch-list>
      </Parameter>
      <Parameter Handle="874189581" Module="1619294897" ignoreProgramChange="1" Private="1" Name="Pulse Gen Signal in" RangeMaximum="1">
        <patch-list>
          <s>0</s>
        </patch-list>
      </Parameter>
      <Parameter Handle="865027995" Module="1170588029" ignoreProgramChange="1" Private="1" Name="Switch (1-&gt;Many) Choice" ValueType="8" MetaData="Gate,Gate,Gate,Gate,Gate,Gate,Gate,Gate">
        <patch-list>
          <s>7</s>
        </patch-list>
      </Parameter>
      <Parameter Handle="1920403546" Module="1643904170" Private="1" Name="Switch &gt; (Int) Value Out" ValueType="8">
        <patch-list>
          <s>0</s>
        </patch-list>
      </Parameter>
      <Parameter Handle="1774421175" Module="2023933045" Private="1" Name="Switch &gt; (Int) Value Out" ValueType="8">
        <patch-list>
          <s>3</s>
        </patch-list>
      </Parameter>
      <Parameter Handle="1605273968" Module="1807460712" Private="1" Name="Switch &gt; (Int) Value Out" ValueType="8">
        <patch-list>
          <s>2</s>
        </patch-list>
      </Parameter>
      <Parameter Handle="1330500088" Module="1832766505" Private="1" Name="Switch &gt; (Int) Value Out" ValueType="8">
        <patch-list>
          <s>5</s>
        </patch-list>
      </Parameter>
      <Parameter Handle="1086271883" Module="1493269407" Private="1" Name="Switch &gt; (Int) Value Out" ValueType="8">
        <patch-list>
          <s>3</s>
        </patch-list>
      </Parameter>
      <Parameter Handle="791530737" Module="2117819728" Private="1" Name="Switch &gt; (Int) Value Out" ValueType="8">
        <patch-list>
          <s>2</s>
        </patch-list>
      </Parameter>
      <Parameter Handle="165769074" Module="1894512576" Private="1" Name="Switch &gt; (Int) Value Out" ValueType="8">
        <patch-list>
          <s>1</s>
        </patch-list>
      </Parameter>
      <Parameter Handle="0" MIDI="134217728" HostControl="18" ignoreProgramChange="1" Private="1" persistant="0" Name="Time/BPM" />
      <Parameter Handle="1821277231" MIDI="150994944" HostControl="20" ignoreProgramChange="1" Private="1" persistant="0" Name="Time/TransportPlaying" ValueType="4" />
      <Parameter Handle="1908706541" Module="272239752" ignoreProgramChange="1" Private="1" Name="Trigger To MIDI Gate" ValueType="4">
        <patch-list>
          <s>0</s>
        </patch-list>
      </Parameter>
      <Parameter Handle="1546903498" Module="394118865" ignoreProgramChange="1" Private="1" Name="Trigger To MIDI Gate" ValueType="4">
        <patch-list>
          <s>0</s>
        </patch-list>
      </Parameter>
      <Parameter Handle="1520462564" Module="102981382" ignoreProgramChange="1" Private="1" Name="Trigger To MIDI Gate" ValueType="4">
        <patch-list>
          <s>0</s>
        </patch-list>
      </Parameter>
      <Parameter Handle="947604771" Module="2101534834" ignoreProgramChange="1" Private="1" Name="Trigger To MIDI Gate" ValueType="4">
        <patch-list>
          <s>0</s>
        </patch-list>
      </Parameter>
      <Parameter Handle="775658823" Module="1101641229" ignoreProgramChange="1" Private="1" Name="Trigger To MIDI Gate" ValueType="4">
        <patch-list>
          <s>0</s>
        </patch-list>
      </Parameter>
      <Parameter Handle="574171436" Module="222544707" ignoreProgramChange="1" Private="1" Name="Trigger To MIDI Gate" ValueType="4">
        <patch-list>
          <s>0</s>
        </patch-list>
      </Parameter>
      <Parameter Handle="55792119" Module="411553742" ignoreProgramChange="1" Private="1" Name="Trigger To MIDI Gate" ValueType="4">
        <patch-list>
          <s>0</s>
        </patch-list>
      </Parameter>
      <Parameter Handle="1696726937" Module="23307833" Private="1" Name="TriggerToMIDI#" ValueType="8" RangeMaximum="127">
        <patch-list>
          <s>42</s>
        </patch-list>
      </Parameter>
      <Parameter Handle="1485323254" Module="8206711" Private="1" Name="TriggerToMIDI#" ValueType="8" RangeMaximum="127">
        <patch-list>
          <s>43</s>
        </patch-list>
      </Parameter>
      <Parameter Handle="1119858906" Module="1071253215" Private="1" Name="TriggerToMIDI#" ValueType="8" RangeMaximum="127">
        <patch-list>
          <s>41</s>
        </patch-list>
      </Parameter>
      <Parameter Handle="1089391275" Module="614223521" Private="1" Name="TriggerToMIDI#" ValueType="8" RangeMaximum="127">
        <patch-list>
          <s>38</s>
        </patch-list>
      </Parameter>
      <Parameter Handle="977173148" Module="2114873569" Private="1" Name="TriggerToMIDI#" ValueType="8" RangeMaximum="127">
        <patch-list>
          <s>45</s>
        </patch-list>
      </Parameter>
      <Parameter Handle="607895798" Module="2120837796" Private="1" Name="TriggerToMIDI#" ValueType="8" RangeMaximum="127">
        <patch-list>
          <s>49</s>
        </patch-list>
      </Parameter>
      <Parameter Handle="69678686" Module="692835314" Private="1" Name="TriggerToMIDI#" ValueType="8" RangeMaximum="127">
        <patch-list>
          <s>51</s>
        </patch-list>
      </Parameter>
      <Parameter Handle="1119269453" isPolyphonic="1" Module="159265835" VoiceCount="128" MIDI="419430400" HostControl="12" ignoreProgramChange="1" Private="1" persistant="0" Name="Voice/Active" />
      <Parameter Handle="2093206155" Module="1229949773" Private="1" Name="Wave Player File Name" ValueType="1" MetaData="wav">
        <patch-list>
          <s>C:\Program Files (x86)\Steinberg\Cubase 5\VSTPlugins\Drums\Dr.Modus\toms\10&apos;&apos; Double Head Tom.wav</s>
        </patch-list>
      </Parameter>
      <Parameter Handle="1830997251" Module="1318933742" Private="1" Name="Wave Player File Name" ValueType="1" MetaData="wav">
        <patch-list>
          <s>C:\Program Files (x86)\Steinberg\Cubase 5\VSTPlugins\Drums\Dr.Modus\crash cymbals\PG Crash.wav</s>
        </patch-list>
      </Parameter>
      <Parameter Handle="1496639372" Module="1572932248" Private="1" Name="Wave Player File Name" ValueType="1" MetaData="wav">
        <patch-list>
          <s>C:\Program Files (x86)\Steinberg\Cubase 5\VSTPlugins\Drums\Dr.Modus\hi hats\909 Open Hi Hat.wav</s>
        </patch-list>
      </Parameter>
      <Parameter Handle="1467530599" Module="1798462224" Private="1" Name="Wave Player File Name" ValueType="1" MetaData="wav">
        <patch-list>
          <s>C:\Program Files (x86)\Steinberg\Cubase 5\VSTPlugins\Drums\Dr.Modus\toms\16&apos;&apos; Power Floor Tom.wav</s>
        </patch-list>
      </Parameter>
      <Parameter Handle="1426400932" Module="2117902283" Private="1" Name="Wave Player File Name" ValueType="1" MetaData="wav">
        <patch-list>
          <s>C:\Program Files (x86)\Steinberg\Cubase 5\VSTPlugins\Drums\Dr.Modus\ride cymbals\Ride Cymbal Bell.wav</s>
        </patch-list>
      </Parameter>
      <Parameter Handle="800362955" Module="1735641043" Private="1" Name="Wave Player File Name" ValueType="1" MetaData="wav">
        <patch-list>
          <s>C:\Program Files (x86)\Steinberg\Cubase 5\VSTPlugins\Drums\Dr.Modus\snare drums\Ambient Wood Snare.wav</s>
        </patch-list>
      </Parameter>
      <Parameter Handle="2271445" Module="464558500" Private="1" Name="Wave Player File Name" ValueType="1" MetaData="wav">
        <patch-list>
          <s>C:\Program Files (x86)\Steinberg\Cubase 5\VSTPlugins\Drums\Dr.Modus\toms\14&apos;&apos; Double Head Tom.wav</s>
        </patch-list>
      </Parameter>
      <Parameter Handle="89080333" Module="984077963" Index="0" Private="1" Name="Switch &gt; (Int) Value Out" ValueType="8">
        <patch-list>
          <s>6</s>
        </patch-list>
      </Parameter>
      <Parameter Handle="295297069" Module="1516648926" Index="1" Private="1" Name="Items List" ValueType="1">
        <patch-list>
          <s>20&apos;&apos; Swift Kick,22&apos;&apos; 60&apos;s Kick,22&apos;&apos; Deep Kick,22&apos;&apos; Double Head Kick A,22&apos;&apos; Double Head Kick B,22&apos;&apos; Gated Kick,22&apos;&apos; Power Kick,24&apos;&apos; Power Kick,909 Kick,alakick,Electronic Kick 1,Electronic Kick 2,Jungle Kick,Low Kick,PG Kick,Sonic Kick</s>
        </patch-list>
      </Parameter>
      <Parameter Handle="121899534" Module="449643453" Index="3" Name="Tune Slot 1" RangeMinimum="-100" RangeMaximum="100">
        <patch-list>
          <s>0</s>
        </patch-list>
      </Parameter>
      <Parameter Handle="1855193001" Module="1881486986" Index="6" Private="1" Name="File Dialog" ValueType="1">
        <patch-list>
          <s>20&apos;&apos; Swift Kick,22&apos;&apos; 60&apos;s Kick,22&apos;&apos; Deep Kick,22&apos;&apos; Double Head Kick A,22&apos;&apos; Double Head Kick B,22&apos;&apos; Gated Kick,22&apos;&apos; Power Kick,24&apos;&apos; Power Kick,909 Kick,alakick,Electronic Kick 1,Electronic Kick 2,Jungle Kick,Low Kick,PG Kick,Sonic Kick</s>
        </patch-list>
      </Parameter>
      <Parameter Handle="1713404088" Module="800197930" Index="7" Private="1" Name="Directory" ValueType="1">
        <patch-list>
          <s>C:\Program Files (x86)\Steinberg\Cubase 5\VSTPlugins\Drums\Dr.Modus\bass drums</s>
        </patch-list>
      </Parameter>
      <Parameter Handle="74740558" Module="1410584797" Index="11" Private="1" Name="Octaves" ValueType="1">
        <patch-list>
          <s>C1      -      B1</s>
        </patch-list>
      </Parameter>
      <Parameter Handle="2000408369" Module="88356640" Index="12" Name="Decay Slot 1" RangeMaximum="100">
        <patch-list>
          <s>92</s>
        </patch-list>
      </Parameter>
      <Parameter Handle="1059740927" Module="8875080" Index="15" Private="1" Name="TriggerToMIDI#" ValueType="8" RangeMaximum="127">
        <patch-list>
          <s>36</s>
        </patch-list>
      </Parameter>
      <Parameter Handle="1241936309" Module="37039803" Index="23" ignoreProgramChange="1" Private="1" Name="Trigger To MIDI Gate" ValueType="4">
        <patch-list>
          <s>0</s>
        </patch-list>
      </Parameter>
      <Parameter Handle="1738394642" Module="2119947157" Index="32" Name="Pan Slot 1" RangeMinimum="-50" RangeMaximum="50">
        <patch-list>
          <s>0</s>
        </patch-list>
      </Parameter>
      <Parameter Handle="8889321" Module="1747168238" Index="33" Name="Volume Slot 1" RangeMaximum="100">
        <patch-list>
          <s>100</s>
        </patch-list>
      </Parameter>
      <Parameter Handle="58122949" Module="1338453848" ModuleParamId="5" Index="34" Private="1" Name="">
        <patch-list>
          <s>1</s>
        </patch-list>
      </Parameter>
      <Parameter Handle="1035019230" Module="206203875" Index="34" Private="1" Name="Wave Player File Name" ValueType="1" MetaData="wav">
        <patch-list>
          <s>C:\Program Files (x86)\Steinberg\Cubase 5\VSTPlugins\Drums\Dr.Modus\bass drums\22&apos;&apos; Power Kick.wav</s>
        </patch-list>
      </Parameter>
      <Parameter Handle="1039228197" Module="1338453848" ModuleParamId="6" Index="35" Private="1" Name="">
        <patch-list>
          <s>1</s>
        </patch-list>
      </Parameter>
      <Parameter Handle="1180801406" Module="1379458551" Index="35" Name="Decay Slot 2" RangeMaximum="100">
        <patch-list>
          <s>77.2284</s>
        </patch-list>
      </Parameter>
      <Parameter Handle="1271145252" Module="1338453848" ModuleParamId="2" Index="36" Private="1" Name="">
        <patch-list>
          <s>1</s>
        </patch-list>
      </Parameter>
      <Parameter Handle="1460176813" Module="1338453848" Index="37" Private="1" Name="">
        <patch-list>
          <s>1</s>
        </patch-list>
      </Parameter>
      <Parameter Handle="825150671" Module="742349303" Index="37" Name="Pan Slot 2" RangeMinimum="-50" RangeMaximum="50">
        <patch-list>
          <s>0</s>
        </patch-list>
      </Parameter>
      <Parameter Handle="1513787114" Module="1338453848" ModuleParamId="7" Index="38" Private="1" Name="">
        <patch-list>
          <s>1</s>
        </patch-list>
      </Parameter>
      <Parameter Handle="1549697208" Module="1338453848" ModuleParamId="3" Index="39" Private="1" Name="">
        <patch-list>
          <s>1</s>
        </patch-list>
      </Parameter>
      <Parameter Handle="1923800666" Module="668422843" Index="39" Name="Tune Slot 2" RangeMinimum="-100" RangeMaximum="100">
        <patch-list>
          <s>0</s>
        </patch-list>
      </Parameter>
      <Parameter Handle="1634162136" Module="1338453848" ModuleParamId="1" Index="40" Private="1" Name="">
        <patch-list>
          <s>1</s>
        </patch-list>
      </Parameter>
      <Parameter Handle="2021254878" Module="1031071271" Index="40" Name="Volume Slot 2" RangeMaximum="100">
        <patch-list>
          <s>100</s>
        </patch-list>
      </Parameter>
      <Parameter Handle="2136051417" Module="1338453848" ModuleParamId="4" Index="41" Private="1" Name="">
        <patch-list>
          <s>1</s>
        </patch-list>
      </Parameter>
      <Parameter Handle="1586417743" Module="268029001" Index="41" ignoreProgramChange="1" Private="1" Name="Divisions Choice" ValueType="8" MetaData="1/1,1/2,1/4D,1/4,1/8D,1/4T,1/8,1/8T,1/16">
        <patch-list>
          <s>3</s>
        </patch-list>
      </Parameter>
      <Parameter Handle="1974646641" Module="1147997543" Index="42" Name="Decay Slot 3" RangeMaximum="100">
        <patch-list>
          <s>58.0864</s>
        </patch-list>
      </Parameter>
      <Parameter Handle="967463843" Module="1256452127" Index="43" ignoreProgramChange="1" Private="1" Name="" ValueType="4">
        <patch-list>
          <s>0</s>
        </patch-list>
      </Parameter>
      <Parameter Handle="781757085" Module="2101587289" Index="44" Name="Pan Slot 3" RangeMinimum="-50" RangeMaximum="50">
        <patch-list>
          <s>0</s>
        </patch-list>
      </Parameter>
      <Parameter Handle="834321394" Module="204612376" Index="46" Name="Tune Slot 3" RangeMinimum="-100" RangeMaximum="100">
        <patch-list>
          <s>0</s>
        </patch-list>
      </Parameter>
      <Parameter Handle="1083682859" Module="740026686" Index="47" Name="Volume Slot 3" RangeMaximum="100">
        <patch-list>
          <s>100</s>
        </patch-list>
      </Parameter>
      <Parameter Handle="1014315149" Module="2136647024" Index="49" Name="Decay Slot 4" RangeMaximum="100">
        <patch-list>
          <s>100</s>
        </patch-list>
      </Parameter>
      <Parameter Handle="78913357" Module="1886945332" Index="51" Name="Pan Slot 4" RangeMinimum="-50" RangeMaximum="50">
        <patch-list>
          <s>-50</s>
        </patch-list>
      </Parameter>
      <Parameter Handle="1738149616" Module="1349091751" Index="53" Name="Tune Slot 4" RangeMinimum="-100" RangeMaximum="100">
        <patch-list>
          <s>47</s>
        </patch-list>
      </Parameter>
      <Parameter Handle="34025646" Module="1366717114" Index="54" Name="Volume Slot 4" RangeMaximum="100">
        <patch-list>
          <s>71</s>
        </patch-list>
      </Parameter>
      <Parameter Handle="788229639" Module="942396733" Index="57" Name="Decay Slot 5" RangeMaximum="100">
        <patch-list>
          <s>99.5</s>
        </patch-list>
      </Parameter>
      <Parameter Handle="1768574047" Module="876768654" Index="58" Name="Decay Slot 6" RangeMaximum="100">
        <patch-list>
          <s>100</s>
        </patch-list>
      </Parameter>
      <Parameter Handle="428219841" Module="355455028" Index="61" Name="Pan Slot 5" RangeMinimum="-50" RangeMaximum="50">
        <patch-list>
          <s>50</s>
        </patch-list>
      </Parameter>
      <Parameter Handle="279159404" Module="1737131364" Index="62" Name="Pan Slot 6" RangeMinimum="-50" RangeMaximum="50">
        <patch-list>
          <s>0</s>
        </patch-list>
      </Parameter>
      <Parameter Handle="1141268868" Module="1325009662" Index="65" Name="Tune Slot 5" RangeMinimum="-100" RangeMaximum="100">
        <patch-list>
          <s>0</s>
        </patch-list>
      </Parameter>
      <Parameter Handle="319977476" Module="991540395" Index="66" Name="Tune Slot 6" RangeMinimum="-100" RangeMaximum="100">
        <patch-list>
          <s>0</s>
        </patch-list>
      </Parameter>
      <Parameter Handle="1094337187" Module="1922800705" Index="67" Name="Volume Slot 5" RangeMaximum="100">
        <patch-list>
          <s>100</s>
        </patch-list>
      </Parameter>
      <Parameter Handle="1391371031" Module="274107235" Index="68" Name="Volume Slot 6" RangeMaximum="100">
        <patch-list>
          <s>100</s>
        </patch-list>
      </Parameter>
      <Parameter Handle="1884257377" Module="1568391469" Index="71" Name="Decay Slot 7" RangeMaximum="100">
        <patch-list>
          <s>100</s>
        </patch-list>
      </Parameter>
      <Parameter Handle="900752119" Module="1360066028" Index="72" Name="Decay Slot 8" RangeMaximum="100">
        <patch-list>
          <s>32</s>
        </patch-list>
      </Parameter>
      <Parameter Handle="1820422601" Module="832632799" Index="75" Name="Pan Slot 7" RangeMinimum="-50" RangeMaximum="50">
        <patch-list>
          <s>0</s>
        </patch-list>
      </Parameter>
      <Parameter Handle="1745986514" Module="1333698045" Index="76" Name="Pan Slot 8" RangeMinimum="-50" RangeMaximum="50">
        <patch-list>
          <s>0</s>
        </patch-list>
      </Parameter>
      <Parameter Handle="736021278" Module="926254040" Index="79" Name="Tune Slot 7" RangeMinimum="-100" RangeMaximum="100">
        <patch-list>
          <s>0</s>
        </patch-list>
      </Parameter>
      <Parameter Handle="371807132" Module="1442040256" Index="80" Name="Tune Slot 8" RangeMinimum="-100" RangeMaximum="100">
        <patch-list>
          <s>0</s>
        </patch-list>
      </Parameter>
      <Parameter Handle="1133818016" Module="1861386924" Index="81" Name="Volume Slot 7" RangeMaximum="100">
        <patch-list>
          <s>100</s>
        </patch-list>
      </Parameter>
      <Parameter Handle="695097681" Module="1673560429" Index="82" Name="Volume Slot 8" RangeMaximum="100">
        <patch-list>
          <s>100</s>
        </patch-list>
      </Parameter>
    </Parameters>
  </PatchManager>
  <ChildControllers />
</Controller>
