
{
	"gui" : 
	{
		"connections" : 
		[
			
			{
				"fMod" : 305088334,
				"fPin" : 2,
				"tMod" : 76092266
			},
			
			{
				"fMod" : 42493671,
				"fPin" : 2,
				"tMod" : 622099397
			},
			
			{
				"fMod" : 1314389322,
				"fPin" : 1,
				"tMod" : 894827406,
				"tPin" : 2
			},
			
			{
				"fMod" : 1728864930,
				"fPin" : 1,
				"tMod" : 554118875,
				"tPin" : 1
			},
			
			{
				"fMod" : 729884747,
				"tMod" : 1314389322
			},
			
			{
				"fMod" : 554118875,
				"fPin" : 3,
				"tMod" : 729884747,
				"tPin" : 3
			},
			
			{
				"fMod" : 967360005,
				"fPin" : 3,
				"tMod" : 76092266,
				"tPin" : 3
			},
			
			{
				"fMod" : 967360005,
				"fPin" : 3,
				"tMod" : 622099397,
				"tPin" : 3
			},
			
			{
				"fMod" : 967360005,
				"fPin" : 3,
				"tMod" : 1565654645,
				"tPin" : 2
			},
			
			{
				"fMod" : 967360005,
				"fPin" : 3,
				"tMod" : 356782163,
				"tPin" : 2
			},
			
			{
				"fMod" : 967360005,
				"fPin" : 3,
				"tMod" : 312946545,
				"tPin" : 5
			},
			
			{
				"fMod" : 967360005,
				"fPin" : 3,
				"tMod" : 199971474,
				"tPin" : 5
			},
			
			{
				"fMod" : 1365208491,
				"tMod" : 894827406,
				"tPin" : 3
			},
			
			{
				"fMod" : 894827406,
				"fPin" : 1,
				"tMod" : 967360005
			},
			
			{
				"fMod" : 1652438937,
				"fPin" : 7,
				"tMod" : 20951462
			},
			
			{
				"fMod" : 1652438937,
				"fPin" : 7,
				"tMod" : 894827406
			},
			
			{
				"fMod" : 1467732860,
				"fPin" : 7,
				"tMod" : 356782163,
				"tPin" : 9
			},
			
			{
				"fMod" : 1467732860,
				"fPin" : 8,
				"tMod" : 356782163,
				"tPin" : 10
			},
			
			{
				"fMod" : 496961749,
				"fPin" : 7,
				"tMod" : 1565654645,
				"tPin" : 9
			},
			
			{
				"fMod" : 354970847,
				"fPin" : 3,
				"tMod" : 42493671
			},
			
			{
				"fMod" : 354970847,
				"fPin" : 3,
				"tMod" : 305088334
			},
			
			{
				"fMod" : 354970847,
				"fPin" : 3,
				"tMod" : 1728864930
			},
			
			{
				"fMod" : 354970847,
				"fPin" : 4,
				"tMod" : 42493671,
				"tPin" : 1
			},
			
			{
				"fMod" : 354970847,
				"fPin" : 5,
				"tMod" : 305088334,
				"tPin" : 1
			},
			
			{
				"fMod" : 76092266,
				"fPin" : 11,
				"tMod" : 1846161018,
				"tPin" : 2
			},
			
			{
				"fMod" : 622099397,
				"fPin" : 11,
				"tMod" : 1846161018,
				"tPin" : 1
			},
			
			{
				"fMod" : 1846161018,
				"tMod" : 20951462,
				"tPin" : 2
			},
			
			{
				"fMod" : 1350720572,
				"fPin" : 6,
				"tMod" : 199971474,
				"tPin" : 1
			},
			
			{
				"fMod" : 1350720572,
				"fPin" : 8,
				"tMod" : 199971474
			},
			
			{
				"fMod" : 1350720572,
				"fPin" : 9,
				"tMod" : 199971474,
				"tPin" : 2
			},
			
			{
				"fMod" : 1350720572,
				"fPin" : 10,
				"tMod" : 199971474,
				"tPin" : 3
			},
			
			{
				"fMod" : 1350720572,
				"fPin" : 11,
				"tMod" : 199971474,
				"tPin" : 4
			},
			
			{
				"fMod" : 1961213744,
				"fPin" : 6,
				"tMod" : 312946545,
				"tPin" : 1
			},
			
			{
				"fMod" : 1961213744,
				"fPin" : 8,
				"tMod" : 312946545
			},
			
			{
				"fMod" : 1961213744,
				"fPin" : 9,
				"tMod" : 312946545,
				"tPin" : 2
			},
			
			{
				"fMod" : 1961213744,
				"fPin" : 10,
				"tMod" : 312946545,
				"tPin" : 3
			},
			
			{
				"fMod" : 1961213744,
				"fPin" : 11,
				"tMod" : 312946545,
				"tPin" : 4
			},
			
			{
				"fMod" : 324509016,
				"fPin" : 7,
				"tMod" : 554118875
			},
			
			{
				"fMod" : 324509016,
				"fPin" : 8,
				"tMod" : 76092266,
				"tPin" : 7
			},
			
			{
				"fMod" : 324509016,
				"fPin" : 8,
				"tMod" : 76092266,
				"tPin" : 8
			},
			
			{
				"fMod" : 34294266,
				"fPin" : 8,
				"tMod" : 967360005,
				"tPin" : 2
			},
			
			{
				"fMod" : 34294266,
				"fPin" : 8,
				"tMod" : 622099397,
				"tPin" : 7
			},
			
			{
				"fMod" : 34294266,
				"fPin" : 8,
				"tMod" : 622099397,
				"tPin" : 8
			},
			
			{
				"fMod" : 372491673,
				"tMod" : 1565654645,
				"tPin" : 10
			},
			
			{
				"fMod" : 725552882,
				"tMod" : 1965541402
			},
			
			{
				"fMod" : 725552882,
				"fPin" : 1,
				"tMod" : 1695781326
			},
			
			{
				"fMod" : 725552882,
				"fPin" : 2,
				"tMod" : 942155690
			},
			
			{
				"fMod" : 725552882,
				"fPin" : 3,
				"tMod" : 1709674974
			},
			
			{
				"fMod" : 132669567,
				"fPin" : 5,
				"tMod" : 448429152
			},
			
			{
				"fMod" : 132669567,
				"fPin" : 6,
				"tMod" : 448429152,
				"tPin" : 1
			},
			
			{
				"fMod" : 132669567,
				"fPin" : 7,
				"tMod" : 1635918079
			},
			
			{
				"fMod" : 132669567,
				"fPin" : 8,
				"tMod" : 1635918079,
				"tPin" : 1
			}
		],
		"handle" : 1303764461,
		"height" : 216,
		"modules" : 
		[
			
			{
				"handle" : 305088334,
				"type" : "SE ListToText"
			},
			
			{
				"handle" : 42493671,
				"type" : "SE ListToText"
			},
			
			{
				"handle" : 1314389322,
				"type" : "AnimPosToHex"
			},
			
			{
				"handle" : 1728864930,
				"type" : "SE IntToFloat GUI"
			},
			
			{
				"Pins" : 
				[
					
					{
						"Id" : 1,
						"default" : "0,1"
					}
				],
				"handle" : 20951462,
				"type" : "SE Increment3B"
			},
			
			{
				"Pins" : 
				[
					
					{
						"Id" : 1,
						"default" : "0.0833333"
					}
				],
				"handle" : 729884747,
				"type" : "SE Float Scaler2"
			},
			
			{
				"Pins" : 
				[
					
					{
						"Id" : 2,
						"default" : "12.01"
					}
				],
				"handle" : 554118875,
				"type" : "FloatModulus"
			},
			
			{
				"handle" : 967360005,
				"type" : "Brightness"
			},
			
			{
				"PinCount" : 1,
				"Pins" : 
				[
					
					{
						"AutoCopy" : 0,
						"Id" : 0,
						"default" : "FF5c5c5c",
						"name" : "FF5c5c5c"
					}
				],
				"handle" : 1365208491,
				"type" : "SE:GUIFixedValues_text"
			},
			
			{
				"PinCount" : 4,
				"Pins" : 
				[
					
					{
						"AutoCopy" : 2,
						"Id" : 2,
						"name" : "Hex"
					},
					
					{
						"AutoCopy" : 2,
						"Id" : 3,
						"name" : "FF5c5c5c"
					}
				],
				"handle" : 894827406,
				"type" : "SE GuiSwitch < (Text)"
			},
			
			{
				"handle" : 1652438937,
				"type" : "SE PatchMemory Int"
			},
			
			{
				"handle" : 1467732860,
				"type" : "SE PatchMemory List3"
			},
			
			{
				"handle" : 496961749,
				"type" : "SE PatchMemory List3"
			},
			
			{
				"handle" : 354970847,
				"type" : "majors asc"
			},
			
			{
				"handle" : 76092266,
				"pb" : 91,
				"pl" : 217,
				"pr" : 316,
				"pt" : 42,
				"type" : "DisplayText"
			},
			
			{
				"handle" : 622099397,
				"pb" : 91,
				"pl" : 318,
				"pr" : 417,
				"pt" : 42,
				"type" : "DisplayText"
			},
			
			{
				"PinCount" : 3,
				"Pins" : 
				[
					
					{
						"AutoCopy" : 1,
						"Id" : 1,
						"name" : "Ctrl+click"
					},
					
					{
						"AutoCopy" : 1,
						"Id" : 2,
						"name" : "Ctrl+click"
					}
				],
				"handle" : 1846161018,
				"type" : "OR Gate GuiROutLIn"
			},
			
			{
				"handle" : 1350720572,
				"type" : "SE PatchMemory Float"
			},
			
			{
				"handle" : 1961213744,
				"type" : "SE PatchMemory Float"
			},
			
			{
				"handle" : 324509016,
				"type" : "SE PatchMemory Float"
			},
			
			{
				"handle" : 34294266,
				"type" : "SE PatchMemory Float"
			},
			
			{
				"PinCount" : 1,
				"Pins" : 
				[
					
					{
						"AutoCopy" : 0,
						"Id" : 0,
						"default" : "major,minor",
						"name" : "major,minor"
					}
				],
				"handle" : 372491673,
				"type" : "SE:GUIFixedValues_text"
			},
			
			{
				"handle" : 312946545,
				"pb" : 171,
				"pl" : 347,
				"pr" : 389,
				"pt" : 127,
				"type" : "VectorKnobX"
			},
			
			{
				"handle" : 199971474,
				"pb" : 198,
				"pl" : 321,
				"pr" : 415,
				"pt" : 100,
				"type" : "VectorKnobX"
			},
			
			{
				"PinCount" : 4,
				"Pins" : 
				[
					
					{
						"AutoCopy" : 0,
						"Id" : 0,
						"default" : "Mode",
						"name" : "Text"
					},
					
					{
						"AutoCopy" : 0,
						"Id" : 1,
						"default" : "Root",
						"name" : "Text"
					},
					
					{
						"AutoCopy" : 0,
						"Id" : 2,
						"default" : "Degree",
						"name" : "Text"
					},
					
					{
						"AutoCopy" : 0,
						"Id" : 3,
						"default" : "Note",
						"name" : "Text"
					}
				],
				"handle" : 725552882,
				"type" : "SE:GUIFixedValues_text"
			},
			
			{
				"Pins" : 
				[
					
					{
						"Id" : 2,
						"default" : "ff5c5c5c"
					},
					
					{
						"Id" : 4,
						"default" : "heading 3"
					},
					
					{
						"Id" : 6,
						"default" : "0"
					},
					
					{
						"default" : "0"
					}
				],
				"handle" : 1709674974,
				"pb" : 40,
				"pl" : 318,
				"pr" : 417,
				"pt" : 15,
				"type" : "TextX"
			},
			
			{
				"Pins" : 
				[
					
					{
						"Id" : 2,
						"default" : "ff5c5c5c"
					},
					
					{
						"Id" : 4,
						"default" : "heading 3"
					},
					
					{
						"Id" : 6,
						"default" : "0"
					},
					
					{
						"default" : "0"
					}
				],
				"handle" : 942155690,
				"pb" : 40,
				"pl" : 217,
				"pr" : 316,
				"pt" : 15,
				"type" : "TextX"
			},
			
			{
				"Pins" : 
				[
					
					{
						"Id" : 2,
						"default" : "ff5c5c5c"
					},
					
					{
						"Id" : 4,
						"default" : "heading 3"
					},
					
					{
						"Id" : 6,
						"default" : "0"
					},
					
					{
						"default" : "0"
					}
				],
				"handle" : 1695781326,
				"pb" : 40,
				"pl" : 115,
				"pr" : 215,
				"pt" : 15,
				"type" : "TextX"
			},
			
			{
				"Pins" : 
				[
					
					{
						"Id" : 2,
						"default" : "ff5c5c5c"
					},
					
					{
						"Id" : 4,
						"default" : "heading 3"
					},
					
					{
						"Id" : 6,
						"default" : "0"
					},
					
					{
						"default" : "0"
					}
				],
				"handle" : 1965541402,
				"pb" : 40,
				"pl" : 15,
				"pr" : 113,
				"pt" : 15,
				"type" : "TextX"
			},
			
			{
				"VoiceContainer" : 1303764461,
				"handle" : 132669567,
				"type" : "SE Polyphony Control2"
			},
			
			{
				"VoiceContainer" : 1303764461,
				"handle" : 1927104641,
				"pb" : 200,
				"pl" : 16,
				"pr" : 326,
				"pt" : 97,
				"type" : "SE Keyboard2"
			},
			
			{
				"Pins" : 
				[
					
					{
						"Id" : 5,
						"default" : "sans-Serif"
					},
					
					{
						"default" : "24"
					}
				],
				"handle" : 1565654645,
				"pb" : 91,
				"pl" : 15,
				"pr" : 113,
				"pt" : 42,
				"type" : "DisplayList"
			},
			
			{
				"Pins" : 
				[
					
					{
						"Id" : 5,
						"default" : "sans-Serif"
					},
					
					{
						"default" : "28"
					}
				],
				"handle" : 356782163,
				"pb" : 91,
				"pl" : 115,
				"pr" : 215,
				"pt" : 42,
				"type" : "DisplayList"
			},
			
			{
				"Pins" : 
				[
					
					{
						"default" : "5"
					},
					
					{
						"Id" : 5,
						"default" : "ff224466"
					},
					
					{
						"default" : "FF000000"
					}
				],
				"handle" : 1923524971,
				"pb" : 207,
				"pl" : 10,
				"pr" : 424,
				"pt" : 9,
				"type" : "SE Rectangle XP"
			},
			
			{
				"Pins" : 
				[
					
					{
						"Id" : 0,
						"default" : "background"
					},
					
					{
						"Id" : 1,
						"default" : "1"
					}
				],
				"handle" : 312057596,
				"ignoremouse" : "true",
				"pb" : 216,
				"pl" : 0,
				"pr" : 432,
				"pt" : 0,
				"type" : "SE Plain Image"
			}
		],
		"skin" : "default2",
		"vst_about_text" : "",
		"vst_nag_user" : false,
		"width" : 432
	}
}
