<?xml version="1.0" encoding="UTF-8"?>
<Document>
    <PluginList>
        <Plugin id="My RectangleX" name="RectangleX" imbeddedFilename="RectangleX.sem">
            <GUI graphicsApi="GmpiGui">
                <Pin name="OnPointerDown" datatype="float" private="true"/>
                <Pin name="Value (+Shift)" datatype="float"/>
                <Pin name="Value (+Ctrl)" datatype="float"/>
                <Pin name="OnPointerUp" datatype="float" private="true"/>
                <Pin name="OnPointerUpALT" datatype="float" private="true"/>
                <Pin name="Corner Radius" datatype="float" default="100" isMinimised="true"/>
                <Pin name="Top Left" datatype="bool" default="1" isMinimised="true"/>
                <Pin name="Top Right" datatype="bool" default="1" isMinimised="true"/>
                <Pin name="Bottom Left" datatype="bool" default="1" isMinimised="true"/>
                <Pin name="Bottom Right" datatype="bool" default="1" isMinimised="true"/>
                <Pin name="Top Color" datatype="string" default="FF9A9AAA"/>
                <Pin name="Bottom Color" datatype="string" default="FF858595"/>
                <Pin name="MinShift" datatype="float" isMinimised="true"/>
                <Pin name="MaxShift" datatype="float" default="255" isMinimised="true"/>
                <Pin name="MinCtrl" datatype="float" default="-120" isMinimised="true"/>
                <Pin name="MaxCtrl" datatype="float" default="255" isMinimised="true"/>
                <Pin name="Mouse Down" datatype="bool"/>
                <Pin name="MouseDown+Shift" datatype="bool"/>
                <Pin name="MouseDown+Ctrl" datatype="bool"/>
            </GUI>
        </Plugin>
        <Plugin id="NoteName" name="NoteName" imbeddedFilename="NoteName.sem">
            <Parameters>
                <Parameter id="0" datatype="int" name=""/>
                <Parameter id="1" datatype="bool" name=""/>
            </Parameters>
            <Audio>
                <Pin name="MIDI In" datatype="midi"/>
                <Pin name="Pitch" datatype="int" direction="out" private="true" parameterId="0"/>
                <Pin name="NoteOff" datatype="bool" direction="out" private="true" parameterId="1"/>
                <Pin name="Transport Run" datatype="bool"/>
                <Pin name="Channel" datatype="int" default="1"/>
            </Audio>
            <GUI>
                <Pin name="Pitch In" datatype="int" private="true" parameterId="0"/>
                <Pin name="Text" datatype="string" direction="out"/>
                <Pin name="♯/♭" datatype="bool"/>
                <Pin name="Accidentals" datatype="string" direction="out" private="true"/>
                <Pin name="Note# Out" datatype="int"/>
                <Pin name="NoteOff" datatype="bool" private="true" parameterId="1"/>
            </GUI>
        </Plugin>
        <Plugin id="SE BPM Tempo" name="BPM Tempo" imbeddedFilename="BpmClock3.sem">
            <Audio>
                <Pin name="Host BPM" datatype="float" private="true" hostConnect="Time/BPM"/>
                <Pin name="Host Transport" datatype="bool" private="true" hostConnect="Time/TransportPlaying"/>
                <Pin name="Tempo Out" datatype="float" rate="audio" direction="out"/>
                <Pin name="Transport Run" datatype="float" rate="audio" direction="out"/>
                <Pin name="" datatype="int" private="true" hostConnect="Processor/ClearTails"/>
                <Pin name="Processor Resumed" datatype="bool" direction="out"/>
            </Audio>
        </Plugin>
        <Plugin id="SE Blob2ToBlob" name="Blob2 To Blob" imbeddedFilename="Converters.sem">
            <Audio>
                <Pin name="Blob2 Val" datatype="blob2"/>
                <Pin name="Blob Val" datatype="blob" direction="out"/>
            </Audio>
        </Plugin>
        <Plugin id="SE BlobToBlob2" name="Blob To Blob2" imbeddedFilename="Converters.sem">
            <Audio>
                <Pin name="Blob Val" datatype="blob"/>
                <Pin name="Blob2 Val" datatype="blob2" direction="out"/>
            </Audio>
        </Plugin>
        <Plugin id="SE BoolToFloat" name="Bool To Float" imbeddedFilename="Converters.sem">
            <Audio>
                <Pin name="Bool Val" datatype="bool"/>
                <Pin name="Float Val" datatype="float" direction="out"/>
            </Audio>
        </Plugin>
        <Plugin id="SE BoolToInt" name="Bool To Int" imbeddedFilename="Converters.sem">
            <Audio>
                <Pin name="Bool Val" datatype="bool"/>
                <Pin name="Int Val" datatype="int" direction="out"/>
            </Audio>
        </Plugin>
        <Plugin id="SE BoolToText" name="Bool To Text" imbeddedFilename="Converters.sem">
            <Audio>
                <Pin name="Bool Val" datatype="bool"/>
                <Pin name="Text Val" datatype="string" direction="out"/>
            </Audio>
        </Plugin>
        <Plugin id="SE BoolToVolts" name="Bool to Volts" imbeddedFilename="Converters.sem">
            <Audio>
                <Pin name="In" datatype="bool"/>
                <Pin name="Out" datatype="float" rate="audio" direction="out"/>
            </Audio>
        </Plugin>
        <Plugin id="SE Concat" name="Concat" imbeddedFilename="SubControlsXp.sem">
            <GUI>
                <Pin name="Text" datatype="string"/>
                <Pin name="Text" datatype="string"/>
                <Pin name="Concatenated" datatype="string" direction="out"/>
            </GUI>
        </Plugin>
        <Plugin id="SE Float64ToFloat" name="Double To Float" imbeddedFilename="Converters.sem">
            <Audio>
                <Pin name="Double Val" datatype="double"/>
                <Pin name="Float Val" datatype="float" direction="out"/>
            </Audio>
        </Plugin>
        <Plugin id="SE Float64ToFloatGui" name="Double To Float" imbeddedFilename="Converters.sem">
            <GUI>
                <Pin name="Double Val" datatype="double"/>
                <Pin name="Float Val" datatype="float" direction="out"/>
            </GUI>
        </Plugin>
        <Plugin id="SE FloatToBool" name="Float To Bool" imbeddedFilename="Converters.sem">
            <Audio>
                <Pin name="Float Val" datatype="float"/>
                <Pin name="Bool Val" datatype="bool" direction="out"/>
            </Audio>
        </Plugin>
        <Plugin id="SE FloatToFloat64" name="Float To Double" imbeddedFilename="Converters.sem">
            <Audio>
                <Pin name="Float Val" datatype="float"/>
                <Pin name="Double Val" datatype="double" direction="out"/>
            </Audio>
        </Plugin>
        <Plugin id="SE FloatToFloat64Gui" name="Float To Double" imbeddedFilename="Converters.sem">
            <GUI>
                <Pin name="Float Val" datatype="float"/>
                <Pin name="Double Val" datatype="double" direction="out"/>
            </GUI>
        </Plugin>
        <Plugin id="SE FloatToInt" name="Float To Int" imbeddedFilename="Converters.sem">
            <Audio>
                <Pin name="Float Val" datatype="float"/>
                <Pin name="Int Val" datatype="int" direction="out"/>
            </Audio>
        </Plugin>
        <Plugin id="SE FloatToText" name="Float To Text" imbeddedFilename="Converters.sem">
            <Audio>
                <Pin name="Float Val" datatype="float"/>
                <Pin name="Text Val" datatype="string" direction="out"/>
            </Audio>
        </Plugin>
        <Plugin id="SE Int64ToInt" name="Int64 To Int" imbeddedFilename="Converters.sem">
            <Audio>
                <Pin name="Int64 Val" datatype="int64"/>
                <Pin name="Int Val" datatype="int" direction="out"/>
            </Audio>
        </Plugin>
        <Plugin id="SE Int64ToIntGui" name="Int64 To Int" imbeddedFilename="Converters.sem">
            <GUI>
                <Pin name="Int64 Val" datatype="int64"/>
                <Pin name="Int Val" datatype="int" direction="out"/>
            </GUI>
        </Plugin>
        <Plugin id="SE IntToBool" name="Int to Bool" imbeddedFilename="Converters.sem">
            <Audio>
                <Pin name="Int Val" datatype="int"/>
                <Pin name="Bool Val" datatype="bool" direction="out"/>
            </Audio>
        </Plugin>
        <Plugin id="SE IntToFloat" name="Int To Float" imbeddedFilename="Converters.sem">
            <Audio>
                <Pin name="Int Val" datatype="int"/>
                <Pin name="Float Val" datatype="float" direction="out"/>
            </Audio>
        </Plugin>
        <Plugin id="SE IntToInt64" name="Int To Int64" imbeddedFilename="Converters.sem">
            <Audio>
                <Pin name="Int Val" datatype="int"/>
                <Pin name="Int64 Val" datatype="int64" direction="out"/>
            </Audio>
        </Plugin>
        <Plugin id="SE IntToInt64Gui" name="Int To Int64" imbeddedFilename="Converters.sem">
            <GUI>
                <Pin name="Int Val" datatype="int"/>
                <Pin name="Int64 Val" datatype="int64" direction="out"/>
            </GUI>
        </Plugin>
        <Plugin id="SE IntToText" name="Int To Text" imbeddedFilename="Converters.sem">
            <Audio>
                <Pin name="Int Val" datatype="int"/>
                <Pin name="Text Val" datatype="string" direction="out"/>
            </Audio>
        </Plugin>
        <Plugin id="SE IntToVolts" name="Int to Volts" imbeddedFilename="Converters.sem">
            <Audio>
                <Pin name="In" datatype="int"/>
                <Pin name="Out" datatype="float" rate="audio" direction="out"/>
            </Audio>
        </Plugin>
        <Plugin id="SE ListToInt" name="List To Int" imbeddedFilename="Converters.sem">
            <Audio>
                <Pin name="List Val" datatype="enum"/>
                <Pin name="Int Val" datatype="int" direction="out"/>
            </Audio>
        </Plugin>
        <Plugin id="SE ListToText" name="List to Text" imbeddedFilename="Converters.sem">
            <GUI>
                <Pin name="Choice" datatype="int"/>
                <Pin name="Item List" datatype="string"/>
                <Pin name="Item Text" datatype="string" direction="out"/>
            </GUI>
        </Plugin>
        <Plugin id="SE PatchMemory Float" name="PatchMemory Float3" imbeddedFilename="PatchMemory.sem">
            <Parameters>
                <Parameter id="0" datatype="float" name=""/>
            </Parameters>
            <Audio>
                <Pin name="Value In" datatype="float" private="true" parameterId="0"/>
                <Pin name="Value Out" datatype="float" direction="out" autoConfigureParameter="true"/>
            </Audio>
            <GUI>
                <Pin name="Value In" datatype="float" private="true" parameterId="0"/>
                <Pin name="Name In" datatype="string" private="true" parameterId="0" parameterField="1"/>
                <Pin name="Menu Items" datatype="string" private="true" parameterId="0" parameterField="3"/>
                <Pin name="Menu Selection" datatype="int" private="true" parameterId="0" parameterField="4"/>
                <Pin name="Mouse Down" datatype="bool" private="true" parameterId="0" parameterField="14"/>
                <Pin name="AnimationIn" datatype="float" private="true" parameterId="0" parameterField="15"/>
                <Pin name="Name" datatype="string" direction="out"/>
                <Pin name="Value" datatype="float" direction="out"/>
                <Pin name="Animation Position" datatype="float" direction="out"/>
                <Pin name="Menu Items" datatype="string" direction="out"/>
                <Pin name="Menu Selection" datatype="int" direction="out"/>
                <Pin name="Mouse Down" datatype="bool" direction="out"/>
            </GUI>
        </Plugin>
        <Plugin id="SE PatchMemory Int" name="PatchMemory Int" imbeddedFilename="PatchMemory.sem">
            <Parameters>
                <Parameter id="0" datatype="int" name=""/>
            </Parameters>
            <Audio>
                <Pin name="Value In" datatype="int" private="true" parameterId="0"/>
                <Pin name="Value Out" datatype="int" direction="out" autoConfigureParameter="true"/>
            </Audio>
            <GUI>
                <Pin name="Value In" datatype="int" private="true" parameterId="0"/>
                <Pin name="Name In" datatype="string" private="true" parameterId="0" parameterField="1"/>
                <Pin name="Menu Items" datatype="string" private="true" parameterId="0" parameterField="3"/>
                <Pin name="Menu Selection" datatype="int" private="true" parameterId="0" parameterField="4"/>
                <Pin name="Mouse Down" datatype="bool" private="true" parameterId="0" parameterField="14"/>
                <Pin name="AnimationIn" datatype="float" private="true" parameterId="0" parameterField="15"/>
                <Pin name="Name" datatype="string" direction="out"/>
                <Pin name="Value" datatype="int" direction="out"/>
                <Pin name="Animation Position" datatype="float" direction="out"/>
                <Pin name="Menu Items" datatype="string" direction="out"/>
                <Pin name="Menu Selection" datatype="int" direction="out"/>
                <Pin name="Mouse Down" datatype="bool" direction="out"/>
            </GUI>
        </Plugin>
        <Plugin id="SE PatchMemory Int Out" name="PatchMemory Int Out" imbeddedFilename="PatchMemory.sem">
            <Parameters>
                <Parameter id="0" datatype="int" name="" ignorePatchChange="true" persistant="false"/>
            </Parameters>
            <Audio>
                <Pin name="Value In" datatype="int"/>
                <Pin name="PM Value Out" datatype="int" direction="out" private="true" autoConfigureParameter="true" parameterId="0"/>
            </Audio>
            <GUI>
                <Pin name="PM Value In" datatype="int" private="true" parameterId="0"/>
                <Pin name="PM Name In" datatype="string" private="true" parameterId="0" parameterField="1"/>
                <Pin name="PM Menu Items" datatype="string" private="true" parameterId="0" parameterField="3"/>
                <Pin name="PM Menu Selection" datatype="int" private="true" parameterId="0" parameterField="4"/>
                <Pin name="AnimationIn" datatype="float" private="true" parameterId="0" parameterField="15"/>
                <Pin name="Name" datatype="string" direction="out"/>
                <Pin name="Value" datatype="int" direction="out"/>
                <Pin id="8" name="Animation Position" datatype="float" direction="out"/>
                <Pin name="Menu Items" datatype="string" direction="out"/>
                <Pin name="Menu Selection" datatype="int" direction="out"/>
            </GUI>
        </Plugin>
        <Plugin id="SE PatchMemory Text Out" name="PatchMemory Text Out" imbeddedFilename="PatchMemory.sem">
            <Parameters>
                <Parameter id="0" datatype="string" name="" ignorePatchChange="true" persistant="false"/>
            </Parameters>
            <Audio>
                <Pin name="Value In" datatype="string"/>
                <Pin name="PM Value Out" datatype="string" direction="out" private="true" autoConfigureParameter="true" parameterId="0"/>
            </Audio>
            <GUI>
                <Pin name="PM Value In" datatype="string" private="true" parameterId="0"/>
                <Pin name="PM Name In" datatype="string" private="true" parameterId="0" parameterField="1"/>
                <Pin name="PM Menu Items" datatype="string" private="true" parameterId="0" parameterField="3"/>
                <Pin name="PM Menu Selection" datatype="int" private="true" parameterId="0" parameterField="4"/>
                <Pin id="5" name="Name" datatype="string" direction="out"/>
                <Pin name="Value" datatype="string" direction="out"/>
                <Pin id="9" name="Menu Items" datatype="string" direction="out"/>
                <Pin name="Menu Selection" datatype="int" direction="out"/>
            </GUI>
        </Plugin>
        <Plugin id="SE Plain Image" name="Plain Image" imbeddedFilename="SubControlsXp.sem">
            <GUI graphicsApi="GmpiGui">
                <Pin name="Filename" datatype="string" default="background" isFilename="true" metadata="bmp"/>
                <Pin name="Display" datatype="enum" isMinimised="true" metadata="Fixed Size, Tiled, Stretch"/>
            </GUI>
        </Plugin>
        <Plugin id="SE Rectangle XP" name="Rectangle" imbeddedFilename="SubControlsXp.sem">
            <GUI graphicsApi="GmpiGui">
                <Pin name="Corner Radius" datatype="float" default="10" isMinimised="true"/>
                <Pin name="Top Left" datatype="bool" default="1" isMinimised="true"/>
                <Pin name="Top Right" datatype="bool" default="1" isMinimised="true"/>
                <Pin name="Bottom Left" datatype="bool" default="1" isMinimised="true"/>
                <Pin name="Bottom Right" datatype="bool" default="1" isMinimised="true"/>
                <Pin name="Top Color" datatype="string" default="FF9A9AAA"/>
                <Pin name="Bottom Color" datatype="string" default="FF858595"/>
            </GUI>
        </Plugin>
        <Plugin id="SE SV Filter2" name="SV Filter2" imbeddedFilename="VaFilters.sem">
            <Audio>
                <Pin name="Signal" datatype="float" rate="audio"/>
                <Pin name="Pitch" datatype="float" rate="audio" default="0.5"/>
                <Pin name="Resonance" datatype="float" rate="audio" default="0.5"/>
                <Pin name="Strength" datatype="enum" metadata="1-Stage,2-Stage"/>
                <Pin name="Mode" datatype="enum" metadata="Low Pass,High Pass,Band Pass,Band Reject"/>
                <Pin name="Output" datatype="float" rate="audio" direction="out"/>
            </Audio>
        </Plugin>
        <Plugin id="SE Text8ToText" name="Text8 To Text" imbeddedFilename="Converters.sem">
            <Audio>
                <Pin name="Text Val" datatype="string_utf8"/>
                <Pin name="Text Val" datatype="string" direction="out"/>
            </Audio>
        </Plugin>
        <Plugin id="SE TextToBool" name="Text To Bool" imbeddedFilename="Converters.sem">
            <Audio>
                <Pin name="Text Val" datatype="string"/>
                <Pin name="Bool Val" datatype="bool" direction="out"/>
            </Audio>
        </Plugin>
        <Plugin id="SE TextToFloat" name="Text To Float" imbeddedFilename="Converters.sem">
            <Audio>
                <Pin name="Text Val" datatype="string"/>
                <Pin name="Float Val" datatype="float" direction="out"/>
            </Audio>
        </Plugin>
        <Plugin id="SE TextToInt" name="Text To Int" imbeddedFilename="Converters.sem">
            <Audio>
                <Pin name="Text Val" datatype="string"/>
                <Pin name="Int Val" datatype="int" direction="out"/>
            </Audio>
        </Plugin>
        <Plugin id="SE TextToText8" name="Text To Text8" imbeddedFilename="Converters.sem">
            <Audio>
                <Pin name="Text Val" datatype="string"/>
                <Pin name="Text Val" datatype="string_utf8" direction="out"/>
            </Audio>
        </Plugin>
        <Plugin id="SE Vector Circle" name="Vector Circle" imbeddedFilename="VectorCircle.sem">
            <GUI graphicsApi="GmpiGui">
                <Pin name="Color" datatype="string" default="FF005555"/>
            </GUI>
        </Plugin>
        <Plugin id="SE Vector Knob2" name="Vector Knob B" imbeddedFilename="SubControlsXp.sem">
            <GUI graphicsApi="GmpiGui">
                <Pin name="Animation Position" datatype="float"/>
                <Pin name="Hint" datatype="string"/>
                <Pin name="Menu Items" datatype="string"/>
                <Pin name="Menu Selection" datatype="int"/>
                <Pin name="Mouse Down" datatype="bool"/>
                <Pin name="Background" datatype="string" default="FF000000"/>
                <Pin name="Forground" datatype="string" default="FFFFFFFF"/>
                <Pin name="Read-only" datatype="bool" isMinimised="true"/>
            </GUI>
        </Plugin>
        <Plugin id="SE VoltsToBool" name="Volts to Bool" imbeddedFilename="Converters.sem">
            <Audio>
                <Pin name="In" datatype="float" rate="audio"/>
                <Pin name="Out" datatype="bool" direction="out"/>
            </Audio>
        </Plugin>
        <Plugin id="SE VoltsToInt" name="Volts to Int" imbeddedFilename="Converters.sem">
            <Audio>
                <Pin name="In" datatype="float" rate="audio"/>
                <Pin name="Out" datatype="int" direction="out"/>
            </Audio>
        </Plugin>
        <Plugin id="SynthEdit ADSR" name="ADSR2" imbeddedFilename="EnveloperAdsr.sem">
            <Audio>
                <Pin name="Trigger" datatype="float" rate="audio" default="0.1"/>
                <Pin name="Gate" datatype="float" rate="audio" default="0.1"/>
                <Pin name="Attack" datatype="float" rate="audio"/>
                <Pin name="Decay" datatype="float" rate="audio" default="0.5"/>
                <Pin name="Sustain" datatype="float" rate="audio" default="0.7"/>
                <Pin name="Release" datatype="float" rate="audio" default="0.4"/>
                <Pin name="Overall Level" datatype="float" rate="audio" default="1"/>
                <Pin name="Signal Out" datatype="float" rate="audio" direction="out"/>
                <Pin name="VoiceReset" datatype="float" private="true" isPolyphonic="true" hostConnect="Voice/Active"/>
            </Audio>
        </Plugin>
        <Plugin id="mxXYText" name="mx XY Text" imbeddedFilename="mxXYText.sem">
            <GUI graphicsApi="GmpiGui">
                <Pin name="Text" datatype="string"/>
                <Pin name="Position X" datatype="float"/>
                <Pin name="Position Y" datatype="float" isMinimised="true"/>
                <Pin name="Font" datatype="string" default="Times New Roman" isMinimised="true"/>
                <Pin name="Font Size" datatype="float" default="20" isMinimised="true"/>
                <Pin name="Line Size" datatype="float" default="3" isMinimised="true"/>
                <Pin name="Height" datatype="float" default="40" isMinimised="true"/>
                <Pin name="Width" datatype="float" default="40" isMinimised="true"/>
                <Pin name="Font Y Adjust" datatype="float" isMinimised="true"/>
                <Pin name="Shape" datatype="bool" isMinimised="true"/>
                <Pin name="Line ARGB" datatype="string" default="FF000000" isMinimised="true"/>
                <Pin name="Shape ARGB" datatype="string" default="FFFFFFFF" isMinimised="true"/>
                <Pin name="Font ARGB" datatype="string" default="FF000000" isMinimised="true"/>
                <Pin name="Mouse Down" datatype="bool" isMinimised="true"/>
            </GUI>
        </Plugin>
    </PluginList>
</Document>
