<?xml version="1.0" encoding="UTF-8"?>
<Document>
    <PluginList>
        <Plugin id="MX GuiOR" name="GuiOR" imbeddedFilename="GuiOR.sem">
            <GUI>
                <Pin name="OutR" datatype="bool" direction="out"/>
                <Pin name="OutL" datatype="bool"/>
                <Pin name="1" datatype="bool" direction="out"/>
                <Pin name="2" datatype="bool" direction="out"/>
                <Pin name="3" datatype="bool" direction="out"/>
                <Pin name="4" datatype="bool" direction="out"/>
                <Pin name="5" datatype="bool" direction="out"/>
                <Pin name="6" datatype="bool" direction="out"/>
                <Pin name="7" datatype="bool" direction="out"/>
                <Pin name="8" datatype="bool" direction="out"/>
                <Pin name="9" datatype="bool" direction="out"/>
                <Pin name="10" datatype="bool" direction="out"/>
                <Pin name="11" datatype="bool" direction="out"/>
                <Pin name="12" datatype="bool" direction="out"/>
                <Pin name="13" datatype="bool" direction="out"/>
                <Pin name="14" datatype="bool" direction="out"/>
                <Pin name="15" datatype="bool" direction="out"/>
                <Pin name="16" datatype="bool" direction="out"/>
                <Pin name="17" datatype="bool" direction="out"/>
                <Pin name="18" datatype="bool" direction="out"/>
                <Pin name="19" datatype="bool" direction="out"/>
                <Pin name="20" datatype="bool" direction="out"/>
            </GUI>
        </Plugin>
        <Plugin id="MX Volts2Float" name="Volts2Float" imbeddedFilename="mxVolts2Float.sem">
            <Audio>
                <Pin name="In" datatype="float" rate="audio"/>
                <Pin name="Out" datatype="float" direction="out"/>
            </Audio>
        </Plugin>
        <Plugin id="My AND Gate" name="AND Gate" imbeddedFilename="ANDGate.sem">
            <Audio>
                <Pin name="Input1" datatype="float" rate="audio"/>
                <Pin name="Input2" datatype="float" rate="audio"/>
                <Pin name="Output" datatype="float" rate="audio" direction="out"/>
            </Audio>
        </Plugin>
        <Plugin id="My RectangleX" name="RectangleX" imbeddedFilename="RectangleX.sem">
            <GUI graphicsApi="GmpiGui">
                <Pin name="Corner Radius" datatype="float" default="100" isMinimised="true"/>
                <Pin name="Top Left" datatype="bool" default="1" isMinimised="true"/>
                <Pin name="Top Right" datatype="bool" default="1" isMinimised="true"/>
                <Pin name="Bottom Left" datatype="bool" default="1" isMinimised="true"/>
                <Pin name="Bottom Right" datatype="bool" default="1" isMinimised="true"/>
                <Pin name="Top Color" datatype="string" default="FF9A9AAA"/>
                <Pin name="Bottom Color" datatype="string" default="FF858595"/>
                <Pin name="Mouse Down" datatype="bool"/>
                <Pin name="Text" datatype="string" default="G#"/>
                <Pin name="Text Color" datatype="string" default="FF000000"/>
                <Pin name="Font" datatype="string" default="Georgia"/>
                <Pin name="Font Size" datatype="float" default="16"/>
            </GUI>
        </Plugin>
        <Plugin id="SE BPM Tempo" name="BPM Tempo" imbeddedFilename="BpmClock3.sem">
            <Audio>
                <Pin name="Host BPM" datatype="float" private="true" hostConnect="Time/BPM"/>
                <Pin name="Host Transport" datatype="bool" private="true" hostConnect="Time/TransportPlaying"/>
                <Pin name="Tempo Out" datatype="float" rate="audio" direction="out"/>
                <Pin name="Transport Run" datatype="float" rate="audio" direction="out"/>
                <Pin name="" datatype="int" private="true" hostConnect="Processor/ClearTails"/>
                <Pin name="Processor Resumed" datatype="bool" direction="out"/>
            </Audio>
        </Plugin>
        <Plugin id="SE Blob2ToBlob" name="Blob2 To Blob" imbeddedFilename="Converters.sem">
            <Audio>
                <Pin name="Blob2 Val" datatype="blob2"/>
                <Pin name="Blob Val" datatype="blob" direction="out"/>
            </Audio>
        </Plugin>
        <Plugin id="SE BlobToBlob2" name="Blob To Blob2" imbeddedFilename="Converters.sem">
            <Audio>
                <Pin name="Blob Val" datatype="blob"/>
                <Pin name="Blob2 Val" datatype="blob2" direction="out"/>
            </Audio>
        </Plugin>
        <Plugin id="SE Bool Splitter" name="Bool Splitter" imbeddedFilename="Converters.sem">
            <GUI>
                <Pin name="Out" datatype="bool" direction="out"/>
                <Pin name="In" datatype="bool" autoDuplicate="true"/>
            </GUI>
        </Plugin>
        <Plugin id="SE BoolToFloat" name="Bool To Float" imbeddedFilename="Converters.sem">
            <Audio>
                <Pin name="Bool Val" datatype="bool"/>
                <Pin name="Float Val" datatype="float" direction="out"/>
            </Audio>
        </Plugin>
        <Plugin id="SE BoolToInt" name="Bool To Int" imbeddedFilename="Converters.sem">
            <Audio>
                <Pin name="Bool Val" datatype="bool"/>
                <Pin name="Int Val" datatype="int" direction="out"/>
            </Audio>
        </Plugin>
        <Plugin id="SE BoolToText" name="Bool To Text" imbeddedFilename="Converters.sem">
            <Audio>
                <Pin name="Bool Val" datatype="bool"/>
                <Pin name="Text Val" datatype="string" direction="out"/>
            </Audio>
        </Plugin>
        <Plugin id="SE BoolToVolts" name="Bool to Volts" imbeddedFilename="Converters.sem">
            <Audio>
                <Pin name="In" datatype="bool"/>
                <Pin name="Out" datatype="float" rate="audio" direction="out"/>
            </Audio>
        </Plugin>
        <Plugin id="SE Concat" name="Concat" imbeddedFilename="SubControlsXp.sem">
            <GUI>
                <Pin name="Text" datatype="string"/>
                <Pin name="Text" datatype="string"/>
                <Pin name="Concatenated" datatype="string" direction="out"/>
            </GUI>
        </Plugin>
        <Plugin id="SE Float64ToFloat" name="Double To Float" imbeddedFilename="Converters.sem">
            <Audio>
                <Pin name="Double Val" datatype="double"/>
                <Pin name="Float Val" datatype="float" direction="out"/>
            </Audio>
        </Plugin>
        <Plugin id="SE Float64ToFloatGui" name="Double To Float" imbeddedFilename="Converters.sem">
            <GUI>
                <Pin name="Double Val" datatype="double"/>
                <Pin name="Float Val" datatype="float" direction="out"/>
            </GUI>
        </Plugin>
        <Plugin id="SE FloatToBool" name="Float To Bool" imbeddedFilename="Converters.sem">
            <Audio>
                <Pin name="Float Val" datatype="float"/>
                <Pin name="Bool Val" datatype="bool" direction="out"/>
            </Audio>
        </Plugin>
        <Plugin id="SE FloatToFloat64" name="Float To Double" imbeddedFilename="Converters.sem">
            <Audio>
                <Pin name="Float Val" datatype="float"/>
                <Pin name="Double Val" datatype="double" direction="out"/>
            </Audio>
        </Plugin>
        <Plugin id="SE FloatToFloat64Gui" name="Float To Double" imbeddedFilename="Converters.sem">
            <GUI>
                <Pin name="Float Val" datatype="float"/>
                <Pin name="Double Val" datatype="double" direction="out"/>
            </GUI>
        </Plugin>
        <Plugin id="SE FloatToInt" name="Float To Int" imbeddedFilename="Converters.sem">
            <Audio>
                <Pin name="Float Val" datatype="float"/>
                <Pin name="Int Val" datatype="int" direction="out"/>
            </Audio>
        </Plugin>
        <Plugin id="SE FloatToText" name="Float To Text" imbeddedFilename="Converters.sem">
            <Audio>
                <Pin name="Float Val" datatype="float"/>
                <Pin name="Text Val" datatype="string" direction="out"/>
            </Audio>
        </Plugin>
        <Plugin id="SE Int64ToInt" name="Int64 To Int" imbeddedFilename="Converters.sem">
            <Audio>
                <Pin name="Int64 Val" datatype="int64"/>
                <Pin name="Int Val" datatype="int" direction="out"/>
            </Audio>
        </Plugin>
        <Plugin id="SE Int64ToIntGui" name="Int64 To Int" imbeddedFilename="Converters.sem">
            <GUI>
                <Pin name="Int64 Val" datatype="int64"/>
                <Pin name="Int Val" datatype="int" direction="out"/>
            </GUI>
        </Plugin>
        <Plugin id="SE IntToBool" name="Int to Bool" imbeddedFilename="Converters.sem">
            <Audio>
                <Pin name="Int Val" datatype="int"/>
                <Pin name="Bool Val" datatype="bool" direction="out"/>
            </Audio>
        </Plugin>
        <Plugin id="SE IntToBool GUI" name="Int to Bool" imbeddedFilename="Converters.sem">
            <GUI>
                <Pin name="Int Val" datatype="int"/>
                <Pin name="Bool Val" datatype="bool" direction="out"/>
            </GUI>
        </Plugin>
        <Plugin id="SE IntToFloat" name="Int To Float" imbeddedFilename="Converters.sem">
            <Audio>
                <Pin name="Int Val" datatype="int"/>
                <Pin name="Float Val" datatype="float" direction="out"/>
            </Audio>
        </Plugin>
        <Plugin id="SE IntToInt64" name="Int To Int64" imbeddedFilename="Converters.sem">
            <Audio>
                <Pin name="Int Val" datatype="int"/>
                <Pin name="Int64 Val" datatype="int64" direction="out"/>
            </Audio>
        </Plugin>
        <Plugin id="SE IntToInt64Gui" name="Int To Int64" imbeddedFilename="Converters.sem">
            <GUI>
                <Pin name="Int Val" datatype="int"/>
                <Pin name="Int64 Val" datatype="int64" direction="out"/>
            </GUI>
        </Plugin>
        <Plugin id="SE IntToText" name="Int To Text" imbeddedFilename="Converters.sem">
            <Audio>
                <Pin name="Int Val" datatype="int"/>
                <Pin name="Text Val" datatype="string" direction="out"/>
            </Audio>
        </Plugin>
        <Plugin id="SE IntToVolts" name="Int to Volts" imbeddedFilename="Converters.sem">
            <Audio>
                <Pin name="In" datatype="int"/>
                <Pin name="Out" datatype="float" rate="audio" direction="out"/>
            </Audio>
        </Plugin>
        <Plugin id="SE ListToInt" name="List To Int" imbeddedFilename="Converters.sem">
            <Audio>
                <Pin name="List Val" datatype="enum"/>
                <Pin name="Int Val" datatype="int" direction="out"/>
            </Audio>
        </Plugin>
        <Plugin id="SE ListToText" name="List to Text" imbeddedFilename="Converters.sem">
            <GUI>
                <Pin name="Choice" datatype="int"/>
                <Pin name="Item List" datatype="string"/>
                <Pin name="Item Text" datatype="string" direction="out"/>
            </GUI>
        </Plugin>
        <Plugin id="SE PatchMemory Float" name="PatchMemory Float3" imbeddedFilename="PatchMemory.sem">
            <Parameters>
                <Parameter id="0" datatype="float" name=""/>
            </Parameters>
            <Audio>
                <Pin name="Value In" datatype="float" private="true" parameterId="0"/>
                <Pin name="Value Out" datatype="float" direction="out" autoConfigureParameter="true"/>
            </Audio>
            <GUI>
                <Pin name="Value In" datatype="float" private="true" parameterId="0"/>
                <Pin name="Name In" datatype="string" private="true" parameterId="0" parameterField="1"/>
                <Pin name="Menu Items" datatype="string" private="true" parameterId="0" parameterField="3"/>
                <Pin name="Menu Selection" datatype="int" private="true" parameterId="0" parameterField="4"/>
                <Pin name="Mouse Down" datatype="bool" private="true" parameterId="0" parameterField="14"/>
                <Pin name="AnimationIn" datatype="float" private="true" parameterId="0" parameterField="15"/>
                <Pin name="Name" datatype="string" direction="out"/>
                <Pin name="Value" datatype="float" direction="out"/>
                <Pin name="Animation Position" datatype="float" direction="out"/>
                <Pin name="Menu Items" datatype="string" direction="out"/>
                <Pin name="Menu Selection" datatype="int" direction="out"/>
                <Pin name="Mouse Down" datatype="bool" direction="out"/>
            </GUI>
        </Plugin>
        <Plugin id="SE PatchMemory Int Out" name="PatchMemory Int Out" imbeddedFilename="PatchMemory.sem">
            <Parameters>
                <Parameter id="0" datatype="int" name="" ignorePatchChange="true" persistant="false"/>
            </Parameters>
            <Audio>
                <Pin name="Value In" datatype="int"/>
                <Pin name="PM Value Out" datatype="int" direction="out" private="true" autoConfigureParameter="true" parameterId="0"/>
            </Audio>
            <GUI>
                <Pin name="PM Value In" datatype="int" private="true" parameterId="0"/>
                <Pin name="PM Name In" datatype="string" private="true" parameterId="0" parameterField="1"/>
                <Pin name="PM Menu Items" datatype="string" private="true" parameterId="0" parameterField="3"/>
                <Pin name="PM Menu Selection" datatype="int" private="true" parameterId="0" parameterField="4"/>
                <Pin name="AnimationIn" datatype="float" private="true" parameterId="0" parameterField="15"/>
                <Pin name="Name" datatype="string" direction="out"/>
                <Pin name="Value" datatype="int" direction="out"/>
                <Pin id="8" name="Animation Position" datatype="float" direction="out"/>
                <Pin name="Menu Items" datatype="string" direction="out"/>
                <Pin name="Menu Selection" datatype="int" direction="out"/>
            </GUI>
        </Plugin>
        <Plugin id="SE PatchMemory Text Out" name="PatchMemory Text Out" imbeddedFilename="PatchMemory.sem">
            <Parameters>
                <Parameter id="0" datatype="string" name="" ignorePatchChange="true" persistant="false"/>
            </Parameters>
            <Audio>
                <Pin name="Value In" datatype="string"/>
                <Pin name="PM Value Out" datatype="string" direction="out" private="true" autoConfigureParameter="true" parameterId="0"/>
            </Audio>
            <GUI>
                <Pin name="PM Value In" datatype="string" private="true" parameterId="0"/>
                <Pin name="PM Name In" datatype="string" private="true" parameterId="0" parameterField="1"/>
                <Pin name="PM Menu Items" datatype="string" private="true" parameterId="0" parameterField="3"/>
                <Pin name="PM Menu Selection" datatype="int" private="true" parameterId="0" parameterField="4"/>
                <Pin id="5" name="Name" datatype="string" direction="out"/>
                <Pin name="Value" datatype="string" direction="out"/>
                <Pin id="9" name="Menu Items" datatype="string" direction="out"/>
                <Pin name="Menu Selection" datatype="int" direction="out"/>
            </GUI>
        </Plugin>
        <Plugin id="SE Plain Image" name="Plain Image" imbeddedFilename="SubControlsXp.sem">
            <GUI graphicsApi="GmpiGui">
                <Pin name="Filename" datatype="string" default="background" isFilename="true" metadata="bmp"/>
                <Pin name="Display" datatype="enum" isMinimised="true" metadata="Fixed Size, Tiled, Stretch"/>
            </GUI>
        </Plugin>
        <Plugin id="SE Rectangle XP" name="Rectangle" imbeddedFilename="SubControlsXp.sem">
            <GUI graphicsApi="GmpiGui">
                <Pin name="Corner Radius" datatype="float" default="10" isMinimised="true"/>
                <Pin name="Top Left" datatype="bool" default="1" isMinimised="true"/>
                <Pin name="Top Right" datatype="bool" default="1" isMinimised="true"/>
                <Pin name="Bottom Left" datatype="bool" default="1" isMinimised="true"/>
                <Pin name="Bottom Right" datatype="bool" default="1" isMinimised="true"/>
                <Pin name="Top Color" datatype="string" default="FF9A9AAA"/>
                <Pin name="Bottom Color" datatype="string" default="FF858595"/>
            </GUI>
        </Plugin>
        <Plugin id="SE Text Entry4" name="Text Entry4" imbeddedFilename="SubControlsXp.sem">
            <GUI graphicsApi="GmpiGui">
                <Pin name="Text" datatype="string"/>
                <Pin name="Style" datatype="string" default="normal"/>
                <Pin name="Multiline" datatype="bool"/>
                <Pin name="Writeable" datatype="bool" default="1"/>
                <Pin name="Greyed" datatype="bool"/>
                <Pin name="Hint" datatype="string"/>
                <Pin name="Menu Items" datatype="string"/>
                <Pin name="Menu Selection" datatype="int"/>
                <Pin name="Mouse Down" datatype="bool" direction="out" private="true"/>
                <Pin name="Mouse Down" datatype="bool"/>
            </GUI>
        </Plugin>
        <Plugin id="SE Text8ToText" name="Text8 To Text" imbeddedFilename="Converters.sem">
            <Audio>
                <Pin name="Text Val" datatype="string_utf8"/>
                <Pin name="Text Val" datatype="string" direction="out"/>
            </Audio>
        </Plugin>
        <Plugin id="SE TextToBool" name="Text To Bool" imbeddedFilename="Converters.sem">
            <Audio>
                <Pin name="Text Val" datatype="string"/>
                <Pin name="Bool Val" datatype="bool" direction="out"/>
            </Audio>
        </Plugin>
        <Plugin id="SE TextToFloat" name="Text To Float" imbeddedFilename="Converters.sem">
            <Audio>
                <Pin name="Text Val" datatype="string"/>
                <Pin name="Float Val" datatype="float" direction="out"/>
            </Audio>
        </Plugin>
        <Plugin id="SE TextToInt" name="Text To Int" imbeddedFilename="Converters.sem">
            <Audio>
                <Pin name="Text Val" datatype="string"/>
                <Pin name="Int Val" datatype="int" direction="out"/>
            </Audio>
        </Plugin>
        <Plugin id="SE TextToText8" name="Text To Text8" imbeddedFilename="Converters.sem">
            <Audio>
                <Pin name="Text Val" datatype="string"/>
                <Pin name="Text Val" datatype="string_utf8" direction="out"/>
            </Audio>
        </Plugin>
        <Plugin id="SE Vector Circle" name="Vector Circle" imbeddedFilename="Vector Circle.sem">
            <GUI graphicsApi="GmpiGui">
                <Pin name="Color" datatype="string" default="FF005555"/>
            </GUI>
        </Plugin>
        <Plugin id="SE Vector Knob2" name="Vector Knob B" imbeddedFilename="SubControlsXp.sem">
            <GUI graphicsApi="GmpiGui">
                <Pin name="Animation Position" datatype="float"/>
                <Pin name="Hint" datatype="string"/>
                <Pin name="Menu Items" datatype="string"/>
                <Pin name="Menu Selection" datatype="int"/>
                <Pin name="Mouse Down" datatype="bool"/>
                <Pin name="Background" datatype="string" default="FF000000"/>
                <Pin name="Forground" datatype="string" default="FFFFFFFF"/>
                <Pin name="Read-only" datatype="bool" isMinimised="true"/>
            </GUI>
        </Plugin>
        <Plugin id="SE VoltsToBool" name="Volts to Bool" imbeddedFilename="Converters.sem">
            <Audio>
                <Pin name="In" datatype="float" rate="audio"/>
                <Pin name="Out" datatype="bool" direction="out"/>
            </Audio>
        </Plugin>
        <Plugin id="SE VoltsToInt" name="Volts to Int" imbeddedFilename="Converters.sem">
            <Audio>
                <Pin name="In" datatype="float" rate="audio"/>
                <Pin name="Out" datatype="int" direction="out"/>
            </Audio>
        </Plugin>
        <Plugin id="SynthEdit ADSR" name="ADSR2" imbeddedFilename="EnveloperAdsr.sem">
            <Audio>
                <Pin name="Trigger" datatype="float" rate="audio" default="0.1"/>
                <Pin name="Gate" datatype="float" rate="audio" default="0.1"/>
                <Pin name="Attack" datatype="float" rate="audio"/>
                <Pin name="Decay" datatype="float" rate="audio" default="0.5"/>
                <Pin name="Sustain" datatype="float" rate="audio" default="0.7"/>
                <Pin name="Release" datatype="float" rate="audio" default="0.4"/>
                <Pin name="Overall Level" datatype="float" rate="audio" default="1"/>
                <Pin name="Signal Out" datatype="float" rate="audio" direction="out"/>
                <Pin name="VoiceReset" datatype="float" private="true" isPolyphonic="true" hostConnect="Voice/Active"/>
            </Audio>
        </Plugin>
        <Plugin id="SynthEdit Increment3" name="Increment3" imbeddedFilename="Increment3.sem">
            <GUI>
                <Pin name="Choice" datatype="int"/>
                <Pin name="Item List" datatype="string" default="range 0,10"/>
                <Pin name="Increment" datatype="bool" direction="out"/>
                <Pin name="Decrement" datatype="bool" direction="out"/>
                <Pin name="Wrap" datatype="bool" default="1"/>
            </GUI>
        </Plugin>
        <Plugin id="mx MIDIChanGate" name="MIDI Chan Gate" imbeddedFilename="MIDIChanGate.sem">
            <Audio>
                <Pin name="MIDI In" datatype="midi"/>
                <Pin name="ADSR In" datatype="float" rate="audio"/>
                <Pin name="Chan 1" datatype="float" rate="audio" direction="out"/>
                <Pin name="Chan 2" datatype="float" rate="audio" direction="out"/>
                <Pin name="Chan 3" datatype="float" rate="audio" direction="out"/>
                <Pin name="Chan 4" datatype="float" rate="audio" direction="out"/>
            </Audio>
        </Plugin>
        <Plugin id="mxCircle" name="mxCircle" imbeddedFilename="mxCircle.sem">
            <Parameters>
                <Parameter id="0" datatype="bool" name=""/>
                <Parameter id="1" datatype="bool" name=""/>
            </Parameters>
            <Audio>
                <Pin name="ToGui" datatype="bool" direction="out" private="true" parameterId="0"/>
                <Pin name="Gate In" datatype="bool"/>
                <Pin name="MIDI Out" datatype="midi" direction="out"/>
                <Pin name="FromGui" datatype="bool" private="true" parameterId="1"/>
                <Pin name="Chan" datatype="int" default="1" isMinimised="true"/>
                <Pin name="Note" datatype="int" default="44" isMinimised="true"/>
            </Audio>
            <GUI graphicsApi="GmpiGui">
                <Pin name="Value +Shift" datatype="float" direction="out"/>
                <Pin name="Value +ALT" datatype="float" direction="out"/>
                <Pin name="Color0" datatype="string" default="00FFFFFF" private="true"/>
                <Pin name="Bg Color" datatype="string" default="FF000000" isMinimised="true"/>
                <Pin name="Top Color" datatype="string" default="FFFF55AF"/>
                <Pin name="Top Circle Size" datatype="float" default="0.93" isMinimised="true"/>
                <Pin name="Mouse Down" datatype="bool"/>
                <Pin name="Mouse Over" datatype="bool" direction="out" private="true"/>
                <Pin name="Text#" datatype="string" default="G#" isMinimised="true"/>
                <Pin name="Textb" datatype="string" default="Ab" isMinimised="true"/>
                <Pin name="#/b" datatype="bool"/>
                <Pin name="Text Color" datatype="string" default="FF000000" isMinimised="true"/>
                <Pin name="Font" datatype="string" default="Times New Roman"/>
                <Pin name="Font Size" datatype="float" default="-1"/>
                <Pin name="OR In" datatype="bool"/>
                <Pin name="TrigGui" datatype="bool" private="true" parameterId="0"/>
                <Pin name="ToDSP" datatype="bool" private="true" parameterId="1"/>
                <Pin name="onMouseDownValue" datatype="float" private="true"/>
                <Pin name="onMouseUpValue" datatype="float" private="true"/>
                <Pin name="Value Min" datatype="float" isMinimised="true"/>
                <Pin name="Value Max" datatype="float" default="255" isMinimised="true"/>
            </GUI>
        </Plugin>
    </PluginList>
</Document>
