
{
	"gui" : 
	{
		"connections" : 
		[
			
			{
				"fMod" : 987744327,
				"fPin" : 7,
				"tMod" : 1737411318,
				"tPin" : 4
			},
			
			{
				"fMod" : 987744327,
				"fPin" : 8,
				"tMod" : 2081022296,
				"tPin" : 1
			},
			
			{
				"fMod" : 1554671427,
				"fPin" : 7,
				"tMod" : 1336616801,
				"tPin" : 4
			},
			
			{
				"fMod" : 1554671427,
				"fPin" : 8,
				"tMod" : 200401959,
				"tPin" : 1
			},
			
			{
				"fMod" : 785505152,
				"fPin" : 7,
				"tMod" : 2117509740,
				"tPin" : 4
			},
			
			{
				"fMod" : 785505152,
				"fPin" : 8,
				"tMod" : 1144764702,
				"tPin" : 1
			},
			
			{
				"fMod" : 526807937,
				"fPin" : 7,
				"tMod" : 727891277,
				"tPin" : 4
			},
			
			{
				"fMod" : 526807937,
				"fPin" : 8,
				"tMod" : 1534087342,
				"tPin" : 1
			},
			
			{
				"fMod" : 1737411318,
				"fPin" : 1,
				"tMod" : 2081022296
			},
			
			{
				"fMod" : 2117509740,
				"fPin" : 1,
				"tMod" : 1144764702
			},
			
			{
				"fMod" : 727891277,
				"fPin" : 1,
				"tMod" : 1534087342
			},
			
			{
				"fMod" : 1336616801,
				"fPin" : 1,
				"tMod" : 200401959
			}
		],
		"handle" : 971547989,
		"height" : 196,
		"modules" : 
		[
			
			{
				"handle" : 987744327,
				"type" : "SE PatchMemory Int"
			},
			
			{
				"handle" : 1554671427,
				"type" : "SE PatchMemory Int"
			},
			
			{
				"handle" : 785505152,
				"type" : "SE PatchMemory Int"
			},
			
			{
				"handle" : 526807937,
				"type" : "SE PatchMemory Int"
			},
			
			{
				"handle" : 1534087342,
				"pb" : 48,
				"pl" : 19,
				"pr" : 971,
				"pt" : 4,
				"type" : "mxXYText"
			},
			
			{
				"handle" : 1144764702,
				"pb" : 94,
				"pl" : 19,
				"pr" : 971,
				"pt" : 50,
				"type" : "mxXYText"
			},
			
			{
				"handle" : 1737411318,
				"type" : "NoteName"
			},
			
			{
				"handle" : 2117509740,
				"type" : "NoteName"
			},
			
			{
				"handle" : 727891277,
				"type" : "NoteName"
			},
			
			{
				"handle" : 2081022296,
				"pb" : 191,
				"pl" : 19,
				"pr" : 971,
				"pt" : 147,
				"type" : "mxXYText"
			},
			
			{
				"handle" : 1336616801,
				"type" : "NoteName"
			},
			
			{
				"handle" : 200401959,
				"pb" : 143,
				"pl" : 19,
				"pr" : 971,
				"pt" : 99,
				"type" : "mxXYText"
			},
			
			{
				"Pins" : 
				[
					
					{
						"Id" : 1,
						"default" : "1"
					},
					
					{
						"default" : "1"
					}
				],
				"connections" : 
				[
					
					{
						"fMod" : 2099556904,
						"fPin" : 7,
						"tMod" : 1886432263,
						"tPin" : 1
					}
				],
				"handle" : 498054069,
				"modules" : 
				[
					
					{
						"handle" : 2099556904,
						"type" : "SE PatchMemory Float"
					}
				],
				"pb" : 106,
				"pl" : 32,
				"pr" : 42,
				"pt" : 96,
				"type" : "Container"
			},
			
			{
				"Pins" : 
				[
					
					{
						"Id" : 1,
						"default" : "1"
					},
					
					{
						"default" : "1"
					}
				],
				"connections" : 
				[
					
					{
						"fMod" : 524684908,
						"fPin" : 7,
						"tMod" : 1886432263,
						"tPin" : 2
					}
				],
				"handle" : 2081466478,
				"modules" : 
				[
					
					{
						"handle" : 524684908,
						"type" : "SE PatchMemory Float"
					}
				],
				"pb" : 106,
				"pl" : 32,
				"pr" : 42,
				"pt" : 96,
				"type" : "Container"
			},
			
			{
				"Pins" : 
				[
					
					{
						"Id" : 1,
						"default" : "1"
					},
					
					{
						"default" : "1"
					}
				],
				"connections" : 
				[
					
					{
						"fMod" : 731148913,
						"fPin" : 2,
						"tMod" : 881284478
					},
					
					{
						"fMod" : 731148913,
						"fPin" : 2,
						"tMod" : 979474115
					},
					
					{
						"fMod" : 731148913,
						"fPin" : 2,
						"tMod" : 1195032813
					},
					
					{
						"fMod" : 731148913,
						"fPin" : 2,
						"tMod" : 2142249188
					},
					
					{
						"fMod" : 731148913,
						"fPin" : 2,
						"tMod" : 700534258
					},
					
					{
						"fMod" : 731148913,
						"fPin" : 2,
						"tMod" : 916717035
					},
					
					{
						"fMod" : 731148913,
						"fPin" : 2,
						"tMod" : 268668675
					},
					
					{
						"fMod" : 731148913,
						"fPin" : 2,
						"tMod" : 832087439
					},
					
					{
						"fMod" : 731148913,
						"fPin" : 2,
						"tMod" : 236774591
					},
					
					{
						"fMod" : 368509834,
						"fPin" : 2,
						"tMod" : 731148913
					},
					
					{
						"fMod" : 1591390401,
						"fPin" : 2,
						"tMod" : 368509834
					},
					
					{
						"fMod" : 441132186,
						"fPin" : 2,
						"tMod" : 1591390401
					},
					
					{
						"fMod" : 385887394,
						"fPin" : 6,
						"tMod" : 441132186
					},
					
					{
						"fMod" : 1476013680,
						"fPin" : 6,
						"tMod" : 980231406
					},
					
					{
						"fMod" : 1743875993,
						"fPin" : 6,
						"tMod" : 1118405909
					},
					
					{
						"fMod" : 385569745,
						"fPin" : 6,
						"tMod" : 1524668157
					},
					
					{
						"fMod" : 980231406,
						"fPin" : 2,
						"tMod" : 1243004675,
						"tPin" : 1
					},
					
					{
						"fMod" : 980231406,
						"fPin" : 2,
						"tMod" : 731148913,
						"tPin" : 1
					},
					
					{
						"fMod" : 1118405909,
						"fPin" : 2,
						"tMod" : 844540210,
						"tPin" : 1
					},
					
					{
						"fMod" : 1118405909,
						"fPin" : 2,
						"tMod" : 368509834,
						"tPin" : 1
					},
					
					{
						"fMod" : 844540210,
						"fPin" : 2,
						"tMod" : 1243004675
					},
					
					{
						"fMod" : 1524668157,
						"fPin" : 2,
						"tMod" : 844540210
					},
					
					{
						"fMod" : 321429901,
						"fPin" : 6,
						"tMod" : 674223366
					},
					
					{
						"fMod" : 674223366,
						"fPin" : 2,
						"tMod" : 1524668157,
						"tPin" : 1
					},
					
					{
						"fMod" : 674223366,
						"fPin" : 2,
						"tMod" : 1591390401,
						"tPin" : 1
					}
				],
				"handle" : 1674404503,
				"modules" : 
				[
					
					{
						"handle" : 731148913,
						"type" : "SE Concat"
					},
					
					{
						"handle" : 368509834,
						"type" : "SE Concat"
					},
					
					{
						"handle" : 1591390401,
						"type" : "SE Concat"
					},
					
					{
						"Pins" : 
						[
							
							{
								"Id" : 1,
								"default" : "00,01,02,03,04,05,06,07,08,09,0a,0b,0c,0d,0e,0f,10,11,12,13,14,15,16,17,18,19,1a,1b,1c,1d,1e,1f,20,21,22,23,24,25,26,27,28,29,2a,2b,2c,2d,2e,2f,30,31,32,33,34,35,36,37,38,39,3a,3b,3c,3d,3e,3f,40,41,42,43,44,45,46,47,48,49,4a,4b,4c,4d,4e,4f,50,51,52,53,54,55,56,57,58,59,5a,5b,5c,5d,5e,5f,60,61,62,63,64,65,66,67,68,69,6a,6b,6c,6d,6e,6f,70,71,72,73,74,75,76,77,78,79,7a,7b,7c,7d,7e,7f,80,81,82,83,84,85,86,87,88,89,8a,8b,8c,8d,8e,8f,90,91,92,93,94,95,96,97,98,99,9a,9b,9c,9d,9e,9f,a0,a1,a2,a3,a4,a5,a6,a7,a8,a9,aa,ab,ac,ad,ae,af,b0,b1,b2,b3,b4,b5,b6,b7,b8,b9,ba,bb,bc,bd,be,bf,c0,c1,c2,c3,c4,c5,c6,c7,c8,c9,ca,cb,cc,cd,ce,cf,d0,d1,d2,d3,d4,d5,d6,d7,d8,d9,da,db,dc,dd,de,df,e0,e1,e2,e3,e4,e5,e6,e7,e8,e9,ea,eb,ec,ed,ee,ef,f0,f1,f2,f3,f4,f5,f6,f7,f8,f9,fa,fb,fc,fd,fe,ff"
							}
						],
						"handle" : 441132186,
						"type" : "SE ListToText"
					},
					
					{
						"handle" : 385887394,
						"type" : "SE PatchMemory Int Out"
					},
					
					{
						"handle" : 1476013680,
						"type" : "SE PatchMemory Int Out"
					},
					
					{
						"handle" : 1743875993,
						"type" : "SE PatchMemory Int Out"
					},
					
					{
						"handle" : 385569745,
						"type" : "SE PatchMemory Text Out"
					},
					
					{
						"handle" : 1243004675,
						"type" : "SE Concat"
					},
					
					{
						"Pins" : 
						[
							
							{
								"Id" : 1,
								"default" : "00,01,02,03,04,05,06,07,08,09,0a,0b,0c,0d,0e,0f,10,11,12,13,14,15,16,17,18,19,1a,1b,1c,1d,1e,1f,20,21,22,23,24,25,26,27,28,29,2a,2b,2c,2d,2e,2f,30,31,32,33,34,35,36,37,38,39,3a,3b,3c,3d,3e,3f,40,41,42,43,44,45,46,47,48,49,4a,4b,4c,4d,4e,4f,50,51,52,53,54,55,56,57,58,59,5a,5b,5c,5d,5e,5f,60,61,62,63,64,65,66,67,68,69,6a,6b,6c,6d,6e,6f,70,71,72,73,74,75,76,77,78,79,7a,7b,7c,7d,7e,7f,80,81,82,83,84,85,86,87,88,89,8a,8b,8c,8d,8e,8f,90,91,92,93,94,95,96,97,98,99,9a,9b,9c,9d,9e,9f,a0,a1,a2,a3,a4,a5,a6,a7,a8,a9,aa,ab,ac,ad,ae,af,b0,b1,b2,b3,b4,b5,b6,b7,b8,b9,ba,bb,bc,bd,be,bf,c0,c1,c2,c3,c4,c5,c6,c7,c8,c9,ca,cb,cc,cd,ce,cf,d0,d1,d2,d3,d4,d5,d6,d7,d8,d9,da,db,dc,dd,de,df,e0,e1,e2,e3,e4,e5,e6,e7,e8,e9,ea,eb,ec,ed,ee,ef,f0,f1,f2,f3,f4,f5,f6,f7,f8,f9,fa,fb,fc,fd,fe,ff"
							}
						],
						"handle" : 980231406,
						"type" : "SE ListToText"
					},
					
					{
						"Pins" : 
						[
							
							{
								"Id" : 1,
								"default" : "00,01,02,03,04,05,06,07,08,09,0a,0b,0c,0d,0e,0f,10,11,12,13,14,15,16,17,18,19,1a,1b,1c,1d,1e,1f,20,21,22,23,24,25,26,27,28,29,2a,2b,2c,2d,2e,2f,30,31,32,33,34,35,36,37,38,39,3a,3b,3c,3d,3e,3f,40,41,42,43,44,45,46,47,48,49,4a,4b,4c,4d,4e,4f,50,51,52,53,54,55,56,57,58,59,5a,5b,5c,5d,5e,5f,60,61,62,63,64,65,66,67,68,69,6a,6b,6c,6d,6e,6f,70,71,72,73,74,75,76,77,78,79,7a,7b,7c,7d,7e,7f,80,81,82,83,84,85,86,87,88,89,8a,8b,8c,8d,8e,8f,90,91,92,93,94,95,96,97,98,99,9a,9b,9c,9d,9e,9f,a0,a1,a2,a3,a4,a5,a6,a7,a8,a9,aa,ab,ac,ad,ae,af,b0,b1,b2,b3,b4,b5,b6,b7,b8,b9,ba,bb,bc,bd,be,bf,c0,c1,c2,c3,c4,c5,c6,c7,c8,c9,ca,cb,cc,cd,ce,cf,d0,d1,d2,d3,d4,d5,d6,d7,d8,d9,da,db,dc,dd,de,df,e0,e1,e2,e3,e4,e5,e6,e7,e8,e9,ea,eb,ec,ed,ee,ef,f0,f1,f2,f3,f4,f5,f6,f7,f8,f9,fa,fb,fc,fd,fe,ff"
							}
						],
						"handle" : 1118405909,
						"type" : "SE ListToText"
					},
					
					{
						"handle" : 844540210,
						"type" : "SE Concat"
					},
					
					{
						"handle" : 1524668157,
						"type" : "SE Concat"
					},
					
					{
						"handle" : 321429901,
						"type" : "SE PatchMemory Int Out"
					},
					
					{
						"Pins" : 
						[
							
							{
								"Id" : 1,
								"default" : "00,01,02,03,04,05,06,07,08,09,0a,0b,0c,0d,0e,0f,10,11,12,13,14,15,16,17,18,19,1a,1b,1c,1d,1e,1f,20,21,22,23,24,25,26,27,28,29,2a,2b,2c,2d,2e,2f,30,31,32,33,34,35,36,37,38,39,3a,3b,3c,3d,3e,3f,40,41,42,43,44,45,46,47,48,49,4a,4b,4c,4d,4e,4f,50,51,52,53,54,55,56,57,58,59,5a,5b,5c,5d,5e,5f,60,61,62,63,64,65,66,67,68,69,6a,6b,6c,6d,6e,6f,70,71,72,73,74,75,76,77,78,79,7a,7b,7c,7d,7e,7f,80,81,82,83,84,85,86,87,88,89,8a,8b,8c,8d,8e,8f,90,91,92,93,94,95,96,97,98,99,9a,9b,9c,9d,9e,9f,a0,a1,a2,a3,a4,a5,a6,a7,a8,a9,aa,ab,ac,ad,ae,af,b0,b1,b2,b3,b4,b5,b6,b7,b8,b9,ba,bb,bc,bd,be,bf,c0,c1,c2,c3,c4,c5,c6,c7,c8,c9,ca,cb,cc,cd,ce,cf,d0,d1,d2,d3,d4,d5,d6,d7,d8,d9,da,db,dc,dd,de,df,e0,e1,e2,e3,e4,e5,e6,e7,e8,e9,ea,eb,ec,ed,ee,ef,f0,f1,f2,f3,f4,f5,f6,f7,f8,f9,fa,fb,fc,fd,fe,ff"
							}
						],
						"handle" : 674223366,
						"type" : "SE ListToText"
					}
				],
				"pb" : 152,
				"pl" : 88,
				"pr" : 98,
				"pt" : 142,
				"type" : "Container"
			},
			
			{
				"Pins" : 
				[
					
					{
						"Id" : 1,
						"default" : "1"
					},
					
					{
						"default" : "1"
					}
				],
				"connections" : 
				[
					
					{
						"fMod" : 1552601382,
						"fPin" : 8,
						"tMod" : 1464965766
					}
				],
				"handle" : 563304058,
				"modules" : 
				[
					
					{
						"handle" : 1552601382,
						"type" : "SE PatchMemory Float"
					},
					
					{
						"Pins" : 
						[
							
							{
								"Id" : 1,
								"default" : "Volume"
							}
						],
						"handle" : 1464965766,
						"pb" : 88,
						"pl" : 37,
						"pr" : 79,
						"pt" : 42,
						"type" : "SE Vector Knob2"
					},
					
					{
						"handle" : 927544586,
						"pb" : 89,
						"pl" : 35,
						"pr" : 81,
						"pt" : 41,
						"type" : "SE Vector Circle"
					}
				],
				"pb" : 123,
				"pl" : 981,
				"pr" : 1025,
				"pt" : 76,
				"type" : "Container"
			},
			
			{
				"Pins" : 
				[
					
					{
						"Id" : 1,
						"default" : "0"
					},
					
					{
						"default" : "1"
					}
				],
				"connections" : [],
				"handle" : 1164927985,
				"modules" : 
				[
					
					{
						"handle" : 881284478,
						"pb" : 117,
						"pl" : 807,
						"pr" : 831,
						"pt" : 93,
						"type" : "SE Vector Circle"
					},
					
					{
						"handle" : 979474115,
						"pb" : 117,
						"pl" : 711,
						"pr" : 735,
						"pt" : 93,
						"type" : "SE Vector Circle"
					},
					
					{
						"handle" : 1195032813,
						"pb" : 117,
						"pl" : 615,
						"pr" : 639,
						"pt" : 93,
						"type" : "SE Vector Circle"
					},
					
					{
						"handle" : 700534258,
						"pb" : 165,
						"pl" : 471,
						"pr" : 495,
						"pt" : 141,
						"type" : "SE Vector Circle"
					},
					
					{
						"handle" : 2142249188,
						"pb" : 69,
						"pl" : 471,
						"pr" : 495,
						"pt" : 45,
						"type" : "SE Vector Circle"
					},
					
					{
						"handle" : 916717035,
						"pb" : 117,
						"pl" : 327,
						"pr" : 351,
						"pt" : 93,
						"type" : "SE Vector Circle"
					},
					
					{
						"handle" : 268668675,
						"pb" : 117,
						"pl" : 231,
						"pr" : 255,
						"pt" : 93,
						"type" : "SE Vector Circle"
					},
					
					{
						"handle" : 832087439,
						"pb" : 117,
						"pl" : 135,
						"pr" : 159,
						"pt" : 93,
						"type" : "SE Vector Circle"
					},
					
					{
						"handle" : 236774591,
						"pb" : 117,
						"pl" : 38,
						"pr" : 62,
						"pt" : 93,
						"type" : "SE Vector Circle"
					},
					
					{
						"handle" : 440002759,
						"type" : "SE PatchMemory Float"
					},
					
					{
						"handle" : 2018776465,
						"type" : "SE PatchMemory Float"
					},
					
					{
						"Pins" : 
						[
							
							{
								"Id" : 1,
								"default" : "1"
							},
							
							{
								"default" : "1"
							}
						],
						"connections" : 
						[
							
							{
								"fMod" : 661708990,
								"fPin" : 2,
								"tMod" : 1830374459
							},
							
							{
								"fMod" : 1394892668,
								"fPin" : 2,
								"tMod" : 661708990
							},
							
							{
								"fMod" : 760641437,
								"fPin" : 2,
								"tMod" : 1394892668
							},
							
							{
								"fMod" : 744956002,
								"fPin" : 6,
								"tMod" : 760641437
							},
							
							{
								"fMod" : 1906830204,
								"fPin" : 6,
								"tMod" : 842827360
							},
							
							{
								"fMod" : 1650988044,
								"fPin" : 6,
								"tMod" : 751020577
							},
							
							{
								"fMod" : 1344196762,
								"fPin" : 6,
								"tMod" : 724178428
							},
							
							{
								"fMod" : 842827360,
								"fPin" : 2,
								"tMod" : 41802145,
								"tPin" : 1
							},
							
							{
								"fMod" : 842827360,
								"fPin" : 2,
								"tMod" : 1830374459,
								"tPin" : 1
							},
							
							{
								"fMod" : 751020577,
								"fPin" : 2,
								"tMod" : 78092122,
								"tPin" : 1
							},
							
							{
								"fMod" : 751020577,
								"fPin" : 2,
								"tMod" : 661708990,
								"tPin" : 1
							},
							
							{
								"fMod" : 78092122,
								"fPin" : 2,
								"tMod" : 41802145
							},
							
							{
								"fMod" : 724178428,
								"fPin" : 2,
								"tMod" : 78092122
							},
							
							{
								"fMod" : 2103554821,
								"fPin" : 6,
								"tMod" : 1217504113
							},
							
							{
								"fMod" : 1217504113,
								"fPin" : 2,
								"tMod" : 724178428,
								"tPin" : 1
							},
							
							{
								"fMod" : 1217504113,
								"fPin" : 2,
								"tMod" : 1394892668,
								"tPin" : 1
							}
						],
						"handle" : 1993292096,
						"modules" : 
						[
							
							{
								"handle" : 1830374459,
								"type" : "SE Concat"
							},
							
							{
								"handle" : 661708990,
								"type" : "SE Concat"
							},
							
							{
								"handle" : 1394892668,
								"type" : "SE Concat"
							},
							
							{
								"Pins" : 
								[
									
									{
										"Id" : 1,
										"default" : "00,01,02,03,04,05,06,07,08,09,0a,0b,0c,0d,0e,0f,10,11,12,13,14,15,16,17,18,19,1a,1b,1c,1d,1e,1f,20,21,22,23,24,25,26,27,28,29,2a,2b,2c,2d,2e,2f,30,31,32,33,34,35,36,37,38,39,3a,3b,3c,3d,3e,3f,40,41,42,43,44,45,46,47,48,49,4a,4b,4c,4d,4e,4f,50,51,52,53,54,55,56,57,58,59,5a,5b,5c,5d,5e,5f,60,61,62,63,64,65,66,67,68,69,6a,6b,6c,6d,6e,6f,70,71,72,73,74,75,76,77,78,79,7a,7b,7c,7d,7e,7f,80,81,82,83,84,85,86,87,88,89,8a,8b,8c,8d,8e,8f,90,91,92,93,94,95,96,97,98,99,9a,9b,9c,9d,9e,9f,a0,a1,a2,a3,a4,a5,a6,a7,a8,a9,aa,ab,ac,ad,ae,af,b0,b1,b2,b3,b4,b5,b6,b7,b8,b9,ba,bb,bc,bd,be,bf,c0,c1,c2,c3,c4,c5,c6,c7,c8,c9,ca,cb,cc,cd,ce,cf,d0,d1,d2,d3,d4,d5,d6,d7,d8,d9,da,db,dc,dd,de,df,e0,e1,e2,e3,e4,e5,e6,e7,e8,e9,ea,eb,ec,ed,ee,ef,f0,f1,f2,f3,f4,f5,f6,f7,f8,f9,fa,fb,fc,fd,fe,ff"
									}
								],
								"handle" : 760641437,
								"type" : "SE ListToText"
							},
							
							{
								"handle" : 744956002,
								"type" : "SE PatchMemory Int Out"
							},
							
							{
								"handle" : 1906830204,
								"type" : "SE PatchMemory Int Out"
							},
							
							{
								"handle" : 1650988044,
								"type" : "SE PatchMemory Int Out"
							},
							
							{
								"handle" : 1344196762,
								"type" : "SE PatchMemory Text Out"
							},
							
							{
								"handle" : 41802145,
								"type" : "SE Concat"
							},
							
							{
								"Pins" : 
								[
									
									{
										"Id" : 1,
										"default" : "00,01,02,03,04,05,06,07,08,09,0a,0b,0c,0d,0e,0f,10,11,12,13,14,15,16,17,18,19,1a,1b,1c,1d,1e,1f,20,21,22,23,24,25,26,27,28,29,2a,2b,2c,2d,2e,2f,30,31,32,33,34,35,36,37,38,39,3a,3b,3c,3d,3e,3f,40,41,42,43,44,45,46,47,48,49,4a,4b,4c,4d,4e,4f,50,51,52,53,54,55,56,57,58,59,5a,5b,5c,5d,5e,5f,60,61,62,63,64,65,66,67,68,69,6a,6b,6c,6d,6e,6f,70,71,72,73,74,75,76,77,78,79,7a,7b,7c,7d,7e,7f,80,81,82,83,84,85,86,87,88,89,8a,8b,8c,8d,8e,8f,90,91,92,93,94,95,96,97,98,99,9a,9b,9c,9d,9e,9f,a0,a1,a2,a3,a4,a5,a6,a7,a8,a9,aa,ab,ac,ad,ae,af,b0,b1,b2,b3,b4,b5,b6,b7,b8,b9,ba,bb,bc,bd,be,bf,c0,c1,c2,c3,c4,c5,c6,c7,c8,c9,ca,cb,cc,cd,ce,cf,d0,d1,d2,d3,d4,d5,d6,d7,d8,d9,da,db,dc,dd,de,df,e0,e1,e2,e3,e4,e5,e6,e7,e8,e9,ea,eb,ec,ed,ee,ef,f0,f1,f2,f3,f4,f5,f6,f7,f8,f9,fa,fb,fc,fd,fe,ff"
									}
								],
								"handle" : 842827360,
								"type" : "SE ListToText"
							},
							
							{
								"Pins" : 
								[
									
									{
										"Id" : 1,
										"default" : "00,01,02,03,04,05,06,07,08,09,0a,0b,0c,0d,0e,0f,10,11,12,13,14,15,16,17,18,19,1a,1b,1c,1d,1e,1f,20,21,22,23,24,25,26,27,28,29,2a,2b,2c,2d,2e,2f,30,31,32,33,34,35,36,37,38,39,3a,3b,3c,3d,3e,3f,40,41,42,43,44,45,46,47,48,49,4a,4b,4c,4d,4e,4f,50,51,52,53,54,55,56,57,58,59,5a,5b,5c,5d,5e,5f,60,61,62,63,64,65,66,67,68,69,6a,6b,6c,6d,6e,6f,70,71,72,73,74,75,76,77,78,79,7a,7b,7c,7d,7e,7f,80,81,82,83,84,85,86,87,88,89,8a,8b,8c,8d,8e,8f,90,91,92,93,94,95,96,97,98,99,9a,9b,9c,9d,9e,9f,a0,a1,a2,a3,a4,a5,a6,a7,a8,a9,aa,ab,ac,ad,ae,af,b0,b1,b2,b3,b4,b5,b6,b7,b8,b9,ba,bb,bc,bd,be,bf,c0,c1,c2,c3,c4,c5,c6,c7,c8,c9,ca,cb,cc,cd,ce,cf,d0,d1,d2,d3,d4,d5,d6,d7,d8,d9,da,db,dc,dd,de,df,e0,e1,e2,e3,e4,e5,e6,e7,e8,e9,ea,eb,ec,ed,ee,ef,f0,f1,f2,f3,f4,f5,f6,f7,f8,f9,fa,fb,fc,fd,fe,ff"
									}
								],
								"handle" : 751020577,
								"type" : "SE ListToText"
							},
							
							{
								"handle" : 78092122,
								"type" : "SE Concat"
							},
							
							{
								"handle" : 724178428,
								"type" : "SE Concat"
							},
							
							{
								"handle" : 2103554821,
								"type" : "SE PatchMemory Int Out"
							},
							
							{
								"Pins" : 
								[
									
									{
										"Id" : 1,
										"default" : "00,01,02,03,04,05,06,07,08,09,0a,0b,0c,0d,0e,0f,10,11,12,13,14,15,16,17,18,19,1a,1b,1c,1d,1e,1f,20,21,22,23,24,25,26,27,28,29,2a,2b,2c,2d,2e,2f,30,31,32,33,34,35,36,37,38,39,3a,3b,3c,3d,3e,3f,40,41,42,43,44,45,46,47,48,49,4a,4b,4c,4d,4e,4f,50,51,52,53,54,55,56,57,58,59,5a,5b,5c,5d,5e,5f,60,61,62,63,64,65,66,67,68,69,6a,6b,6c,6d,6e,6f,70,71,72,73,74,75,76,77,78,79,7a,7b,7c,7d,7e,7f,80,81,82,83,84,85,86,87,88,89,8a,8b,8c,8d,8e,8f,90,91,92,93,94,95,96,97,98,99,9a,9b,9c,9d,9e,9f,a0,a1,a2,a3,a4,a5,a6,a7,a8,a9,aa,ab,ac,ad,ae,af,b0,b1,b2,b3,b4,b5,b6,b7,b8,b9,ba,bb,bc,bd,be,bf,c0,c1,c2,c3,c4,c5,c6,c7,c8,c9,ca,cb,cc,cd,ce,cf,d0,d1,d2,d3,d4,d5,d6,d7,d8,d9,da,db,dc,dd,de,df,e0,e1,e2,e3,e4,e5,e6,e7,e8,e9,ea,eb,ec,ed,ee,ef,f0,f1,f2,f3,f4,f5,f6,f7,f8,f9,fa,fb,fc,fd,fe,ff"
									}
								],
								"handle" : 1217504113,
								"type" : "SE ListToText"
							}
						],
						"pb" : 111,
						"pl" : 335,
						"pr" : 345,
						"pt" : 101,
						"type" : "Container"
					}
				],
				"pb" : 158,
				"pl" : 171,
				"pr" : 964,
				"pt" : 38,
				"type" : "Container"
			},
			
			{
				"handle" : 606943659,
				"pb" : 28,
				"pl" : 62,
				"pr" : 977,
				"pt" : 26,
				"type" : "SE Rectangle XP"
			},
			
			{
				"handle" : 1805451215,
				"pb" : 76,
				"pl" : 62,
				"pr" : 977,
				"pt" : 72,
				"type" : "SE Rectangle XP"
			},
			
			{
				"handle" : 1754236711,
				"pb" : 125,
				"pl" : 62,
				"pr" : 977,
				"pt" : 120,
				"type" : "SE Rectangle XP"
			},
			
			{
				"handle" : 1332591824,
				"pb" : 174,
				"pl" : 62,
				"pr" : 977,
				"pt" : 168,
				"type" : "SE Rectangle XP"
			},
			
			{
				"Pins" : 
				[
					
					{
						"Id" : 1,
						"default" : "1"
					},
					
					{
						"default" : "1"
					}
				],
				"connections" : 
				[
					
					{
						"fMod" : 1862101852,
						"fPin" : 2,
						"tMod" : 1480991508
					},
					
					{
						"fMod" : 161246939,
						"fPin" : 6,
						"tMod" : 1862101852
					},
					
					{
						"fMod" : 959060143,
						"fPin" : 6,
						"tMod" : 2037050612
					},
					
					{
						"fMod" : 1793565438,
						"fPin" : 6,
						"tMod" : 1488863016
					},
					
					{
						"fMod" : 1916098905,
						"fPin" : 2,
						"tMod" : 927544586
					},
					
					{
						"fMod" : 1916098905,
						"fPin" : 2,
						"tMod" : 606943659,
						"tPin" : 6
					},
					
					{
						"fMod" : 1916098905,
						"fPin" : 2,
						"tMod" : 1805451215,
						"tPin" : 6
					},
					
					{
						"fMod" : 1916098905,
						"fPin" : 2,
						"tMod" : 1754236711,
						"tPin" : 6
					},
					
					{
						"fMod" : 1916098905,
						"fPin" : 2,
						"tMod" : 1332591824,
						"tPin" : 5
					},
					
					{
						"fMod" : 1916098905,
						"fPin" : 2,
						"tMod" : 1332591824,
						"tPin" : 6
					},
					
					{
						"fMod" : 1916098905,
						"fPin" : 2,
						"tMod" : 1754236711,
						"tPin" : 5
					},
					
					{
						"fMod" : 1916098905,
						"fPin" : 2,
						"tMod" : 1805451215,
						"tPin" : 5
					},
					
					{
						"fMod" : 1916098905,
						"fPin" : 2,
						"tMod" : 606943659,
						"tPin" : 5
					},
					
					{
						"fMod" : 2037050612,
						"fPin" : 2,
						"tMod" : 1916098905,
						"tPin" : 1
					},
					
					{
						"fMod" : 1488863016,
						"fPin" : 2,
						"tMod" : 1218914834,
						"tPin" : 1
					},
					
					{
						"fMod" : 1218914834,
						"fPin" : 2,
						"tMod" : 1916098905
					},
					
					{
						"fMod" : 1480991508,
						"fPin" : 2,
						"tMod" : 1218914834
					},
					
					{
						"fMod" : 184571607,
						"fPin" : 6,
						"tMod" : 1693873741
					},
					
					{
						"fMod" : 1693873741,
						"fPin" : 2,
						"tMod" : 1480991508,
						"tPin" : 1
					}
				],
				"handle" : 1075761960,
				"modules" : 
				[
					
					{
						"Pins" : 
						[
							
							{
								"Id" : 1,
								"default" : "00,01,02,03,04,05,06,07,08,09,0a,0b,0c,0d,0e,0f,10,11,12,13,14,15,16,17,18,19,1a,1b,1c,1d,1e,1f,20,21,22,23,24,25,26,27,28,29,2a,2b,2c,2d,2e,2f,30,31,32,33,34,35,36,37,38,39,3a,3b,3c,3d,3e,3f,40,41,42,43,44,45,46,47,48,49,4a,4b,4c,4d,4e,4f,50,51,52,53,54,55,56,57,58,59,5a,5b,5c,5d,5e,5f,60,61,62,63,64,65,66,67,68,69,6a,6b,6c,6d,6e,6f,70,71,72,73,74,75,76,77,78,79,7a,7b,7c,7d,7e,7f,80,81,82,83,84,85,86,87,88,89,8a,8b,8c,8d,8e,8f,90,91,92,93,94,95,96,97,98,99,9a,9b,9c,9d,9e,9f,a0,a1,a2,a3,a4,a5,a6,a7,a8,a9,aa,ab,ac,ad,ae,af,b0,b1,b2,b3,b4,b5,b6,b7,b8,b9,ba,bb,bc,bd,be,bf,c0,c1,c2,c3,c4,c5,c6,c7,c8,c9,ca,cb,cc,cd,ce,cf,d0,d1,d2,d3,d4,d5,d6,d7,d8,d9,da,db,dc,dd,de,df,e0,e1,e2,e3,e4,e5,e6,e7,e8,e9,ea,eb,ec,ed,ee,ef,f0,f1,f2,f3,f4,f5,f6,f7,f8,f9,fa,fb,fc,fd,fe,ff"
							}
						],
						"handle" : 1862101852,
						"type" : "SE ListToText"
					},
					
					{
						"handle" : 161246939,
						"type" : "SE PatchMemory Int Out"
					},
					
					{
						"handle" : 959060143,
						"type" : "SE PatchMemory Int Out"
					},
					
					{
						"handle" : 1793565438,
						"type" : "SE PatchMemory Int Out"
					},
					
					{
						"handle" : 1916098905,
						"type" : "SE Concat"
					},
					
					{
						"Pins" : 
						[
							
							{
								"Id" : 1,
								"default" : "00,01,02,03,04,05,06,07,08,09,0a,0b,0c,0d,0e,0f,10,11,12,13,14,15,16,17,18,19,1a,1b,1c,1d,1e,1f,20,21,22,23,24,25,26,27,28,29,2a,2b,2c,2d,2e,2f,30,31,32,33,34,35,36,37,38,39,3a,3b,3c,3d,3e,3f,40,41,42,43,44,45,46,47,48,49,4a,4b,4c,4d,4e,4f,50,51,52,53,54,55,56,57,58,59,5a,5b,5c,5d,5e,5f,60,61,62,63,64,65,66,67,68,69,6a,6b,6c,6d,6e,6f,70,71,72,73,74,75,76,77,78,79,7a,7b,7c,7d,7e,7f,80,81,82,83,84,85,86,87,88,89,8a,8b,8c,8d,8e,8f,90,91,92,93,94,95,96,97,98,99,9a,9b,9c,9d,9e,9f,a0,a1,a2,a3,a4,a5,a6,a7,a8,a9,aa,ab,ac,ad,ae,af,b0,b1,b2,b3,b4,b5,b6,b7,b8,b9,ba,bb,bc,bd,be,bf,c0,c1,c2,c3,c4,c5,c6,c7,c8,c9,ca,cb,cc,cd,ce,cf,d0,d1,d2,d3,d4,d5,d6,d7,d8,d9,da,db,dc,dd,de,df,e0,e1,e2,e3,e4,e5,e6,e7,e8,e9,ea,eb,ec,ed,ee,ef,f0,f1,f2,f3,f4,f5,f6,f7,f8,f9,fa,fb,fc,fd,fe,ff"
							}
						],
						"handle" : 2037050612,
						"type" : "SE ListToText"
					},
					
					{
						"Pins" : 
						[
							
							{
								"Id" : 1,
								"default" : "00,01,02,03,04,05,06,07,08,09,0a,0b,0c,0d,0e,0f,10,11,12,13,14,15,16,17,18,19,1a,1b,1c,1d,1e,1f,20,21,22,23,24,25,26,27,28,29,2a,2b,2c,2d,2e,2f,30,31,32,33,34,35,36,37,38,39,3a,3b,3c,3d,3e,3f,40,41,42,43,44,45,46,47,48,49,4a,4b,4c,4d,4e,4f,50,51,52,53,54,55,56,57,58,59,5a,5b,5c,5d,5e,5f,60,61,62,63,64,65,66,67,68,69,6a,6b,6c,6d,6e,6f,70,71,72,73,74,75,76,77,78,79,7a,7b,7c,7d,7e,7f,80,81,82,83,84,85,86,87,88,89,8a,8b,8c,8d,8e,8f,90,91,92,93,94,95,96,97,98,99,9a,9b,9c,9d,9e,9f,a0,a1,a2,a3,a4,a5,a6,a7,a8,a9,aa,ab,ac,ad,ae,af,b0,b1,b2,b3,b4,b5,b6,b7,b8,b9,ba,bb,bc,bd,be,bf,c0,c1,c2,c3,c4,c5,c6,c7,c8,c9,ca,cb,cc,cd,ce,cf,d0,d1,d2,d3,d4,d5,d6,d7,d8,d9,da,db,dc,dd,de,df,e0,e1,e2,e3,e4,e5,e6,e7,e8,e9,ea,eb,ec,ed,ee,ef,f0,f1,f2,f3,f4,f5,f6,f7,f8,f9,fa,fb,fc,fd,fe,ff"
							}
						],
						"handle" : 1488863016,
						"type" : "SE ListToText"
					},
					
					{
						"handle" : 1218914834,
						"type" : "SE Concat"
					},
					
					{
						"handle" : 1480991508,
						"type" : "SE Concat"
					},
					
					{
						"handle" : 184571607,
						"type" : "SE PatchMemory Int Out"
					},
					
					{
						"Pins" : 
						[
							
							{
								"Id" : 1,
								"default" : "00,01,02,03,04,05,06,07,08,09,0a,0b,0c,0d,0e,0f,10,11,12,13,14,15,16,17,18,19,1a,1b,1c,1d,1e,1f,20,21,22,23,24,25,26,27,28,29,2a,2b,2c,2d,2e,2f,30,31,32,33,34,35,36,37,38,39,3a,3b,3c,3d,3e,3f,40,41,42,43,44,45,46,47,48,49,4a,4b,4c,4d,4e,4f,50,51,52,53,54,55,56,57,58,59,5a,5b,5c,5d,5e,5f,60,61,62,63,64,65,66,67,68,69,6a,6b,6c,6d,6e,6f,70,71,72,73,74,75,76,77,78,79,7a,7b,7c,7d,7e,7f,80,81,82,83,84,85,86,87,88,89,8a,8b,8c,8d,8e,8f,90,91,92,93,94,95,96,97,98,99,9a,9b,9c,9d,9e,9f,a0,a1,a2,a3,a4,a5,a6,a7,a8,a9,aa,ab,ac,ad,ae,af,b0,b1,b2,b3,b4,b5,b6,b7,b8,b9,ba,bb,bc,bd,be,bf,c0,c1,c2,c3,c4,c5,c6,c7,c8,c9,ca,cb,cc,cd,ce,cf,d0,d1,d2,d3,d4,d5,d6,d7,d8,d9,da,db,dc,dd,de,df,e0,e1,e2,e3,e4,e5,e6,e7,e8,e9,ea,eb,ec,ed,ee,ef,f0,f1,f2,f3,f4,f5,f6,f7,f8,f9,fa,fb,fc,fd,fe,ff"
							}
						],
						"handle" : 1693873741,
						"type" : "SE ListToText"
					}
				],
				"pb" : 104,
				"pl" : 32,
				"pr" : 42,
				"pt" : 94,
				"type" : "Container"
			},
			
			{
				"Pins" : 
				[
					
					{
						"Id" : 1,
						"default" : "1"
					},
					
					{
						"default" : "1"
					}
				],
				"connections" : 
				[
					
					{
						"fMod" : 460352130,
						"fPin" : 2,
						"tMod" : 1886432263,
						"tPin" : 10
					},
					
					{
						"fMod" : 460352130,
						"fPin" : 2,
						"tMod" : 1464965766,
						"tPin" : 5
					},
					
					{
						"fMod" : 460352130,
						"fPin" : 2,
						"tMod" : 1339545742
					},
					
					{
						"fMod" : 1644371721,
						"fPin" : 2,
						"tMod" : 460352130
					},
					
					{
						"fMod" : 176783977,
						"fPin" : 2,
						"tMod" : 1644371721
					},
					
					{
						"fMod" : 842168693,
						"fPin" : 2,
						"tMod" : 176783977
					},
					
					{
						"fMod" : 381444007,
						"fPin" : 6,
						"tMod" : 842168693
					},
					
					{
						"fMod" : 1371509202,
						"fPin" : 6,
						"tMod" : 2101305552
					},
					
					{
						"fMod" : 565120576,
						"fPin" : 6,
						"tMod" : 774358397
					},
					
					{
						"fMod" : 1042322709,
						"fPin" : 6,
						"tMod" : 1606237792
					},
					
					{
						"fMod" : 2101305552,
						"fPin" : 2,
						"tMod" : 460352130,
						"tPin" : 1
					},
					
					{
						"fMod" : 2101305552,
						"fPin" : 2,
						"tMod" : 25201841,
						"tPin" : 1
					},
					
					{
						"fMod" : 774358397,
						"fPin" : 2,
						"tMod" : 1644371721,
						"tPin" : 1
					},
					
					{
						"fMod" : 774358397,
						"fPin" : 2,
						"tMod" : 1954866344,
						"tPin" : 1
					},
					
					{
						"fMod" : 1954866344,
						"fPin" : 2,
						"tMod" : 25201841
					},
					
					{
						"fMod" : 1606237792,
						"fPin" : 2,
						"tMod" : 1954866344
					},
					
					{
						"fMod" : 891569695,
						"fPin" : 6,
						"tMod" : 442852723
					},
					
					{
						"fMod" : 442852723,
						"fPin" : 2,
						"tMod" : 176783977,
						"tPin" : 1
					},
					
					{
						"fMod" : 442852723,
						"fPin" : 2,
						"tMod" : 1606237792,
						"tPin" : 1
					}
				],
				"handle" : 529812473,
				"modules" : 
				[
					
					{
						"handle" : 460352130,
						"type" : "SE Concat"
					},
					
					{
						"handle" : 1644371721,
						"type" : "SE Concat"
					},
					
					{
						"handle" : 176783977,
						"type" : "SE Concat"
					},
					
					{
						"Pins" : 
						[
							
							{
								"Id" : 1,
								"default" : "00,01,02,03,04,05,06,07,08,09,0a,0b,0c,0d,0e,0f,10,11,12,13,14,15,16,17,18,19,1a,1b,1c,1d,1e,1f,20,21,22,23,24,25,26,27,28,29,2a,2b,2c,2d,2e,2f,30,31,32,33,34,35,36,37,38,39,3a,3b,3c,3d,3e,3f,40,41,42,43,44,45,46,47,48,49,4a,4b,4c,4d,4e,4f,50,51,52,53,54,55,56,57,58,59,5a,5b,5c,5d,5e,5f,60,61,62,63,64,65,66,67,68,69,6a,6b,6c,6d,6e,6f,70,71,72,73,74,75,76,77,78,79,7a,7b,7c,7d,7e,7f,80,81,82,83,84,85,86,87,88,89,8a,8b,8c,8d,8e,8f,90,91,92,93,94,95,96,97,98,99,9a,9b,9c,9d,9e,9f,a0,a1,a2,a3,a4,a5,a6,a7,a8,a9,aa,ab,ac,ad,ae,af,b0,b1,b2,b3,b4,b5,b6,b7,b8,b9,ba,bb,bc,bd,be,bf,c0,c1,c2,c3,c4,c5,c6,c7,c8,c9,ca,cb,cc,cd,ce,cf,d0,d1,d2,d3,d4,d5,d6,d7,d8,d9,da,db,dc,dd,de,df,e0,e1,e2,e3,e4,e5,e6,e7,e8,e9,ea,eb,ec,ed,ee,ef,f0,f1,f2,f3,f4,f5,f6,f7,f8,f9,fa,fb,fc,fd,fe,ff"
							}
						],
						"handle" : 842168693,
						"type" : "SE ListToText"
					},
					
					{
						"handle" : 381444007,
						"type" : "SE PatchMemory Int Out"
					},
					
					{
						"handle" : 1371509202,
						"type" : "SE PatchMemory Int Out"
					},
					
					{
						"handle" : 565120576,
						"type" : "SE PatchMemory Int Out"
					},
					
					{
						"handle" : 1042322709,
						"type" : "SE PatchMemory Text Out"
					},
					
					{
						"handle" : 25201841,
						"type" : "SE Concat"
					},
					
					{
						"Pins" : 
						[
							
							{
								"Id" : 1,
								"default" : "00,01,02,03,04,05,06,07,08,09,0a,0b,0c,0d,0e,0f,10,11,12,13,14,15,16,17,18,19,1a,1b,1c,1d,1e,1f,20,21,22,23,24,25,26,27,28,29,2a,2b,2c,2d,2e,2f,30,31,32,33,34,35,36,37,38,39,3a,3b,3c,3d,3e,3f,40,41,42,43,44,45,46,47,48,49,4a,4b,4c,4d,4e,4f,50,51,52,53,54,55,56,57,58,59,5a,5b,5c,5d,5e,5f,60,61,62,63,64,65,66,67,68,69,6a,6b,6c,6d,6e,6f,70,71,72,73,74,75,76,77,78,79,7a,7b,7c,7d,7e,7f,80,81,82,83,84,85,86,87,88,89,8a,8b,8c,8d,8e,8f,90,91,92,93,94,95,96,97,98,99,9a,9b,9c,9d,9e,9f,a0,a1,a2,a3,a4,a5,a6,a7,a8,a9,aa,ab,ac,ad,ae,af,b0,b1,b2,b3,b4,b5,b6,b7,b8,b9,ba,bb,bc,bd,be,bf,c0,c1,c2,c3,c4,c5,c6,c7,c8,c9,ca,cb,cc,cd,ce,cf,d0,d1,d2,d3,d4,d5,d6,d7,d8,d9,da,db,dc,dd,de,df,e0,e1,e2,e3,e4,e5,e6,e7,e8,e9,ea,eb,ec,ed,ee,ef,f0,f1,f2,f3,f4,f5,f6,f7,f8,f9,fa,fb,fc,fd,fe,ff"
							}
						],
						"handle" : 2101305552,
						"type" : "SE ListToText"
					},
					
					{
						"Pins" : 
						[
							
							{
								"Id" : 1,
								"default" : "00,01,02,03,04,05,06,07,08,09,0a,0b,0c,0d,0e,0f,10,11,12,13,14,15,16,17,18,19,1a,1b,1c,1d,1e,1f,20,21,22,23,24,25,26,27,28,29,2a,2b,2c,2d,2e,2f,30,31,32,33,34,35,36,37,38,39,3a,3b,3c,3d,3e,3f,40,41,42,43,44,45,46,47,48,49,4a,4b,4c,4d,4e,4f,50,51,52,53,54,55,56,57,58,59,5a,5b,5c,5d,5e,5f,60,61,62,63,64,65,66,67,68,69,6a,6b,6c,6d,6e,6f,70,71,72,73,74,75,76,77,78,79,7a,7b,7c,7d,7e,7f,80,81,82,83,84,85,86,87,88,89,8a,8b,8c,8d,8e,8f,90,91,92,93,94,95,96,97,98,99,9a,9b,9c,9d,9e,9f,a0,a1,a2,a3,a4,a5,a6,a7,a8,a9,aa,ab,ac,ad,ae,af,b0,b1,b2,b3,b4,b5,b6,b7,b8,b9,ba,bb,bc,bd,be,bf,c0,c1,c2,c3,c4,c5,c6,c7,c8,c9,ca,cb,cc,cd,ce,cf,d0,d1,d2,d3,d4,d5,d6,d7,d8,d9,da,db,dc,dd,de,df,e0,e1,e2,e3,e4,e5,e6,e7,e8,e9,ea,eb,ec,ed,ee,ef,f0,f1,f2,f3,f4,f5,f6,f7,f8,f9,fa,fb,fc,fd,fe,ff"
							}
						],
						"handle" : 774358397,
						"type" : "SE ListToText"
					},
					
					{
						"handle" : 1954866344,
						"type" : "SE Concat"
					},
					
					{
						"handle" : 1606237792,
						"type" : "SE Concat"
					},
					
					{
						"handle" : 891569695,
						"type" : "SE PatchMemory Int Out"
					},
					
					{
						"Pins" : 
						[
							
							{
								"Id" : 1,
								"default" : "00,01,02,03,04,05,06,07,08,09,0a,0b,0c,0d,0e,0f,10,11,12,13,14,15,16,17,18,19,1a,1b,1c,1d,1e,1f,20,21,22,23,24,25,26,27,28,29,2a,2b,2c,2d,2e,2f,30,31,32,33,34,35,36,37,38,39,3a,3b,3c,3d,3e,3f,40,41,42,43,44,45,46,47,48,49,4a,4b,4c,4d,4e,4f,50,51,52,53,54,55,56,57,58,59,5a,5b,5c,5d,5e,5f,60,61,62,63,64,65,66,67,68,69,6a,6b,6c,6d,6e,6f,70,71,72,73,74,75,76,77,78,79,7a,7b,7c,7d,7e,7f,80,81,82,83,84,85,86,87,88,89,8a,8b,8c,8d,8e,8f,90,91,92,93,94,95,96,97,98,99,9a,9b,9c,9d,9e,9f,a0,a1,a2,a3,a4,a5,a6,a7,a8,a9,aa,ab,ac,ad,ae,af,b0,b1,b2,b3,b4,b5,b6,b7,b8,b9,ba,bb,bc,bd,be,bf,c0,c1,c2,c3,c4,c5,c6,c7,c8,c9,ca,cb,cc,cd,ce,cf,d0,d1,d2,d3,d4,d5,d6,d7,d8,d9,da,db,dc,dd,de,df,e0,e1,e2,e3,e4,e5,e6,e7,e8,e9,ea,eb,ec,ed,ee,ef,f0,f1,f2,f3,f4,f5,f6,f7,f8,f9,fa,fb,fc,fd,fe,ff"
							}
						],
						"handle" : 442852723,
						"type" : "SE ListToText"
					}
				],
				"pb" : 104,
				"pl" : 32,
				"pr" : 42,
				"pt" : 94,
				"type" : "Container"
			},
			
			{
				"handle" : 1274979810,
				"pb" : 190,
				"pl" : 974,
				"pr" : 977,
				"pt" : 6,
				"type" : "SE Rectangle XP"
			},
			
			{
				"handle" : 1964052784,
				"pb" : 190,
				"pl" : 926,
				"pr" : 929,
				"pt" : 6,
				"type" : "SE Rectangle XP"
			},
			
			{
				"handle" : 1831372355,
				"pb" : 190,
				"pl" : 878,
				"pr" : 881,
				"pt" : 6,
				"type" : "SE Rectangle XP"
			},
			
			{
				"handle" : 1010619450,
				"pb" : 190,
				"pl" : 830,
				"pr" : 833,
				"pt" : 6,
				"type" : "SE Rectangle XP"
			},
			
			{
				"handle" : 778768410,
				"pb" : 190,
				"pl" : 782,
				"pr" : 785,
				"pt" : 6,
				"type" : "SE Rectangle XP"
			},
			
			{
				"handle" : 228678375,
				"pb" : 190,
				"pl" : 734,
				"pr" : 737,
				"pt" : 6,
				"type" : "SE Rectangle XP"
			},
			
			{
				"handle" : 467894045,
				"pb" : 190,
				"pl" : 686,
				"pr" : 689,
				"pt" : 6,
				"type" : "SE Rectangle XP"
			},
			
			{
				"handle" : 627930696,
				"pb" : 190,
				"pl" : 638,
				"pr" : 641,
				"pt" : 6,
				"type" : "SE Rectangle XP"
			},
			
			{
				"handle" : 1258432858,
				"pb" : 190,
				"pl" : 590,
				"pr" : 593,
				"pt" : 6,
				"type" : "SE Rectangle XP"
			},
			
			{
				"handle" : 2090049476,
				"pb" : 190,
				"pl" : 542,
				"pr" : 545,
				"pt" : 6,
				"type" : "SE Rectangle XP"
			},
			
			{
				"handle" : 2144003583,
				"pb" : 190,
				"pl" : 494,
				"pr" : 497,
				"pt" : 6,
				"type" : "SE Rectangle XP"
			},
			
			{
				"handle" : 1665038769,
				"pb" : 190,
				"pl" : 446,
				"pr" : 449,
				"pt" : 6,
				"type" : "SE Rectangle XP"
			},
			
			{
				"handle" : 1678133881,
				"pb" : 190,
				"pl" : 398,
				"pr" : 401,
				"pt" : 6,
				"type" : "SE Rectangle XP"
			},
			
			{
				"handle" : 2117404911,
				"pb" : 190,
				"pl" : 350,
				"pr" : 353,
				"pt" : 6,
				"type" : "SE Rectangle XP"
			},
			
			{
				"handle" : 1915763563,
				"pb" : 190,
				"pl" : 302,
				"pr" : 305,
				"pt" : 6,
				"type" : "SE Rectangle XP"
			},
			
			{
				"handle" : 882142459,
				"pb" : 190,
				"pl" : 254,
				"pr" : 257,
				"pt" : 6,
				"type" : "SE Rectangle XP"
			},
			
			{
				"handle" : 288510027,
				"pb" : 190,
				"pl" : 206,
				"pr" : 209,
				"pt" : 6,
				"type" : "SE Rectangle XP"
			},
			
			{
				"handle" : 236062522,
				"pb" : 190,
				"pl" : 158,
				"pr" : 161,
				"pt" : 6,
				"type" : "SE Rectangle XP"
			},
			
			{
				"handle" : 2044275484,
				"pb" : 190,
				"pl" : 110,
				"pr" : 113,
				"pt" : 6,
				"type" : "SE Rectangle XP"
			},
			
			{
				"handle" : 1300898320,
				"pb" : 190,
				"pl" : 62,
				"pr" : 65,
				"pt" : 6,
				"type" : "SE Rectangle XP"
			},
			
			{
				"Pins" : 
				[
					
					{
						"Id" : 1,
						"default" : "1"
					},
					
					{
						"default" : "1"
					}
				],
				"connections" : 
				[
					
					{
						"fMod" : 1556349533,
						"fPin" : 6,
						"tMod" : 2037730871
					},
					
					{
						"fMod" : 2037730871,
						"fPin" : 2,
						"tMod" : 772305325
					},
					
					{
						"fMod" : 247620386,
						"fPin" : 2,
						"tMod" : 1274979810,
						"tPin" : 5
					},
					
					{
						"fMod" : 247620386,
						"fPin" : 2,
						"tMod" : 1964052784,
						"tPin" : 5
					},
					
					{
						"fMod" : 247620386,
						"fPin" : 2,
						"tMod" : 1831372355,
						"tPin" : 5
					},
					
					{
						"fMod" : 247620386,
						"fPin" : 2,
						"tMod" : 1010619450,
						"tPin" : 5
					},
					
					{
						"fMod" : 247620386,
						"fPin" : 2,
						"tMod" : 778768410,
						"tPin" : 5
					},
					
					{
						"fMod" : 247620386,
						"fPin" : 2,
						"tMod" : 228678375,
						"tPin" : 5
					},
					
					{
						"fMod" : 247620386,
						"fPin" : 2,
						"tMod" : 467894045,
						"tPin" : 5
					},
					
					{
						"fMod" : 247620386,
						"fPin" : 2,
						"tMod" : 627930696,
						"tPin" : 5
					},
					
					{
						"fMod" : 247620386,
						"fPin" : 2,
						"tMod" : 1258432858,
						"tPin" : 5
					},
					
					{
						"fMod" : 247620386,
						"fPin" : 2,
						"tMod" : 2090049476,
						"tPin" : 5
					},
					
					{
						"fMod" : 247620386,
						"fPin" : 2,
						"tMod" : 2144003583,
						"tPin" : 5
					},
					
					{
						"fMod" : 247620386,
						"fPin" : 2,
						"tMod" : 1665038769,
						"tPin" : 5
					},
					
					{
						"fMod" : 247620386,
						"fPin" : 2,
						"tMod" : 1678133881,
						"tPin" : 5
					},
					
					{
						"fMod" : 247620386,
						"fPin" : 2,
						"tMod" : 2117404911,
						"tPin" : 5
					},
					
					{
						"fMod" : 247620386,
						"fPin" : 2,
						"tMod" : 1915763563,
						"tPin" : 5
					},
					
					{
						"fMod" : 247620386,
						"fPin" : 2,
						"tMod" : 882142459,
						"tPin" : 5
					},
					
					{
						"fMod" : 247620386,
						"fPin" : 2,
						"tMod" : 288510027,
						"tPin" : 5
					},
					
					{
						"fMod" : 247620386,
						"fPin" : 2,
						"tMod" : 236062522,
						"tPin" : 5
					},
					
					{
						"fMod" : 247620386,
						"fPin" : 2,
						"tMod" : 2044275484,
						"tPin" : 5
					},
					
					{
						"fMod" : 247620386,
						"fPin" : 2,
						"tMod" : 1300898320,
						"tPin" : 5
					},
					
					{
						"fMod" : 621192057,
						"fPin" : 2,
						"tMod" : 247620386,
						"tPin" : 1
					},
					
					{
						"fMod" : 582628639,
						"fPin" : 2,
						"tMod" : 1781714802,
						"tPin" : 1
					},
					
					{
						"fMod" : 1781714802,
						"fPin" : 2,
						"tMod" : 247620386
					},
					
					{
						"fMod" : 772305325,
						"fPin" : 2,
						"tMod" : 1781714802
					},
					
					{
						"fMod" : 1094526105,
						"fPin" : 6,
						"tMod" : 1017464845
					},
					
					{
						"fMod" : 1094526105,
						"fPin" : 6,
						"tMod" : 582628639
					},
					
					{
						"fMod" : 1094526105,
						"fPin" : 6,
						"tMod" : 621192057
					},
					
					{
						"fMod" : 1017464845,
						"fPin" : 2,
						"tMod" : 772305325,
						"tPin" : 1
					}
				],
				"handle" : 496762277,
				"modules" : 
				[
					
					{
						"handle" : 1556349533,
						"type" : "SE PatchMemory Int Out"
					},
					
					{
						"Pins" : 
						[
							
							{
								"Id" : 1,
								"default" : "00,01,02,03,04,05,06,07,08,09,0a,0b,0c,0d,0e,0f,10,11,12,13,14,15,16,17,18,19,1a,1b,1c,1d,1e,1f,20,21,22,23,24,25,26,27,28,29,2a,2b,2c,2d,2e,2f,30,31,32,33,34,35,36,37,38,39,3a,3b,3c,3d,3e,3f,40,41,42,43,44,45,46,47,48,49,4a,4b,4c,4d,4e,4f,50,51,52,53,54,55,56,57,58,59,5a,5b,5c,5d,5e,5f,60,61,62,63,64,65,66,67,68,69,6a,6b,6c,6d,6e,6f,70,71,72,73,74,75,76,77,78,79,7a,7b,7c,7d,7e,7f,80,81,82,83,84,85,86,87,88,89,8a,8b,8c,8d,8e,8f,90,91,92,93,94,95,96,97,98,99,9a,9b,9c,9d,9e,9f,a0,a1,a2,a3,a4,a5,a6,a7,a8,a9,aa,ab,ac,ad,ae,af,b0,b1,b2,b3,b4,b5,b6,b7,b8,b9,ba,bb,bc,bd,be,bf,c0,c1,c2,c3,c4,c5,c6,c7,c8,c9,ca,cb,cc,cd,ce,cf,d0,d1,d2,d3,d4,d5,d6,d7,d8,d9,da,db,dc,dd,de,df,e0,e1,e2,e3,e4,e5,e6,e7,e8,e9,ea,eb,ec,ed,ee,ef,f0,f1,f2,f3,f4,f5,f6,f7,f8,f9,fa,fb,fc,fd,fe,ff"
							}
						],
						"handle" : 2037730871,
						"type" : "SE ListToText"
					},
					
					{
						"handle" : 247620386,
						"type" : "SE Concat"
					},
					
					{
						"Pins" : 
						[
							
							{
								"Id" : 1,
								"default" : "00,01,02,03,04,05,06,07,08,09,0a,0b,0c,0d,0e,0f,10,11,12,13,14,15,16,17,18,19,1a,1b,1c,1d,1e,1f,20,21,22,23,24,25,26,27,28,29,2a,2b,2c,2d,2e,2f,30,31,32,33,34,35,36,37,38,39,3a,3b,3c,3d,3e,3f,40,41,42,43,44,45,46,47,48,49,4a,4b,4c,4d,4e,4f,50,51,52,53,54,55,56,57,58,59,5a,5b,5c,5d,5e,5f,60,61,62,63,64,65,66,67,68,69,6a,6b,6c,6d,6e,6f,70,71,72,73,74,75,76,77,78,79,7a,7b,7c,7d,7e,7f,80,81,82,83,84,85,86,87,88,89,8a,8b,8c,8d,8e,8f,90,91,92,93,94,95,96,97,98,99,9a,9b,9c,9d,9e,9f,a0,a1,a2,a3,a4,a5,a6,a7,a8,a9,aa,ab,ac,ad,ae,af,b0,b1,b2,b3,b4,b5,b6,b7,b8,b9,ba,bb,bc,bd,be,bf,c0,c1,c2,c3,c4,c5,c6,c7,c8,c9,ca,cb,cc,cd,ce,cf,d0,d1,d2,d3,d4,d5,d6,d7,d8,d9,da,db,dc,dd,de,df,e0,e1,e2,e3,e4,e5,e6,e7,e8,e9,ea,eb,ec,ed,ee,ef,f0,f1,f2,f3,f4,f5,f6,f7,f8,f9,fa,fb,fc,fd,fe,ff"
							}
						],
						"handle" : 621192057,
						"type" : "SE ListToText"
					},
					
					{
						"Pins" : 
						[
							
							{
								"Id" : 1,
								"default" : "00,01,02,03,04,05,06,07,08,09,0a,0b,0c,0d,0e,0f,10,11,12,13,14,15,16,17,18,19,1a,1b,1c,1d,1e,1f,20,21,22,23,24,25,26,27,28,29,2a,2b,2c,2d,2e,2f,30,31,32,33,34,35,36,37,38,39,3a,3b,3c,3d,3e,3f,40,41,42,43,44,45,46,47,48,49,4a,4b,4c,4d,4e,4f,50,51,52,53,54,55,56,57,58,59,5a,5b,5c,5d,5e,5f,60,61,62,63,64,65,66,67,68,69,6a,6b,6c,6d,6e,6f,70,71,72,73,74,75,76,77,78,79,7a,7b,7c,7d,7e,7f,80,81,82,83,84,85,86,87,88,89,8a,8b,8c,8d,8e,8f,90,91,92,93,94,95,96,97,98,99,9a,9b,9c,9d,9e,9f,a0,a1,a2,a3,a4,a5,a6,a7,a8,a9,aa,ab,ac,ad,ae,af,b0,b1,b2,b3,b4,b5,b6,b7,b8,b9,ba,bb,bc,bd,be,bf,c0,c1,c2,c3,c4,c5,c6,c7,c8,c9,ca,cb,cc,cd,ce,cf,d0,d1,d2,d3,d4,d5,d6,d7,d8,d9,da,db,dc,dd,de,df,e0,e1,e2,e3,e4,e5,e6,e7,e8,e9,ea,eb,ec,ed,ee,ef,f0,f1,f2,f3,f4,f5,f6,f7,f8,f9,fa,fb,fc,fd,fe,ff"
							}
						],
						"handle" : 582628639,
						"type" : "SE ListToText"
					},
					
					{
						"handle" : 1781714802,
						"type" : "SE Concat"
					},
					
					{
						"handle" : 772305325,
						"type" : "SE Concat"
					},
					
					{
						"handle" : 1094526105,
						"type" : "SE PatchMemory Int Out"
					},
					
					{
						"Pins" : 
						[
							
							{
								"Id" : 1,
								"default" : "00,01,02,03,04,05,06,07,08,09,0a,0b,0c,0d,0e,0f,10,11,12,13,14,15,16,17,18,19,1a,1b,1c,1d,1e,1f,20,21,22,23,24,25,26,27,28,29,2a,2b,2c,2d,2e,2f,30,31,32,33,34,35,36,37,38,39,3a,3b,3c,3d,3e,3f,40,41,42,43,44,45,46,47,48,49,4a,4b,4c,4d,4e,4f,50,51,52,53,54,55,56,57,58,59,5a,5b,5c,5d,5e,5f,60,61,62,63,64,65,66,67,68,69,6a,6b,6c,6d,6e,6f,70,71,72,73,74,75,76,77,78,79,7a,7b,7c,7d,7e,7f,80,81,82,83,84,85,86,87,88,89,8a,8b,8c,8d,8e,8f,90,91,92,93,94,95,96,97,98,99,9a,9b,9c,9d,9e,9f,a0,a1,a2,a3,a4,a5,a6,a7,a8,a9,aa,ab,ac,ad,ae,af,b0,b1,b2,b3,b4,b5,b6,b7,b8,b9,ba,bb,bc,bd,be,bf,c0,c1,c2,c3,c4,c5,c6,c7,c8,c9,ca,cb,cc,cd,ce,cf,d0,d1,d2,d3,d4,d5,d6,d7,d8,d9,da,db,dc,dd,de,df,e0,e1,e2,e3,e4,e5,e6,e7,e8,e9,ea,eb,ec,ed,ee,ef,f0,f1,f2,f3,f4,f5,f6,f7,f8,f9,fa,fb,fc,fd,fe,ff"
							}
						],
						"handle" : 1017464845,
						"type" : "SE ListToText"
					}
				],
				"pb" : 104,
				"pl" : 32,
				"pr" : 42,
				"pt" : 94,
				"type" : "Container"
			},
			
			{
				"Pins" : 
				[
					
					{
						"Id" : 5,
						"default" : "33"
					},
					
					{
						"Id" : 11,
						"default" : "FF000000"
					}
				],
				"handle" : 1886432263,
				"pb" : 190,
				"pl" : 7,
				"pr" : 1032,
				"pt" : 6,
				"type" : "My RectangleX"
			},
			
			{
				"Pins" : 
				[
					
					{
						"Id" : 0,
						"default" : "background"
					},
					
					{
						"Id" : 1,
						"default" : "1"
					}
				],
				"handle" : 1938336759,
				"ignoremouse" : "true",
				"pb" : 196,
				"pl" : 0,
				"pr" : 1040,
				"pt" : 0,
				"type" : "SE Plain Image"
			}
		],
		"skin" : "resized",
		"vst_about_text" : "© 2024 mxBoard by Max Brezhestovski\r\nhttps://github.com/maxbreges\r\n\r\nwww.synthedit.com\r\n© SynthEdit by Jeff McClintock\r\n\r\nVST Technology by Steinberg",
		"vst_nag_user" : false,
		"width" : 1040
	}
}
