<?xml version="1.0" ?>
<Controller>
  <PatchManager>
    <Parameters>
      <Parameter Handle="2127724564" Module="574514061" ignoreProgramChange="1" Private="1" Name="" ValueType="4">
        <patch-list>
          <s>0</s>
        </patch-list>
      </Parameter>
      <Parameter Handle="2081589074" Module="1094917178" ignoreProgramChange="1" Private="1" Name="" ValueType="4">
        <patch-list>
          <s>0</s>
        </patch-list>
      </Parameter>
      <Parameter Handle="2073164770" Module="1562024676" ignoreProgramChange="1" Private="1" Name="" ValueType="4">
        <patch-list>
          <s>0</s>
        </patch-list>
      </Parameter>
      <Parameter Handle="2068594052" Module="1556349533" ignoreProgramChange="1" Private="1" persistant="0" Name="" ValueType="8" />
      <Parameter Handle="2064077858" Module="802815077" ignoreProgramChange="1" Private="1" Name="" ValueType="4">
        <patch-list>
          <s>0</s>
        </patch-list>
      </Parameter>
      <Parameter Handle="2061973821" Module="1447836395" ignoreProgramChange="1" Private="1" Name="" ValueType="4">
        <patch-list>
          <s>0</s>
        </patch-list>
      </Parameter>
      <Parameter Handle="2060009981" Module="1282251549" ignoreProgramChange="1" Private="1" Name="" ValueType="4">
        <patch-list>
          <s>0</s>
        </patch-list>
      </Parameter>
      <Parameter Handle="2049207728" Module="1351844023" ignoreProgramChange="1" Private="1" Name="" ValueType="4">
        <patch-list>
          <s>0</s>
        </patch-list>
      </Parameter>
      <Parameter Handle="2047424859" Module="1036580560" ignoreProgramChange="1" Private="1" Name="" ValueType="4">
        <patch-list>
          <s>0</s>
        </patch-list>
      </Parameter>
      <Parameter Handle="2034271434" Module="1460133605" ignoreProgramChange="1" Private="1" Name="" ValueType="4">
        <patch-list>
          <s>0</s>
        </patch-list>
      </Parameter>
      <Parameter Handle="2028213543" Module="1424736491" ignoreProgramChange="1" Private="1" Name="" ValueType="4">
        <patch-list>
          <s>0</s>
        </patch-list>
      </Parameter>
      <Parameter Handle="2023887043" Module="1695952415" ignoreProgramChange="1" Private="1" Name="" ValueType="4">
        <patch-list>
          <s>0</s>
        </patch-list>
      </Parameter>
      <Parameter Handle="2003575715" Module="891569695" ignoreProgramChange="1" Private="1" persistant="0" Name="" ValueType="8" />
      <Parameter Handle="1999706649" Module="565120576" ignoreProgramChange="1" Private="1" persistant="0" Name="" ValueType="8" />
      <Parameter Handle="1966242335" Module="1344171752" ignoreProgramChange="1" Private="1" Name="" ValueType="4">
        <patch-list>
          <s>0</s>
        </patch-list>
      </Parameter>
      <Parameter Handle="1959367275" Module="692149349" ignoreProgramChange="1" Private="1" Name="" ValueType="4">
        <patch-list>
          <s>0</s>
        </patch-list>
      </Parameter>
      <Parameter Handle="1944771578" Module="941712318" ignoreProgramChange="1" Private="1" Name="" ValueType="4">
        <patch-list>
          <s>0</s>
        </patch-list>
      </Parameter>
      <Parameter Handle="1932624174" Module="1904266809" ignoreProgramChange="1" Private="1" Name="" ValueType="4">
        <patch-list>
          <s>0</s>
        </patch-list>
      </Parameter>
      <Parameter Handle="1919978243" Module="459194903" ignoreProgramChange="1" Private="1" Name="" ValueType="4">
        <patch-list>
          <s>0</s>
        </patch-list>
      </Parameter>
      <Parameter Handle="1900450202" Module="194805379" ignoreProgramChange="1" Private="1" Name="" ValueType="4">
        <patch-list>
          <s>0</s>
        </patch-list>
      </Parameter>
      <Parameter Handle="1889651511" Module="1917774068" ignoreProgramChange="1" Private="1" Name="" ValueType="4">
        <patch-list>
          <s>0</s>
        </patch-list>
      </Parameter>
      <Parameter Handle="1888108136" Module="848751250" ignoreProgramChange="1" Private="1" Name="" ValueType="4">
        <patch-list>
          <s>0</s>
        </patch-list>
      </Parameter>
      <Parameter Handle="1883779180" Module="2115404035" ignoreProgramChange="1" Private="1" Name="" ValueType="4">
        <patch-list>
          <s>0</s>
        </patch-list>
      </Parameter>
      <Parameter Handle="1851472198" Module="1344196762" ignoreProgramChange="1" Private="1" persistant="0" Name="" ValueType="1" />
      <Parameter Handle="1850120043" Module="1613465639" ignoreProgramChange="1" Private="1" Name="" ValueType="4">
        <patch-list>
          <s>0</s>
        </patch-list>
      </Parameter>
      <Parameter Handle="1849486254" Module="1906830204" ignoreProgramChange="1" Private="1" persistant="0" Name="" ValueType="8" />
      <Parameter Handle="1848325334" Module="161246939" ignoreProgramChange="1" Private="1" persistant="0" Name="" ValueType="8" />
      <Parameter Handle="1839527422" Module="1618442026" ignoreProgramChange="1" Private="1" Name="" ValueType="4">
        <patch-list>
          <s>0</s>
        </patch-list>
      </Parameter>
      <Parameter Handle="1825728800" Module="1695952415" ModuleParamId="1" ignoreProgramChange="1" Private="1" Name="" ValueType="4">
        <patch-list>
          <s>0</s>
        </patch-list>
      </Parameter>
      <Parameter Handle="1815734958" Module="810434420" ignoreProgramChange="1" Private="1" Name="" ValueType="4">
        <patch-list>
          <s>0</s>
        </patch-list>
      </Parameter>
      <Parameter Handle="1792795461" Module="1650988044" ignoreProgramChange="1" Private="1" persistant="0" Name="" ValueType="8" />
      <Parameter Handle="1743767276" Module="1793565438" ignoreProgramChange="1" Private="1" persistant="0" Name="" ValueType="8" />
      <Parameter Handle="1715232044" Module="1094526105" ignoreProgramChange="1" Private="1" persistant="0" Name="" ValueType="8" />
      <Parameter Handle="1703323172" Module="1414926808" ignoreProgramChange="1" Private="1" Name="" ValueType="4">
        <patch-list>
          <s>0</s>
        </patch-list>
      </Parameter>
      <Parameter Handle="1661854176" Module="1513145834" ignoreProgramChange="1" Private="1" Name="" ValueType="4">
        <patch-list>
          <s>0</s>
        </patch-list>
      </Parameter>
      <Parameter Handle="1659002163" Module="1540563151" ModuleParamId="1" ignoreProgramChange="1" Private="1" Name="" ValueType="4">
        <patch-list>
          <s>0</s>
        </patch-list>
      </Parameter>
      <Parameter Handle="1653627435" Module="833989843" ignoreProgramChange="1" Private="1" Name="" ValueType="4">
        <patch-list>
          <s>0</s>
        </patch-list>
      </Parameter>
      <Parameter Handle="1645004064" Module="1157950193" ignoreProgramChange="1" Private="1" Name="" ValueType="4">
        <patch-list>
          <s>0</s>
        </patch-list>
      </Parameter>
      <Parameter Handle="1592066232" Module="1648514914" ignoreProgramChange="1" Private="1" Name="" ValueType="4">
        <patch-list>
          <s>0</s>
        </patch-list>
      </Parameter>
      <Parameter Handle="1583117241" Module="569762358" ignoreProgramChange="1" Private="1" persistant="0" Name="" ValueType="1" />
      <Parameter Handle="1579922981" Module="379245124" ignoreProgramChange="1" Private="1" Name="" ValueType="4">
        <patch-list>
          <s>0</s>
        </patch-list>
      </Parameter>
      <Parameter Handle="1573358938" Module="1908693463" ignoreProgramChange="1" Private="1" Name="" ValueType="4">
        <patch-list>
          <s>0</s>
        </patch-list>
      </Parameter>
      <Parameter Handle="1567015180" Module="1924820190" ignoreProgramChange="1" Private="1" Name="" ValueType="4">
        <patch-list>
          <s>0</s>
        </patch-list>
      </Parameter>
      <Parameter Handle="1485597575" Module="411236660" ignoreProgramChange="1" Private="1" Name="" ValueType="4">
        <patch-list>
          <s>0</s>
        </patch-list>
      </Parameter>
      <Parameter Handle="1452559482" Module="378571284" ignoreProgramChange="1" Private="1" Name="" ValueType="4">
        <patch-list>
          <s>0</s>
        </patch-list>
      </Parameter>
      <Parameter Handle="1451279129" Module="797419043" ignoreProgramChange="1" Private="1" Name="" ValueType="4">
        <patch-list>
          <s>0</s>
        </patch-list>
      </Parameter>
      <Parameter Handle="1377654547" Module="1544998229" ignoreProgramChange="1" Private="1" Name="" ValueType="4">
        <patch-list>
          <s>0</s>
        </patch-list>
      </Parameter>
      <Parameter Handle="1360793750" Module="744956002" ignoreProgramChange="1" Private="1" persistant="0" Name="" ValueType="8" />
      <Parameter Handle="1338394017" Module="1051245232" ignoreProgramChange="1" Private="1" Name="" ValueType="4">
        <patch-list>
          <s>0</s>
        </patch-list>
      </Parameter>
      <Parameter Handle="1325525323" Module="1926217262" ignoreProgramChange="1" Private="1" Name="" ValueType="4">
        <patch-list>
          <s>0</s>
        </patch-list>
      </Parameter>
      <Parameter Handle="1323715854" Module="1956536236" ignoreProgramChange="1" Private="1" Name="" ValueType="4">
        <patch-list>
          <s>0</s>
        </patch-list>
      </Parameter>
      <Parameter Handle="1256194217" Module="381444007" ignoreProgramChange="1" Private="1" persistant="0" Name="" ValueType="8" />
      <Parameter Handle="1247276352" Module="1911904820" ignoreProgramChange="1" Private="1" Name="" ValueType="4">
        <patch-list>
          <s>0</s>
        </patch-list>
      </Parameter>
      <Parameter Handle="1200899079" Module="1870001215" ModuleParamId="1" ignoreProgramChange="1" Private="1" Name="" ValueType="4">
        <patch-list>
          <s>0</s>
        </patch-list>
      </Parameter>
      <Parameter Handle="1188366554" Module="1648514914" ModuleParamId="1" ignoreProgramChange="1" Private="1" Name="" ValueType="4">
        <patch-list>
          <s>0</s>
        </patch-list>
      </Parameter>
      <Parameter Handle="1143558074" Module="1026363773" ignoreProgramChange="1" Private="1" Name="" ValueType="4">
        <patch-list>
          <s>0</s>
        </patch-list>
      </Parameter>
      <Parameter Handle="1142950351" Module="1277622745" ignoreProgramChange="1" Private="1" Name="" ValueType="4">
        <patch-list>
          <s>0</s>
        </patch-list>
      </Parameter>
      <Parameter Handle="1099235863" Module="1968242282" ignoreProgramChange="1" Private="1" Name="" ValueType="4">
        <patch-list>
          <s>0</s>
        </patch-list>
      </Parameter>
      <Parameter Handle="1049228287" Module="507442833" ignoreProgramChange="1" Private="1" Name="" ValueType="4">
        <patch-list>
          <s>0</s>
        </patch-list>
      </Parameter>
      <Parameter Handle="1044310929" Module="1460133605" ModuleParamId="1" ignoreProgramChange="1" Private="1" Name="" ValueType="4">
        <patch-list>
          <s>0</s>
        </patch-list>
      </Parameter>
      <Parameter Handle="1018312322" Module="1767043143" ignoreProgramChange="1" Private="1" Name="" ValueType="4">
        <patch-list>
          <s>0</s>
        </patch-list>
      </Parameter>
      <Parameter Handle="969315417" HostControl="49" Private="1" Name="" ValueType="10">
        <patch-list>
          <s></s>
        </patch-list>
      </Parameter>
      <Parameter Handle="968696680" Module="1260544496" ignoreProgramChange="1" Private="1" Name="" ValueType="4">
        <patch-list>
          <s>0</s>
        </patch-list>
      </Parameter>
      <Parameter Handle="864393827" Module="288455610" ignoreProgramChange="1" Private="1" Name="" ValueType="4">
        <patch-list>
          <s>0</s>
        </patch-list>
      </Parameter>
      <Parameter Handle="859555596" Module="717735825" ignoreProgramChange="1" Private="1" Name="" ValueType="4">
        <patch-list>
          <s>0</s>
        </patch-list>
      </Parameter>
      <Parameter Handle="855582850" Module="190645553" ignoreProgramChange="1" Private="1" Name="" ValueType="4">
        <patch-list>
          <s>0</s>
        </patch-list>
      </Parameter>
      <Parameter Handle="855283507" Module="175715889" ignoreProgramChange="1" Private="1" persistant="0" Name="" ValueType="8" />
      <Parameter Handle="812123552" Module="2103554821" ignoreProgramChange="1" Private="1" persistant="0" Name="" ValueType="8" />
      <Parameter Handle="761628543" Module="291361886" ignoreProgramChange="1" Private="1" Name="" ValueType="4">
        <patch-list>
          <s>0</s>
        </patch-list>
      </Parameter>
      <Parameter Handle="719558259" Module="1294465199" ignoreProgramChange="1" Private="1" Name="" ValueType="4">
        <patch-list>
          <s>0</s>
        </patch-list>
      </Parameter>
      <Parameter Handle="715535715" Module="709402187" ignoreProgramChange="1" Private="1" Name="" ValueType="4">
        <patch-list>
          <s>0</s>
        </patch-list>
      </Parameter>
      <Parameter Handle="688530907" Module="1891920945" ignoreProgramChange="1" Private="1" Name="" ValueType="4">
        <patch-list>
          <s>0</s>
        </patch-list>
      </Parameter>
      <Parameter Handle="648510502" Module="125361634" ignoreProgramChange="1" Private="1" Name="" ValueType="4">
        <patch-list>
          <s>0</s>
        </patch-list>
      </Parameter>
      <Parameter Handle="638026190" Module="1602512641" ignoreProgramChange="1" Private="1" Name="" ValueType="4">
        <patch-list>
          <s>0</s>
        </patch-list>
      </Parameter>
      <Parameter Handle="635841872" Module="988101304" ignoreProgramChange="1" Private="1" Name="" ValueType="4">
        <patch-list>
          <s>0</s>
        </patch-list>
      </Parameter>
      <Parameter Handle="621151984" Module="959060143" ignoreProgramChange="1" Private="1" persistant="0" Name="" ValueType="8" />
      <Parameter Handle="608836962" Module="415993897" ignoreProgramChange="1" Private="1" persistant="0" Name="" ValueType="8" />
      <Parameter Handle="597204876" Module="1371509202" ignoreProgramChange="1" Private="1" persistant="0" Name="" ValueType="8" />
      <Parameter Handle="534107012" Module="125361634" ModuleParamId="1" ignoreProgramChange="1" Private="1" Name="" ValueType="4">
        <patch-list>
          <s>0</s>
        </patch-list>
      </Parameter>
      <Parameter Handle="523721550" Module="456874109" ignoreProgramChange="1" Private="1" Name="" ValueType="4">
        <patch-list>
          <s>0</s>
        </patch-list>
      </Parameter>
      <Parameter Handle="446761816" Module="848460722" ignoreProgramChange="1" Private="1" persistant="0" Name="" ValueType="8" />
      <Parameter Handle="440390338" Module="51683848" ignoreProgramChange="1" Private="1" Name="" ValueType="4">
        <patch-list>
          <s>0</s>
        </patch-list>
      </Parameter>
      <Parameter Handle="412525654" Module="1362039780" ignoreProgramChange="1" Private="1" Name="" ValueType="4">
        <patch-list>
          <s>0</s>
        </patch-list>
      </Parameter>
      <Parameter Handle="406442923" Module="385963323" ignoreProgramChange="1" Private="1" Name="" ValueType="4">
        <patch-list>
          <s>0</s>
        </patch-list>
      </Parameter>
      <Parameter Handle="396213611" Module="1870001215" ignoreProgramChange="1" Private="1" Name="" ValueType="4">
        <patch-list>
          <s>0</s>
        </patch-list>
      </Parameter>
      <Parameter Handle="378418436" Module="1027062921" ignoreProgramChange="1" Private="1" Name="" ValueType="4">
        <patch-list>
          <s>0</s>
        </patch-list>
      </Parameter>
      <Parameter Handle="324907443" Module="1608946129" ignoreProgramChange="1" Private="1" Name="" ValueType="4">
        <patch-list>
          <s>0</s>
        </patch-list>
      </Parameter>
      <Parameter Handle="282755895" Module="1891920945" ModuleParamId="1" ignoreProgramChange="1" Private="1" Name="" ValueType="4">
        <patch-list>
          <s>0</s>
        </patch-list>
      </Parameter>
      <Parameter Handle="242490049" Module="1390773576" ignoreProgramChange="1" Private="1" Name="" ValueType="4">
        <patch-list>
          <s>0</s>
        </patch-list>
      </Parameter>
      <Parameter Handle="195477520" Module="1042322709" ignoreProgramChange="1" Private="1" persistant="0" Name="" ValueType="1" />
      <Parameter Handle="177743120" Module="184571607" ignoreProgramChange="1" Private="1" persistant="0" Name="" ValueType="8" />
      <Parameter Handle="157604168" Module="988101304" ModuleParamId="1" ignoreProgramChange="1" Private="1" Name="" ValueType="4">
        <patch-list>
          <s>0</s>
        </patch-list>
      </Parameter>
      <Parameter Handle="155790557" Module="790847945" ignoreProgramChange="1" Private="1" Name="" ValueType="4">
        <patch-list>
          <s>0</s>
        </patch-list>
      </Parameter>
      <Parameter Handle="141383945" Module="1026245514" ModuleParamId="1" ignoreProgramChange="1" Private="1" Name="" ValueType="4">
        <patch-list>
          <s>0</s>
        </patch-list>
      </Parameter>
      <Parameter Handle="141140778" Module="1692499204" ignoreProgramChange="1" Private="1" Name="" ValueType="4">
        <patch-list>
          <s>0</s>
        </patch-list>
      </Parameter>
      <Parameter Handle="140422774" Module="1540563151" ignoreProgramChange="1" Private="1" Name="" ValueType="4">
        <patch-list>
          <s>0</s>
        </patch-list>
      </Parameter>
      <Parameter Handle="120392558" Module="546784949" ignoreProgramChange="1" Private="1" Name="" ValueType="4">
        <patch-list>
          <s>0</s>
        </patch-list>
      </Parameter>
      <Parameter Handle="116467423" Module="443730334" ignoreProgramChange="1" Private="1" Name="" ValueType="4">
        <patch-list>
          <s>0</s>
        </patch-list>
      </Parameter>
      <Parameter Handle="92930125" Module="1026564150" ignoreProgramChange="1" Private="1" persistant="0" Name="" ValueType="8" />
      <Parameter Handle="76630829" Module="1026245514" ignoreProgramChange="1" Private="1" Name="" ValueType="4">
        <patch-list>
          <s>0</s>
        </patch-list>
      </Parameter>
      <Parameter Handle="41378929" Module="795264791" ignoreProgramChange="1" Private="1" Name="" ValueType="4">
        <patch-list>
          <s>0</s>
        </patch-list>
      </Parameter>
      <Parameter Handle="17229422" Module="1767498909" ignoreProgramChange="1" Private="1" Name="" ValueType="4">
        <patch-list>
          <s>0</s>
        </patch-list>
      </Parameter>
      <Parameter Handle="17052822" Module="1338056493" ignoreProgramChange="1" Private="1" persistant="0" Name="" ValueType="8" />
      <Parameter Handle="1576454858" Module="2127089738" MIDI="100663296" HostControl="15" ignoreProgramChange="1" Private="1" persistant="0" Name="Bender" RangeMinimum="-1" RangeMaximum="1" />
      <Parameter Handle="281913283" Module="919996550" MIDI="100663296" HostControl="15" ignoreProgramChange="1" Private="1" persistant="0" Name="Bender" RangeMinimum="-1" RangeMaximum="1" />
      <Parameter Handle="1350810341" Module="919996550" MIDI="50331648" HostControl="42" ignoreProgramChange="1" Private="1" Name="BenderRange" RangeMaximum="127.992">
        <patch-list>
          <s>2</s>
        </patch-list>
      </Parameter>
      <Parameter Handle="1157741900" Module="2127089738" MIDI="50331648" HostControl="42" ignoreProgramChange="1" Private="1" Name="BenderRange" RangeMaximum="127.992">
        <patch-list>
          <s>2</s>
        </patch-list>
      </Parameter>
      <Parameter Handle="601556157" Module="919996550" MIDI="117440512" HostControl="17" ignoreProgramChange="1" Private="1" persistant="0" Name="Channel Pressure" RangeMaximum="1" />
      <Parameter Handle="414348483" Module="2127089738" MIDI="117440512" HostControl="17" ignoreProgramChange="1" Private="1" persistant="0" Name="Channel Pressure" RangeMaximum="1" />
      <Parameter Handle="1779696301" Module="919996550" MIDI="33554496" HostControl="16" ignoreProgramChange="1" Private="1" persistant="0" Name="HoldPedal" />
      <Parameter Handle="969419073" Module="2127089738" MIDI="33554496" HostControl="16" ignoreProgramChange="1" Private="1" persistant="0" Name="HoldPedal" />
      <Parameter Handle="1071518554" Module="2127089738" HostControl="21" ignoreProgramChange="1" Private="1" Name="Polyphony" ValueType="8" RangeMinimum="1" RangeMaximum="128">
        <patch-list>
          <s>1</s>
        </patch-list>
      </Parameter>
      <Parameter Handle="61121768" Module="919996550" HostControl="21" ignoreProgramChange="1" Private="1" Name="Polyphony" ValueType="8" RangeMinimum="1" RangeMaximum="128">
        <patch-list>
          <s>1</s>
        </patch-list>
      </Parameter>
      <Parameter Handle="141384354" Module="919996550" MIDI="33554437" HostControl="40" ignoreProgramChange="1" Private="1" Name="Portamento">
        <patch-list>
          <s>0</s>
        </patch-list>
      </Parameter>
      <Parameter Handle="9" Module="2127089738" MIDI="33554437" HostControl="40" ignoreProgramChange="1" Private="1" Name="Portamento">
        <patch-list>
          <s>0</s>
        </patch-list>
      </Parameter>
      <Parameter Handle="729499439" HostControl="57" ignoreProgramChange="1" Private="1" persistant="0" Name="Processor/ClearTails" ValueType="8" />
      <Parameter Handle="2110779429" HostControl="4" ignoreProgramChange="1" Private="1" Name="Program Name" ValueType="1">
        <patch-list>
          <s></s>
        </patch-list>
      </Parameter>
      <Parameter Handle="1913815797" Module="919996550" HostControl="22" ignoreProgramChange="1" Private="1" Name="ReserveVoices" ValueType="8" RangeMaximum="128">
        <patch-list>
          <s>0</s>
        </patch-list>
      </Parameter>
      <Parameter Handle="1128482139" Module="2127089738" HostControl="22" ignoreProgramChange="1" Private="1" Name="ReserveVoices" ValueType="8" RangeMaximum="128">
        <patch-list>
          <s>0</s>
        </patch-list>
      </Parameter>
      <Parameter Handle="0" MIDI="134217728" HostControl="18" ignoreProgramChange="1" Private="1" persistant="0" Name="Time/BPM" />
      <Parameter Handle="1677704736" MIDI="150994944" HostControl="20" ignoreProgramChange="1" Private="1" persistant="0" Name="Time/TransportPlaying" ValueType="4" />
      <Parameter Handle="1378060110" isPolyphonic="1" Module="919996550" VoiceCount="128" MIDI="419430400" HostControl="12" ignoreProgramChange="1" Private="1" persistant="0" Name="Voice/Active" />
      <Parameter Handle="702344587" isPolyphonic="1" Module="2127089738" VoiceCount="128" MIDI="419430400" HostControl="12" ignoreProgramChange="1" Private="1" persistant="0" Name="Voice/Active" />
      <Parameter Handle="441601049" isPolyphonic="1" Module="919996550" VoiceCount="128" MIDI="385875968" HostControl="10" ignoreProgramChange="1" Private="1" persistant="0" Name="Voice/Aftertouch" />
      <Parameter Handle="50680496" isPolyphonic="1" Module="2127089738" VoiceCount="128" MIDI="385875968" HostControl="10" ignoreProgramChange="1" Private="1" persistant="0" Name="Voice/Aftertouch" />
      <Parameter Handle="1590863460" isPolyphonic="1" Module="919996550" VoiceCount="128" MIDI="520224768" HostControl="31" ignoreProgramChange="1" Private="1" persistant="0" Name="Voice/Bender" RangeMinimum="-10" />
      <Parameter Handle="1500418382" isPolyphonic="1" Module="2127089738" VoiceCount="128" MIDI="520224768" HostControl="31" ignoreProgramChange="1" Private="1" persistant="0" Name="Voice/Bender" RangeMinimum="-10" />
      <Parameter Handle="2033603985" isPolyphonic="1" isPolyphonicGate="1" Module="919996550" VoiceCount="128" MIDI="335544320" HostControl="6" ignoreProgramChange="1" Private="1" persistant="0" Name="Voice/Gate" />
      <Parameter Handle="551223888" isPolyphonic="1" isPolyphonicGate="1" Module="2127089738" VoiceCount="128" MIDI="335544320" HostControl="6" ignoreProgramChange="1" Private="1" persistant="0" Name="Voice/Gate" />
      <Parameter Handle="1931814630" isPolyphonic="1" Module="919996550" VoiceCount="128" MIDI="301989888" HostControl="41" ignoreProgramChange="1" Private="1" persistant="0" Name="Voice/GlideStartPitch" />
      <Parameter Handle="1159404653" isPolyphonic="1" Module="2127089738" VoiceCount="128" MIDI="301989888" HostControl="41" ignoreProgramChange="1" Private="1" persistant="0" Name="Voice/GlideStartPitch" />
      <Parameter Handle="1210392772" isPolyphonic="1" Module="919996550" VoiceCount="128" MIDI="318767104" HostControl="7" ignoreProgramChange="1" Private="1" persistant="0" Name="Voice/Pitch" />
      <Parameter Handle="347884881" isPolyphonic="1" Module="2127089738" VoiceCount="128" MIDI="318767104" HostControl="7" ignoreProgramChange="1" Private="1" persistant="0" Name="Voice/Pitch" />
      <Parameter Handle="805911318" isPolyphonic="1" Module="2127089738" VoiceCount="128" MIDI="402653184" HostControl="5" ignoreProgramChange="1" Private="1" persistant="0" Name="Voice/Trigger" />
      <Parameter Handle="472971918" isPolyphonic="1" Module="919996550" VoiceCount="128" MIDI="402653184" HostControl="5" ignoreProgramChange="1" Private="1" persistant="0" Name="Voice/Trigger" />
      <Parameter Handle="928802521" isPolyphonic="1" Module="919996550" VoiceCount="128" MIDI="352321536" HostControl="8" ignoreProgramChange="1" Private="1" persistant="0" Name="Voice/VelocityKeyOn" />
      <Parameter Handle="478965773" isPolyphonic="1" Module="2127089738" VoiceCount="128" MIDI="352321536" HostControl="8" ignoreProgramChange="1" Private="1" persistant="0" Name="Voice/VelocityKeyOn" />
      <Parameter Handle="77100755" Module="919996550" HostControl="14" ignoreProgramChange="1" Private="1" Name="VoiceAllocationMode" ValueType="8" RangeMinimum="1" RangeMaximum="128">
        <patch-list>
          <s>768</s>
        </patch-list>
      </Parameter>
      <Parameter Handle="8" Module="2127089738" HostControl="14" ignoreProgramChange="1" Private="1" Name="VoiceAllocationMode" ValueType="8" RangeMinimum="1" RangeMaximum="128">
        <patch-list>
          <s>768</s>
        </patch-list>
      </Parameter>
      <Parameter Handle="17081341" Module="257766663" ModuleParamId="1" Index="0" ignoreProgramChange="1" Private="1" Name="" ValueType="4">
        <patch-list>
          <s>0</s>
        </patch-list>
      </Parameter>
      <Parameter Handle="690789174" Module="1674669522" ModuleParamId="1" Index="1" ignoreProgramChange="1" Private="1" Name="" ValueType="4">
        <patch-list>
          <s>0</s>
        </patch-list>
      </Parameter>
      <Parameter Handle="984652070" Module="1163292107" ModuleParamId="1" Index="2" ignoreProgramChange="1" Private="1" Name="" ValueType="4">
        <patch-list>
          <s>0</s>
        </patch-list>
      </Parameter>
      <Parameter Handle="1044814188" Module="2118323572" ModuleParamId="1" Index="3" ignoreProgramChange="1" Private="1" Name="" ValueType="4">
        <patch-list>
          <s>0</s>
        </patch-list>
      </Parameter>
      <Parameter Handle="1453365618" Module="24651731" ModuleParamId="1" Index="4" ignoreProgramChange="1" Private="1" Name="" ValueType="4">
        <patch-list>
          <s>0</s>
        </patch-list>
      </Parameter>
      <Parameter Handle="1500338153" Module="906272556" ModuleParamId="1" Index="5" ignoreProgramChange="1" Private="1" Name="" ValueType="4">
        <patch-list>
          <s>0</s>
        </patch-list>
      </Parameter>
      <Parameter Handle="1709596762" Module="426621574" ModuleParamId="1" Index="6" ignoreProgramChange="1" Private="1" Name="" ValueType="4">
        <patch-list>
          <s>0</s>
        </patch-list>
      </Parameter>
      <Parameter Handle="1942966252" Module="134338955" ModuleParamId="1" Index="7" ignoreProgramChange="1" Private="1" Name="" ValueType="4">
        <patch-list>
          <s>0</s>
        </patch-list>
      </Parameter>
      <Parameter Handle="1981123496" Module="870675422" ModuleParamId="1" Index="8" ignoreProgramChange="1" Private="1" Name="" ValueType="4">
        <patch-list>
          <s>0</s>
        </patch-list>
      </Parameter>
      <Parameter Handle="111296011" Module="1513145834" ModuleParamId="1" Index="9" ignoreProgramChange="1" Private="1" Name="" ValueType="4">
        <patch-list>
          <s>0</s>
        </patch-list>
      </Parameter>
      <Parameter Handle="354018044" Module="1277622745" ModuleParamId="1" Index="10" ignoreProgramChange="1" Private="1" Name="" ValueType="4">
        <patch-list>
          <s>0</s>
        </patch-list>
      </Parameter>
      <Parameter Handle="387976565" Module="692149349" ModuleParamId="1" Index="11" ignoreProgramChange="1" Private="1" Name="" ValueType="4">
        <patch-list>
          <s>0</s>
        </patch-list>
      </Parameter>
      <Parameter Handle="603564278" Module="848751250" ModuleParamId="1" Index="12" ignoreProgramChange="1" Private="1" Name="" ValueType="4">
        <patch-list>
          <s>0</s>
        </patch-list>
      </Parameter>
      <Parameter Handle="1157681072" Module="378571284" ModuleParamId="1" Index="13" ignoreProgramChange="1" Private="1" Name="" ValueType="4">
        <patch-list>
          <s>0</s>
        </patch-list>
      </Parameter>
      <Parameter Handle="1490652574" Module="1414926808" ModuleParamId="1" Index="14" ignoreProgramChange="1" Private="1" Name="" ValueType="4">
        <patch-list>
          <s>0</s>
        </patch-list>
      </Parameter>
      <Parameter Handle="245572441" Module="1674669522" Index="14" ignoreProgramChange="1" Private="1" Name="" ValueType="4">
        <patch-list>
          <s>0</s>
        </patch-list>
      </Parameter>
      <Parameter Handle="1509431290" Module="1904266809" ModuleParamId="1" Index="15" ignoreProgramChange="1" Private="1" Name="" ValueType="4">
        <patch-list>
          <s>0</s>
        </patch-list>
      </Parameter>
      <Parameter Handle="1557469250" Module="1362039780" ModuleParamId="1" Index="16" ignoreProgramChange="1" Private="1" Name="" ValueType="4">
        <patch-list>
          <s>0</s>
        </patch-list>
      </Parameter>
      <Parameter Handle="961573992" Module="426621574" Index="16" ignoreProgramChange="1" Private="1" Name="" ValueType="4">
        <patch-list>
          <s>0</s>
        </patch-list>
      </Parameter>
      <Parameter Handle="1581736893" Module="190645553" ModuleParamId="1" Index="17" ignoreProgramChange="1" Private="1" Name="" ValueType="4">
        <patch-list>
          <s>0</s>
        </patch-list>
      </Parameter>
      <Parameter Handle="20438799" Module="906272556" Index="17" ignoreProgramChange="1" Private="1" Name="" ValueType="4">
        <patch-list>
          <s>0</s>
        </patch-list>
      </Parameter>
      <Parameter Handle="1694645554" Module="288455610" ModuleParamId="1" Index="18" ignoreProgramChange="1" Private="1" Name="" ValueType="4">
        <patch-list>
          <s>0</s>
        </patch-list>
      </Parameter>
      <Parameter Handle="190364964" Module="24651731" Index="18" ignoreProgramChange="1" Private="1" Name="" ValueType="4">
        <patch-list>
          <s>0</s>
        </patch-list>
      </Parameter>
      <Parameter Handle="2143220788" Module="385963323" ModuleParamId="1" Index="19" ignoreProgramChange="1" Private="1" Name="" ValueType="4">
        <patch-list>
          <s>0</s>
        </patch-list>
      </Parameter>
      <Parameter Handle="220709261" Module="257766663" Index="19" ignoreProgramChange="1" Private="1" Name="" ValueType="4">
        <patch-list>
          <s>0</s>
        </patch-list>
      </Parameter>
      <Parameter Handle="589513869" Module="1552601382" Index="19" ignoreProgramChange="1" Private="1" Name="Release" RangeMinimum="4.4" RangeMaximum="8">
        <patch-list>
          <s>5.98401</s>
        </patch-list>
      </Parameter>
      <Parameter Handle="1483281328" Module="134338955" Index="20" ignoreProgramChange="1" Private="1" Name="" ValueType="4">
        <patch-list>
          <s>0</s>
        </patch-list>
      </Parameter>
      <Parameter Handle="705379901" Module="440002759" Index="20" ignoreProgramChange="1" Private="1" Name="Float to Volts Float In">
        <patch-list>
          <s>8.04999</s>
        </patch-list>
      </Parameter>
      <Parameter Handle="618103740" Module="1163292107" Index="21" ignoreProgramChange="1" Private="1" Name="" ValueType="4">
        <patch-list>
          <s>0</s>
        </patch-list>
      </Parameter>
      <Parameter Handle="733691125" Module="2018776465" Index="21" ignoreProgramChange="1" Private="1" Name="Float to Volts Float In">
        <patch-list>
          <s>8.04999</s>
        </patch-list>
      </Parameter>
      <Parameter Handle="1495325769" Module="2118323572" Index="22" ignoreProgramChange="1" Private="1" Name="" ValueType="4">
        <patch-list>
          <s>0</s>
        </patch-list>
      </Parameter>
      <Parameter Handle="58749470" Module="1917774068" ModuleParamId="1" Index="22" ignoreProgramChange="1" Private="1" Name="" ValueType="4">
        <patch-list>
          <s>0</s>
        </patch-list>
      </Parameter>
      <Parameter Handle="1797336082" Module="870675422" Index="23" ignoreProgramChange="1" Private="1" Name="" ValueType="4">
        <patch-list>
          <s>0</s>
        </patch-list>
      </Parameter>
      <Parameter Handle="137856399" Module="1608946129" ModuleParamId="1" Index="23" ignoreProgramChange="1" Private="1" Name="" ValueType="4">
        <patch-list>
          <s>0</s>
        </patch-list>
      </Parameter>
      <Parameter Handle="359118554" Module="941712318" ModuleParamId="1" Index="24" ignoreProgramChange="1" Private="1" Name="" ValueType="4">
        <patch-list>
          <s>0</s>
        </patch-list>
      </Parameter>
      <Parameter Handle="381319723" Module="1562024676" ModuleParamId="1" Index="25" ignoreProgramChange="1" Private="1" Name="" ValueType="4">
        <patch-list>
          <s>0</s>
        </patch-list>
      </Parameter>
      <Parameter Handle="385447566" Module="1767043143" ModuleParamId="1" Index="26" ignoreProgramChange="1" Private="1" Name="" ValueType="4">
        <patch-list>
          <s>0</s>
        </patch-list>
      </Parameter>
      <Parameter Handle="425268196" Module="1613465639" ModuleParamId="1" Index="27" ignoreProgramChange="1" Private="1" Name="" ValueType="4">
        <patch-list>
          <s>0</s>
        </patch-list>
      </Parameter>
      <Parameter Handle="602010496" Module="1767498909" ModuleParamId="1" Index="28" ignoreProgramChange="1" Private="1" Name="" ValueType="4">
        <patch-list>
          <s>0</s>
        </patch-list>
      </Parameter>
      <Parameter Handle="605257973" Module="1908693463" ModuleParamId="1" Index="29" ignoreProgramChange="1" Private="1" Name="" ValueType="4">
        <patch-list>
          <s>0</s>
        </patch-list>
      </Parameter>
      <Parameter Handle="687155863" Module="1051245232" ModuleParamId="1" Index="30" ignoreProgramChange="1" Private="1" Name="" ValueType="4">
        <patch-list>
          <s>0</s>
        </patch-list>
      </Parameter>
      <Parameter Handle="779293330" Module="810434420" ModuleParamId="1" Index="31" ignoreProgramChange="1" Private="1" Name="" ValueType="4">
        <patch-list>
          <s>0</s>
        </patch-list>
      </Parameter>
      <Parameter Handle="998662470" Module="411236660" ModuleParamId="1" Index="32" ignoreProgramChange="1" Private="1" Name="" ValueType="4">
        <patch-list>
          <s>0</s>
        </patch-list>
      </Parameter>
      <Parameter Handle="1000181156" Module="456874109" ModuleParamId="1" Index="33" ignoreProgramChange="1" Private="1" Name="" ValueType="4">
        <patch-list>
          <s>0</s>
        </patch-list>
      </Parameter>
      <Parameter Handle="1217252330" Module="194805379" ModuleParamId="1" Index="34" ignoreProgramChange="1" Private="1" Name="" ValueType="4">
        <patch-list>
          <s>0</s>
        </patch-list>
      </Parameter>
      <Parameter Handle="1561897723" Module="1692499204" ModuleParamId="1" Index="35" ignoreProgramChange="1" Private="1" Name="" ValueType="4">
        <patch-list>
          <s>0</s>
        </patch-list>
      </Parameter>
      <Parameter Handle="2014942179" Module="1260544496" ModuleParamId="1" Index="36" ignoreProgramChange="1" Private="1" Name="" ValueType="4">
        <patch-list>
          <s>0</s>
        </patch-list>
      </Parameter>
      <Parameter Handle="2040080895" Module="1036580560" ModuleParamId="1" Index="37" ignoreProgramChange="1" Private="1" Name="" ValueType="4">
        <patch-list>
          <s>0</s>
        </patch-list>
      </Parameter>
      <Parameter Handle="2092072607" Module="1294465199" ModuleParamId="1" Index="38" ignoreProgramChange="1" Private="1" Name="" ValueType="4">
        <patch-list>
          <s>0</s>
        </patch-list>
      </Parameter>
      <Parameter Handle="149006326" Module="1094917178" ModuleParamId="1" Index="39" ignoreProgramChange="1" Private="1" Name="" ValueType="4">
        <patch-list>
          <s>0</s>
        </patch-list>
      </Parameter>
      <Parameter Handle="149820997" Module="833989843" ModuleParamId="1" Index="40" ignoreProgramChange="1" Private="1" Name="" ValueType="4">
        <patch-list>
          <s>0</s>
        </patch-list>
      </Parameter>
      <Parameter Handle="272962852" Module="1956536236" ModuleParamId="1" Index="41" ignoreProgramChange="1" Private="1" Name="" ValueType="4">
        <patch-list>
          <s>0</s>
        </patch-list>
      </Parameter>
      <Parameter Handle="318014274" Module="1911904820" ModuleParamId="1" Index="42" ignoreProgramChange="1" Private="1" Name="" ValueType="4">
        <patch-list>
          <s>0</s>
        </patch-list>
      </Parameter>
      <Parameter Handle="425260100" Module="546784949" ModuleParamId="1" Index="43" ignoreProgramChange="1" Private="1" Name="" ValueType="4">
        <patch-list>
          <s>0</s>
        </patch-list>
      </Parameter>
      <Parameter Handle="450997306" Module="443730334" ModuleParamId="1" Index="44" ignoreProgramChange="1" Private="1" Name="" ValueType="4">
        <patch-list>
          <s>0</s>
        </patch-list>
      </Parameter>
      <Parameter Handle="479147892" Module="1282251549" ModuleParamId="1" Index="45" ignoreProgramChange="1" Private="1" Name="" ValueType="4">
        <patch-list>
          <s>0</s>
        </patch-list>
      </Parameter>
      <Parameter Handle="549016542" Module="790847945" ModuleParamId="1" Index="46" ignoreProgramChange="1" Private="1" Name="" ValueType="4">
        <patch-list>
          <s>0</s>
        </patch-list>
      </Parameter>
      <Parameter Handle="561801008" Module="1968242282" ModuleParamId="1" Index="47" ignoreProgramChange="1" Private="1" Name="" ValueType="4">
        <patch-list>
          <s>0</s>
        </patch-list>
      </Parameter>
      <Parameter Handle="573255499" Module="795264791" ModuleParamId="1" Index="48" ignoreProgramChange="1" Private="1" Name="" ValueType="4">
        <patch-list>
          <s>0</s>
        </patch-list>
      </Parameter>
      <Parameter Handle="721128623" Module="1618442026" ModuleParamId="1" Index="49" ignoreProgramChange="1" Private="1" Name="" ValueType="4">
        <patch-list>
          <s>0</s>
        </patch-list>
      </Parameter>
      <Parameter Handle="749206562" Module="574514061" ModuleParamId="1" Index="50" ignoreProgramChange="1" Private="1" Name="" ValueType="4">
        <patch-list>
          <s>0</s>
        </patch-list>
      </Parameter>
      <Parameter Handle="834818232" Module="291361886" ModuleParamId="1" Index="51" ignoreProgramChange="1" Private="1" Name="" ValueType="4">
        <patch-list>
          <s>0</s>
        </patch-list>
      </Parameter>
      <Parameter Handle="875459940" Module="709402187" ModuleParamId="1" Index="52" ignoreProgramChange="1" Private="1" Name="" ValueType="4">
        <patch-list>
          <s>0</s>
        </patch-list>
      </Parameter>
      <Parameter Handle="886720388" Module="2115404035" ModuleParamId="1" Index="53" ignoreProgramChange="1" Private="1" Name="" ValueType="4">
        <patch-list>
          <s>0</s>
        </patch-list>
      </Parameter>
      <Parameter Handle="889333822" Module="459194903" ModuleParamId="1" Index="54" ignoreProgramChange="1" Private="1" Name="" ValueType="4">
        <patch-list>
          <s>0</s>
        </patch-list>
      </Parameter>
      <Parameter Handle="928213365" Module="1157950193" ModuleParamId="1" Index="55" ignoreProgramChange="1" Private="1" Name="" ValueType="4">
        <patch-list>
          <s>0</s>
        </patch-list>
      </Parameter>
      <Parameter Handle="1004732859" Module="379245124" ModuleParamId="1" Index="56" ignoreProgramChange="1" Private="1" Name="" ValueType="4">
        <patch-list>
          <s>0</s>
        </patch-list>
      </Parameter>
      <Parameter Handle="1037326610" Module="1424736491" ModuleParamId="1" Index="57" ignoreProgramChange="1" Private="1" Name="" ValueType="4">
        <patch-list>
          <s>0</s>
        </patch-list>
      </Parameter>
      <Parameter Handle="1079906525" Module="1926217262" ModuleParamId="1" Index="58" ignoreProgramChange="1" Private="1" Name="" ValueType="4">
        <patch-list>
          <s>0</s>
        </patch-list>
      </Parameter>
      <Parameter Handle="1188392797" Module="1390773576" ModuleParamId="1" Index="59" ignoreProgramChange="1" Private="1" Name="" ValueType="4">
        <patch-list>
          <s>0</s>
        </patch-list>
      </Parameter>
      <Parameter Handle="1189341514" Module="1027062921" ModuleParamId="1" Index="60" ignoreProgramChange="1" Private="1" Name="" ValueType="4">
        <patch-list>
          <s>0</s>
        </patch-list>
      </Parameter>
      <Parameter Handle="1289400634" Module="1602512641" ModuleParamId="1" Index="61" ignoreProgramChange="1" Private="1" Name="" ValueType="4">
        <patch-list>
          <s>0</s>
        </patch-list>
      </Parameter>
      <Parameter Handle="1320999214" Module="1344171752" ModuleParamId="1" Index="62" ignoreProgramChange="1" Private="1" Name="" ValueType="4">
        <patch-list>
          <s>0</s>
        </patch-list>
      </Parameter>
      <Parameter Handle="1383280791" Module="1924820190" ModuleParamId="1" Index="63" ignoreProgramChange="1" Private="1" Name="" ValueType="4">
        <patch-list>
          <s>0</s>
        </patch-list>
      </Parameter>
      <Parameter Handle="1618490825" Module="1544998229" ModuleParamId="1" Index="64" ignoreProgramChange="1" Private="1" Name="" ValueType="4">
        <patch-list>
          <s>0</s>
        </patch-list>
      </Parameter>
      <Parameter Handle="1630787172" Module="1026363773" ModuleParamId="1" Index="65" ignoreProgramChange="1" Private="1" Name="" ValueType="4">
        <patch-list>
          <s>0</s>
        </patch-list>
      </Parameter>
      <Parameter Handle="1651230860" Module="797419043" ModuleParamId="1" Index="66" ignoreProgramChange="1" Private="1" Name="" ValueType="4">
        <patch-list>
          <s>0</s>
        </patch-list>
      </Parameter>
      <Parameter Handle="1674351206" Module="1447836395" ModuleParamId="1" Index="67" ignoreProgramChange="1" Private="1" Name="" ValueType="4">
        <patch-list>
          <s>0</s>
        </patch-list>
      </Parameter>
      <Parameter Handle="1725383329" Module="802815077" ModuleParamId="1" Index="68" ignoreProgramChange="1" Private="1" Name="" ValueType="4">
        <patch-list>
          <s>0</s>
        </patch-list>
      </Parameter>
      <Parameter Handle="1772127566" Module="51683848" ModuleParamId="1" Index="69" ignoreProgramChange="1" Private="1" Name="" ValueType="4">
        <patch-list>
          <s>0</s>
        </patch-list>
      </Parameter>
      <Parameter Handle="1773831571" Module="507442833" ModuleParamId="1" Index="70" ignoreProgramChange="1" Private="1" Name="" ValueType="4">
        <patch-list>
          <s>0</s>
        </patch-list>
      </Parameter>
      <Parameter Handle="1784025235" Module="717735825" ModuleParamId="1" Index="71" ignoreProgramChange="1" Private="1" Name="" ValueType="4">
        <patch-list>
          <s>0</s>
        </patch-list>
      </Parameter>
      <Parameter Handle="1798846160" Module="1351844023" ModuleParamId="1" Index="72" ignoreProgramChange="1" Private="1" Name="" ValueType="4">
        <patch-list>
          <s>0</s>
        </patch-list>
      </Parameter>
    </Parameters>
  </PatchManager>
  <ChildControllers />
</Controller>
