<?xml version="1.0" ?>
<Controller>
  <PatchManager>
    <Parameters>
      <Parameter Handle="2068594052" Module="1556349533" ignoreProgramChange="1" Private="1" persistant="0" Name="" ValueType="8" />
      <Parameter Handle="2003575715" Module="891569695" ignoreProgramChange="1" Private="1" persistant="0" Name="" ValueType="8" />
      <Parameter Handle="1999706649" Module="565120576" ignoreProgramChange="1" Private="1" persistant="0" Name="" ValueType="8" />
      <Parameter Handle="1851472198" Module="1344196762" ignoreProgramChange="1" Private="1" persistant="0" Name="" ValueType="1" />
      <Parameter Handle="1849486254" Module="1906830204" ignoreProgramChange="1" Private="1" persistant="0" Name="" ValueType="8" />
      <Parameter Handle="1848325334" Module="161246939" ignoreProgramChange="1" Private="1" persistant="0" Name="" ValueType="8" />
      <Parameter Handle="1792795461" Module="1650988044" ignoreProgramChange="1" Private="1" persistant="0" Name="" ValueType="8" />
      <Parameter Handle="1743767276" Module="1793565438" ignoreProgramChange="1" Private="1" persistant="0" Name="" ValueType="8" />
      <Parameter Handle="1715232044" Module="1094526105" ignoreProgramChange="1" Private="1" persistant="0" Name="" ValueType="8" />
      <Parameter Handle="1644264080" Module="385569745" ignoreProgramChange="1" Private="1" persistant="0" Name="" ValueType="1" />
      <Parameter Handle="1634373273" Module="385887394" ignoreProgramChange="1" Private="1" persistant="0" Name="" ValueType="8" />
      <Parameter Handle="1423296207" Module="1476013680" ignoreProgramChange="1" Private="1" persistant="0" Name="" ValueType="8" />
      <Parameter Handle="1360793750" Module="744956002" ignoreProgramChange="1" Private="1" persistant="0" Name="" ValueType="8" />
      <Parameter Handle="1256194217" Module="381444007" ignoreProgramChange="1" Private="1" persistant="0" Name="" ValueType="8" />
      <Parameter Handle="812123552" Module="2103554821" ignoreProgramChange="1" Private="1" persistant="0" Name="" ValueType="8" />
      <Parameter Handle="725521144" Module="1743875993" ignoreProgramChange="1" Private="1" persistant="0" Name="" ValueType="8" />
      <Parameter Handle="621151984" Module="959060143" ignoreProgramChange="1" Private="1" persistant="0" Name="" ValueType="8" />
      <Parameter Handle="597204876" Module="1371509202" ignoreProgramChange="1" Private="1" persistant="0" Name="" ValueType="8" />
      <Parameter Handle="505370664" HostControl="49" Private="1" Name="" ValueType="10">
        <patch-list>
          <s></s>
        </patch-list>
      </Parameter>
      <Parameter Handle="467826748" Module="321429901" ignoreProgramChange="1" Private="1" persistant="0" Name="" ValueType="8" />
      <Parameter Handle="195477520" Module="1042322709" ignoreProgramChange="1" Private="1" persistant="0" Name="" ValueType="1" />
      <Parameter Handle="177743120" Module="184571607" ignoreProgramChange="1" Private="1" persistant="0" Name="" ValueType="8" />
      <Parameter Handle="1189181336" Module="2127089738" MIDI="100663296" HostControl="15" ignoreProgramChange="1" Private="1" persistant="0" Name="Bender" RangeMinimum="-1" RangeMaximum="1" />
      <Parameter Handle="1157741900" Module="2127089738" MIDI="50331648" HostControl="42" ignoreProgramChange="1" Private="1" Name="BenderRange" RangeMaximum="127.992">
        <patch-list>
          <s>2</s>
        </patch-list>
      </Parameter>
      <Parameter Handle="1428238649" Module="2127089738" MIDI="117440512" HostControl="17" ignoreProgramChange="1" Private="1" persistant="0" Name="Channel Pressure" RangeMaximum="1" />
      <Parameter Handle="734385746" Module="2127089738" MIDI="33554496" HostControl="16" ignoreProgramChange="1" Private="1" persistant="0" Name="HoldPedal" />
      <Parameter Handle="9" Module="2127089738" MIDI="33554437" HostControl="40" ignoreProgramChange="1" Private="1" Name="Portamento">
        <patch-list>
          <s>0</s>
        </patch-list>
      </Parameter>
      <Parameter Handle="557565427" HostControl="54" ignoreProgramChange="1" Private="1" persistant="0" Name="Presets/ProgramModified" ValueType="4" />
      <Parameter Handle="85473134" HostControl="57" ignoreProgramChange="1" Private="1" persistant="0" Name="Processor/ClearTails" ValueType="8" />
      <Parameter Handle="1438449988" HostControl="4" ignoreProgramChange="1" Private="1" Name="Program Name" ValueType="1">
        <patch-list>
          <s></s>
        </patch-list>
      </Parameter>
      <Parameter Handle="2050587262" Module="524684908" ignoreProgramChange="1" Private="1" Name="Release" RangeMaximum="11">
        <patch-list>
          <s>-119</s>
        </patch-list>
      </Parameter>
      <Parameter Handle="1885363868" Module="1119693691" ignoreProgramChange="1" Private="1" Name="Release" RangeMaximum="11">
        <patch-list>
          <s>1.595</s>
        </patch-list>
      </Parameter>
      <Parameter Handle="1157545422" Module="2099556904" ignoreProgramChange="1" Private="1" Name="Release" RangeMaximum="11">
        <patch-list>
          <s>0</s>
        </patch-list>
      </Parameter>
      <Parameter Handle="0" MIDI="134217728" HostControl="18" ignoreProgramChange="1" Private="1" persistant="0" Name="Time/BPM" />
      <Parameter Handle="1422374358" MIDI="150994944" HostControl="20" ignoreProgramChange="1" Private="1" persistant="0" Name="Time/TransportPlaying" ValueType="4" />
      <Parameter Handle="1506392351" isPolyphonic="1" Module="2127089738" VoiceCount="128" MIDI="419430400" HostControl="12" ignoreProgramChange="1" Private="1" persistant="0" Name="Voice/Active" />
      <Parameter Handle="1285156478" isPolyphonic="1" Module="2127089738" VoiceCount="128" MIDI="385875968" HostControl="10" ignoreProgramChange="1" Private="1" persistant="0" Name="Voice/Aftertouch" />
      <Parameter Handle="1840306238" isPolyphonic="1" Module="2127089738" VoiceCount="128" MIDI="520224768" HostControl="31" ignoreProgramChange="1" Private="1" persistant="0" Name="Voice/Bender" RangeMinimum="-10" />
      <Parameter Handle="1268887701" isPolyphonic="1" isPolyphonicGate="1" Module="2127089738" VoiceCount="128" MIDI="335544320" HostControl="6" ignoreProgramChange="1" Private="1" persistant="0" Name="Voice/Gate" />
      <Parameter Handle="1021784137" isPolyphonic="1" Module="2127089738" VoiceCount="128" MIDI="301989888" HostControl="41" ignoreProgramChange="1" Private="1" persistant="0" Name="Voice/GlideStartPitch" />
      <Parameter Handle="1828751258" isPolyphonic="1" Module="2127089738" VoiceCount="128" MIDI="318767104" HostControl="7" ignoreProgramChange="1" Private="1" persistant="0" Name="Voice/Pitch" />
      <Parameter Handle="2097118884" isPolyphonic="1" Module="2127089738" VoiceCount="128" MIDI="402653184" HostControl="5" ignoreProgramChange="1" Private="1" persistant="0" Name="Voice/Trigger" />
      <Parameter Handle="1941497278" isPolyphonic="1" Module="2127089738" VoiceCount="128" MIDI="352321536" HostControl="8" ignoreProgramChange="1" Private="1" persistant="0" Name="Voice/VelocityKeyOn" />
      <Parameter Handle="8" Module="2127089738" HostControl="14" ignoreProgramChange="1" Private="1" Name="VoiceAllocationMode" ValueType="8" RangeMinimum="1" RangeMaximum="128">
        <patch-list>
          <s>768</s>
        </patch-list>
      </Parameter>
      <Parameter Handle="333642394" Module="1336616801" ModuleParamId="1" Index="0" ignoreProgramChange="1" Name="" ValueType="4">
        <patch-list>
          <s>1</s>
        </patch-list>
      </Parameter>
      <Parameter Handle="830910603" Module="1336616801" Index="1" ignoreProgramChange="1" Name="" ValueType="8">
        <patch-list>
          <s>43</s>
        </patch-list>
      </Parameter>
      <Parameter Handle="124432512" Module="2117509740" Index="2" ignoreProgramChange="1" Name="" ValueType="8">
        <patch-list>
          <s>48</s>
        </patch-list>
      </Parameter>
      <Parameter Handle="908889443" Module="727891277" ModuleParamId="1" Index="3" ignoreProgramChange="1" Name="" ValueType="4">
        <patch-list>
          <s>0</s>
        </patch-list>
      </Parameter>
      <Parameter Handle="1075446119" Module="1737411318" Index="4" ignoreProgramChange="1" Name="" ValueType="8">
        <patch-list>
          <s>36</s>
        </patch-list>
      </Parameter>
      <Parameter Handle="1743267617" Module="2117509740" ModuleParamId="1" Index="5" ignoreProgramChange="1" Name="" ValueType="4">
        <patch-list>
          <s>1</s>
        </patch-list>
      </Parameter>
      <Parameter Handle="2005766934" Module="1737411318" ModuleParamId="1" Index="6" ignoreProgramChange="1" Name="" ValueType="4">
        <patch-list>
          <s>1</s>
        </patch-list>
      </Parameter>
      <Parameter Handle="2058878490" Module="727891277" Index="7" ignoreProgramChange="1" Name="" ValueType="8">
        <patch-list>
          <s>55</s>
        </patch-list>
      </Parameter>
      <Parameter Handle="83747011" Module="987744327" Index="8" ignoreProgramChange="1" Name="" ValueType="8" RangeMinimum="28" RangeMaximum="47">
        <patch-list>
          <s>36</s>
        </patch-list>
      </Parameter>
      <Parameter Handle="992055755" Module="785505152" Index="9" ignoreProgramChange="1" Name="" ValueType="8" RangeMinimum="38" RangeMaximum="57">
        <patch-list>
          <s>48</s>
        </patch-list>
      </Parameter>
      <Parameter Handle="1192062800" Module="526807937" Index="10" ignoreProgramChange="1" Name="" ValueType="8" RangeMinimum="43" RangeMaximum="62">
        <patch-list>
          <s>55</s>
        </patch-list>
      </Parameter>
      <Parameter Handle="1386102529" Module="1554671427" Index="11" ignoreProgramChange="1" Name="" ValueType="8" RangeMinimum="33" RangeMaximum="52">
        <patch-list>
          <s>43</s>
        </patch-list>
      </Parameter>
      <Parameter Handle="589513869" Module="1552601382" Index="19" ignoreProgramChange="1" Private="1" Name="Release">
        <patch-list>
          <s>6.524</s>
        </patch-list>
      </Parameter>
      <Parameter Handle="705379901" Module="440002759" Index="20" ignoreProgramChange="1" Private="1" Name="Float to Volts Float In">
        <patch-list>
          <s>8.04999</s>
        </patch-list>
      </Parameter>
      <Parameter Handle="733691125" Module="2018776465" Index="21" ignoreProgramChange="1" Private="1" Name="Float to Volts Float In">
        <patch-list>
          <s>8.04999</s>
        </patch-list>
      </Parameter>
    </Parameters>
  </PatchManager>
  <ChildControllers />
</Controller>
