<?xml version="1.0" ?>
<Controller>
  <PatchManager>
    <Parameters>
      <Parameter Handle="2003575715" Module="891569695" ignoreProgramChange="1" Private="1" persistant="0" Name="" ValueType="8" />
      <Parameter Handle="1999706649" Module="565120576" ignoreProgramChange="1" Private="1" persistant="0" Name="" ValueType="8" />
      <Parameter Handle="1256194217" Module="381444007" ignoreProgramChange="1" Private="1" persistant="0" Name="" ValueType="8" />
      <Parameter Handle="825791703" HostControl="49" Private="1" Name="" ValueType="10">
        <patch-list>
          <s></s>
        </patch-list>
      </Parameter>
      <Parameter Handle="597204876" Module="1371509202" ignoreProgramChange="1" Private="1" persistant="0" Name="" ValueType="8" />
      <Parameter Handle="195477520" Module="1042322709" ignoreProgramChange="1" Private="1" persistant="0" Name="" ValueType="1" />
      <Parameter Handle="1885363868" Module="1119693691" ignoreProgramChange="1" Private="1" Name="ADSR2 Overall Level">
        <patch-list>
          <s>10</s>
        </patch-list>
      </Parameter>
      <Parameter Handle="225839518" Module="2127089738" MIDI="100663296" HostControl="15" ignoreProgramChange="1" Private="1" persistant="0" Name="Bender" RangeMinimum="-1" RangeMaximum="1" />
      <Parameter Handle="1157741900" Module="2127089738" MIDI="50331648" HostControl="42" ignoreProgramChange="1" Private="1" Name="BenderRange" RangeMaximum="127.992">
        <patch-list>
          <s>2</s>
        </patch-list>
      </Parameter>
      <Parameter Handle="124663499" Module="2127089738" MIDI="117440512" HostControl="17" ignoreProgramChange="1" Private="1" persistant="0" Name="Channel Pressure" RangeMaximum="1" />
      <Parameter Handle="872381206" Module="2127089738" MIDI="33554496" HostControl="16" ignoreProgramChange="1" Private="1" persistant="0" Name="HoldPedal" />
      <Parameter Handle="813720993" Module="2127089738" HostControl="21" ignoreProgramChange="1" Private="1" Name="Polyphony" ValueType="8" RangeMinimum="1" RangeMaximum="128">
        <patch-list>
          <s>6</s>
        </patch-list>
      </Parameter>
      <Parameter Handle="9" Module="2127089738" MIDI="33554437" HostControl="40" ignoreProgramChange="1" Private="1" Name="Portamento">
        <patch-list>
          <s>0</s>
        </patch-list>
      </Parameter>
      <Parameter Handle="1957721921" HostControl="54" ignoreProgramChange="1" Private="1" persistant="0" Name="Presets/ProgramModified" ValueType="4" />
      <Parameter Handle="242035254" HostControl="57" ignoreProgramChange="1" Private="1" persistant="0" Name="Processor/ClearTails" ValueType="8" />
      <Parameter Handle="1176962356" HostControl="4" ignoreProgramChange="1" Private="1" Name="Program Name" ValueType="1">
        <patch-list>
          <s></s>
        </patch-list>
      </Parameter>
      <Parameter Handle="1620306610" Module="460704616" ignoreProgramChange="1" Private="1" Name="Release" RangeMaximum="11">
        <patch-list>
          <s>6.20399</s>
        </patch-list>
      </Parameter>
      <Parameter Handle="1501733989" Module="1516614266" ignoreProgramChange="1" Private="1" Name="Release" RangeMinimum="-200" RangeMaximum="255">
        <patch-list>
          <s>-170.88</s>
        </patch-list>
      </Parameter>
      <Parameter Handle="1650149473" Module="2127089738" HostControl="22" ignoreProgramChange="1" Private="1" Name="ReserveVoices" ValueType="8" RangeMaximum="128">
        <patch-list>
          <s>3</s>
        </patch-list>
      </Parameter>
      <Parameter Handle="0" MIDI="134217728" HostControl="18" ignoreProgramChange="1" Private="1" persistant="0" Name="Time/BPM" />
      <Parameter Handle="1367790739" MIDI="150994944" HostControl="20" ignoreProgramChange="1" Private="1" persistant="0" Name="Time/TransportPlaying" ValueType="4" />
      <Parameter Handle="972706154" isPolyphonic="1" Module="2127089738" VoiceCount="128" MIDI="419430400" HostControl="12" ignoreProgramChange="1" Private="1" persistant="0" Name="Voice/Active" />
      <Parameter Handle="1144458194" isPolyphonic="1" Module="2127089738" VoiceCount="128" MIDI="385875968" HostControl="10" ignoreProgramChange="1" Private="1" persistant="0" Name="Voice/Aftertouch" />
      <Parameter Handle="382581335" isPolyphonic="1" Module="2127089738" VoiceCount="128" MIDI="520224768" HostControl="31" ignoreProgramChange="1" Private="1" persistant="0" Name="Voice/Bender" RangeMinimum="-10" />
      <Parameter Handle="916301726" isPolyphonic="1" isPolyphonicGate="1" Module="2127089738" VoiceCount="128" MIDI="335544320" HostControl="6" ignoreProgramChange="1" Private="1" persistant="0" Name="Voice/Gate" />
      <Parameter Handle="706360803" isPolyphonic="1" Module="2127089738" VoiceCount="128" MIDI="301989888" HostControl="41" ignoreProgramChange="1" Private="1" persistant="0" Name="Voice/GlideStartPitch" />
      <Parameter Handle="401465026" isPolyphonic="1" Module="2127089738" VoiceCount="128" MIDI="318767104" HostControl="7" ignoreProgramChange="1" Private="1" persistant="0" Name="Voice/Pitch" />
      <Parameter Handle="1227422134" isPolyphonic="1" Module="2127089738" VoiceCount="128" MIDI="402653184" HostControl="5" ignoreProgramChange="1" Private="1" persistant="0" Name="Voice/Trigger" />
      <Parameter Handle="1967493231" isPolyphonic="1" Module="2127089738" VoiceCount="128" MIDI="352321536" HostControl="8" ignoreProgramChange="1" Private="1" persistant="0" Name="Voice/VelocityKeyOn" />
      <Parameter Handle="8" Module="2127089738" HostControl="14" ignoreProgramChange="1" Private="1" Name="VoiceAllocationMode" ValueType="8" RangeMinimum="1" RangeMaximum="128">
        <patch-list>
          <s>768</s>
        </patch-list>
      </Parameter>
      <Parameter Handle="333642394" Module="1336616801" ModuleParamId="1" Index="0" ignoreProgramChange="1" Private="1" Name="" ValueType="4">
        <patch-list>
          <s>1</s>
        </patch-list>
      </Parameter>
      <Parameter Handle="830910603" Module="1336616801" Index="1" ignoreProgramChange="1" Private="1" Name="" ValueType="8">
        <patch-list>
          <s>38</s>
        </patch-list>
      </Parameter>
      <Parameter Handle="124432512" Module="2117509740" Index="2" ignoreProgramChange="1" Private="1" Name="" ValueType="8">
        <patch-list>
          <s>45</s>
        </patch-list>
      </Parameter>
      <Parameter Handle="908889443" Module="727891277" ModuleParamId="1" Index="3" ignoreProgramChange="1" Private="1" Name="" ValueType="4">
        <patch-list>
          <s>1</s>
        </patch-list>
      </Parameter>
      <Parameter Handle="1075446119" Module="1737411318" Index="4" ignoreProgramChange="1" Private="1" Name="" ValueType="8">
        <patch-list>
          <s>33</s>
        </patch-list>
      </Parameter>
      <Parameter Handle="1743267617" Module="2117509740" ModuleParamId="1" Index="5" ignoreProgramChange="1" Private="1" Name="" ValueType="4">
        <patch-list>
          <s>1</s>
        </patch-list>
      </Parameter>
      <Parameter Handle="2005766934" Module="1737411318" ModuleParamId="1" Index="6" ignoreProgramChange="1" Private="1" Name="" ValueType="4">
        <patch-list>
          <s>1</s>
        </patch-list>
      </Parameter>
      <Parameter Handle="2058878490" Module="727891277" Index="7" ignoreProgramChange="1" Private="1" Name="" ValueType="8">
        <patch-list>
          <s>50</s>
        </patch-list>
      </Parameter>
      <Parameter Handle="83747011" Module="987744327" Index="8" ignoreProgramChange="1" Private="1" Name="" ValueType="8" RangeMinimum="28" RangeMaximum="47">
        <patch-list>
          <s>33</s>
        </patch-list>
      </Parameter>
      <Parameter Handle="992055755" Module="785505152" Index="9" ignoreProgramChange="1" Private="1" Name="" ValueType="8" RangeMinimum="38" RangeMaximum="57">
        <patch-list>
          <s>45</s>
        </patch-list>
      </Parameter>
      <Parameter Handle="1192062800" Module="526807937" Index="10" ignoreProgramChange="1" Private="1" Name="" ValueType="8" RangeMinimum="43" RangeMaximum="62">
        <patch-list>
          <s>50</s>
        </patch-list>
      </Parameter>
      <Parameter Handle="1386102529" Module="1554671427" Index="11" ignoreProgramChange="1" Private="1" Name="" ValueType="8" RangeMinimum="33" RangeMaximum="52">
        <patch-list>
          <s>38</s>
        </patch-list>
      </Parameter>
      <Parameter Handle="2010458687" Module="1250111940" Index="12" ignoreProgramChange="1" Name="Oscillator Waveform" ValueType="8" MetaData="Sine, Saw, Ramp, Triangle, Pulse,White Noise,Pink Noise">
        <patch-list>
          <s>4</s>
        </patch-list>
      </Parameter>
      <Parameter Handle="260752045" Module="1601086568" Index="13" ignoreProgramChange="1" Private="1" Name="" ValueType="8" RangeMaximum="1">
        <patch-list>
          <s>0</s>
        </patch-list>
      </Parameter>
      <Parameter Handle="589513869" Module="1552601382" Index="19" ignoreProgramChange="1" Private="1" Name="SV Filter2 Pitch" RangeMinimum="2">
        <patch-list>
          <s>7.56</s>
        </patch-list>
      </Parameter>
    </Parameters>
  </PatchManager>
  <ChildControllers />
</Controller>
