<?xml version="1.0" encoding="UTF-8"?>
<Document>
    <PluginList>
        <Plugin id="AnimPos to Hex" name="AnimPos to Hex" imbeddedFilename="AnimPosToHex.sem">
            <Parameters>
                <Parameter id="0" datatype="float" name=""/>
                <Parameter id="1" datatype="string" name=""/>
            </Parameters>
            <GUI>
                <Pin name="Scale In" datatype="float" private="true" parameterId="0"/>
                <Pin name="AnimationIn" datatype="float" private="true" parameterId="0" parameterField="15"/>
                <Pin name="Scaled" datatype="float" direction="out"/>
                <Pin name="Animation Position" datatype="float"/>
                <Pin name="HexIn" datatype="string" private="true" parameterId="1"/>
                <Pin name="Hex" datatype="string" direction="out"/>
            </GUI>
        </Plugin>
        <Plugin id="Brightness" name="Brightness" imbeddedFilename="Brightness.sem">
            <GUI>
                <Pin name="Hex In" datatype="string"/>
                <Pin name="Opacity" datatype="float" default="1"/>
                <Pin name="Brightness" datatype="float" default="1"/>
                <Pin name="Hex Out" datatype="string" direction="out"/>
            </GUI>
        </Plugin>
        <Plugin id="DisplayList" name="Display List" imbeddedFilename="DisplayList.sem">
            <GUI graphicsApi="GmpiGui">
                <Pin name="Hint" datatype="string" isMinimised="true"/>
                <Pin name="BgColor" datatype="string" default="FF000000" private="true"/>
                <Pin name="Color" datatype="string" default="FF666666"/>
                <Pin name="Text" datatype="string" direction="out" private="true"/>
                <Pin name="Text Color" datatype="string" default="ffffffff"/>
                <Pin name="Text Font" datatype="string" default="Times New Roman" isMinimised="true"/>
                <Pin name="Font Size" datatype="int" default="16" isMinimised="true"/>
                <Pin name="AnimPos+Shift" datatype="float"/>
                <Pin name="AnimPos+Ctrl" datatype="float" private="true"/>
                <Pin name="Choice" datatype="int"/>
                <Pin name="List Items" datatype="string"/>
                <Pin name="List Size" datatype="int" private="true"/>
                <Pin name="PopUp open" datatype="bool" direction="out"/>
                <Pin name="Shift+Drag" datatype="bool" private="true"/>
                <Pin name="Corner Radius" datatype="int" default="5" isMinimised="true"/>
                <Pin name="Selection" datatype="string"/>
            </GUI>
        </Plugin>
        <Plugin id="MIDIDelta" name="MIDI Delta" imbeddedFilename="MIDIDelta.sem">
            <Audio>
                <Pin name="MIDI In" datatype="midi"/>
                <Pin name="Delta" datatype="int" direction="out"/>
            </Audio>
        </Plugin>
        <Plugin id="OR Gate GuiROutLIn" name="OR &gt;Gate&gt;" imbeddedFilename="BooleanLogic.sem">
            <GUI>
                <Pin name="Bool Out" datatype="bool" direction="out"/>
                <Pin name="Spare In" datatype="bool" autoRename="true" autoDuplicate="true"/>
            </GUI>
        </Plugin>
        <Plugin id="SE Blob2ToBlob" name="Blob2 To Blob" imbeddedFilename="Converters.sem">
            <Audio>
                <Pin name="Blob2 Val" datatype="blob2"/>
                <Pin name="Blob Val" datatype="blob" direction="out"/>
            </Audio>
        </Plugin>
        <Plugin id="SE BlobToBlob2" name="Blob To Blob2" imbeddedFilename="Converters.sem">
            <Audio>
                <Pin name="Blob Val" datatype="blob"/>
                <Pin name="Blob2 Val" datatype="blob2" direction="out"/>
            </Audio>
        </Plugin>
        <Plugin id="SE BoolToFloat" name="Bool To Float" imbeddedFilename="Converters.sem">
            <Audio>
                <Pin name="Bool Val" datatype="bool"/>
                <Pin name="Float Val" datatype="float" direction="out"/>
            </Audio>
        </Plugin>
        <Plugin id="SE BoolToInt" name="Bool To Int" imbeddedFilename="Converters.sem">
            <Audio>
                <Pin name="Bool Val" datatype="bool"/>
                <Pin name="Int Val" datatype="int" direction="out"/>
            </Audio>
        </Plugin>
        <Plugin id="SE BoolToText" name="Bool To Text" imbeddedFilename="Converters.sem">
            <Audio>
                <Pin name="Bool Val" datatype="bool"/>
                <Pin name="Text Val" datatype="string" direction="out"/>
            </Audio>
        </Plugin>
        <Plugin id="SE BoolToVolts" name="Bool to Volts" imbeddedFilename="Converters.sem">
            <Audio>
                <Pin name="In" datatype="bool"/>
                <Pin name="Out" datatype="float" rate="audio" direction="out"/>
            </Audio>
        </Plugin>
        <Plugin id="SE Float64ToFloat" name="Double To Float" imbeddedFilename="Converters.sem">
            <Audio>
                <Pin name="Double Val" datatype="double"/>
                <Pin name="Float Val" datatype="float" direction="out"/>
            </Audio>
        </Plugin>
        <Plugin id="SE Float64ToFloatGui" name="Double To Float" imbeddedFilename="Converters.sem">
            <GUI>
                <Pin name="Double Val" datatype="double"/>
                <Pin name="Float Val" datatype="float" direction="out"/>
            </GUI>
        </Plugin>
        <Plugin id="SE FloatToBool" name="Float To Bool" imbeddedFilename="Converters.sem">
            <Audio>
                <Pin name="Float Val" datatype="float"/>
                <Pin name="Bool Val" datatype="bool" direction="out"/>
            </Audio>
        </Plugin>
        <Plugin id="SE FloatToFloat64" name="Float To Double" imbeddedFilename="Converters.sem">
            <Audio>
                <Pin name="Float Val" datatype="float"/>
                <Pin name="Double Val" datatype="double" direction="out"/>
            </Audio>
        </Plugin>
        <Plugin id="SE FloatToFloat64Gui" name="Float To Double" imbeddedFilename="Converters.sem">
            <GUI>
                <Pin name="Float Val" datatype="float"/>
                <Pin name="Double Val" datatype="double" direction="out"/>
            </GUI>
        </Plugin>
        <Plugin id="SE FloatToInt" name="Float To Int" imbeddedFilename="Converters.sem">
            <Audio>
                <Pin name="Float Val" datatype="float"/>
                <Pin name="Int Val" datatype="int" direction="out"/>
            </Audio>
        </Plugin>
        <Plugin id="SE FloatToText" name="Float To Text" imbeddedFilename="Converters.sem">
            <Audio>
                <Pin name="Float Val" datatype="float"/>
                <Pin name="Text Val" datatype="string" direction="out"/>
            </Audio>
        </Plugin>
        <Plugin id="SE GuiSwitch &lt; (Int)" name="Switch &lt; (Int)" imbeddedFilename="Switches.sem">
            <GUI>
                <Pin name="Choice" datatype="int"/>
                <Pin name="Value" datatype="int" direction="out"/>
                <Pin name="Spare" datatype="int" autoRename="true" autoDuplicate="true"/>
            </GUI>
        </Plugin>
        <Plugin id="SE GuiSwitch &lt; (Text)" name="Switch &lt; (Text)" imbeddedFilename="Switches.sem">
            <GUI>
                <Pin name="Choice" datatype="int"/>
                <Pin name="Value" datatype="string" direction="out"/>
                <Pin name="Spare" datatype="string" autoRename="true" autoDuplicate="true"/>
            </GUI>
        </Plugin>
        <Plugin id="SE Increment3B" name="Increment3B" imbeddedFilename="Increment3.sem">
            <GUI>
                <Pin name="Choice" datatype="int"/>
                <Pin name="Item List" datatype="string" default="range 0,10"/>
                <Pin name="Increment" datatype="bool"/>
                <Pin name="Decrement" datatype="bool"/>
                <Pin name="Wrap" datatype="bool" default="1"/>
            </GUI>
        </Plugin>
        <Plugin id="SE Int64ToInt" name="Int64 To Int" imbeddedFilename="Converters.sem">
            <Audio>
                <Pin name="Int64 Val" datatype="int64"/>
                <Pin name="Int Val" datatype="int" direction="out"/>
            </Audio>
        </Plugin>
        <Plugin id="SE Int64ToIntGui" name="Int64 To Int" imbeddedFilename="Converters.sem">
            <GUI>
                <Pin name="Int64 Val" datatype="int64"/>
                <Pin name="Int Val" datatype="int" direction="out"/>
            </GUI>
        </Plugin>
        <Plugin id="SE IntToBool" name="Int to Bool" imbeddedFilename="Converters.sem">
            <Audio>
                <Pin name="Int Val" datatype="int"/>
                <Pin name="Bool Val" datatype="bool" direction="out"/>
            </Audio>
        </Plugin>
        <Plugin id="SE IntToFloat" name="Int To Float" imbeddedFilename="Converters.sem">
            <Audio>
                <Pin name="Int Val" datatype="int"/>
                <Pin name="Float Val" datatype="float" direction="out"/>
            </Audio>
        </Plugin>
        <Plugin id="SE IntToInt64" name="Int To Int64" imbeddedFilename="Converters.sem">
            <Audio>
                <Pin name="Int Val" datatype="int"/>
                <Pin name="Int64 Val" datatype="int64" direction="out"/>
            </Audio>
        </Plugin>
        <Plugin id="SE IntToInt64Gui" name="Int To Int64" imbeddedFilename="Converters.sem">
            <GUI>
                <Pin name="Int Val" datatype="int"/>
                <Pin name="Int64 Val" datatype="int64" direction="out"/>
            </GUI>
        </Plugin>
        <Plugin id="SE IntToText" name="Int To Text" imbeddedFilename="Converters.sem">
            <Audio>
                <Pin name="Int Val" datatype="int"/>
                <Pin name="Text Val" datatype="string" direction="out"/>
            </Audio>
        </Plugin>
        <Plugin id="SE IntToVolts" name="Int to Volts" imbeddedFilename="Converters.sem">
            <Audio>
                <Pin name="In" datatype="int"/>
                <Pin name="Out" datatype="float" rate="audio" direction="out"/>
            </Audio>
        </Plugin>
        <Plugin id="SE Keyboard2" name="Keyboard (CV)" imbeddedFilename="ControlsXp.sem" polyphonicSource="true" polyphonic="true" cloned="true">
            <Audio>
                <Pin name="PitchX" datatype="float" private="true" hostConnect="Voice/Pitch"/>
                <Pin name="TriggerX" datatype="float" private="true" hostConnect="Voice/Trigger"/>
                <Pin name="GateX" datatype="float" private="true" hostConnect="Voice/Gate"/>
                <Pin name="VelocityKeyOnX" datatype="float" private="true" hostConnect="Voice/VelocityKeyOn"/>
                <Pin name="VelocityKeyOffX" datatype="float" private="true" hostConnect="Voice/VelocityKeyOff"/>
                <Pin name="AftertouchX" datatype="float" private="true" hostConnect="Voice/Aftertouch"/>
                <Pin name="Unused" datatype="int" private="true"/>
                <Pin name="VoiceReset" datatype="float" private="true" isPolyphonic="true" hostConnect="Voice/Active"/>
                <Pin name="Bender" datatype="float" private="true" hostConnect="Bender"/>
                <Pin name="Glide Type" datatype="enum" metadata="Constant Time,Constant Rate"/>
                <Pin name="Glide Rate" datatype="float" rate="audio"/>
                <Pin name="Bend Range" datatype="float" rate="audio" default="0.2"/>
                <Pin name="Pitch" datatype="float" rate="audio" direction="out"/>
                <Pin name="Trigger" datatype="float" rate="audio" direction="out"/>
                <Pin name="Gate" datatype="float" rate="audio" direction="out"/>
                <Pin name="Velocity" datatype="float" rate="audio" direction="out"/>
                <Pin name="Aftertouch" datatype="float" rate="audio" direction="out"/>
                <Pin name="Raw Pitch" datatype="float" direction="out"/>
                <Pin name="Raw Velocity-On" datatype="float" direction="out"/>
                <Pin name="Raw Velocity-Off" datatype="float" direction="out"/>
                <Pin name="HoldPedal" datatype="float" private="true" hostConnect="HoldPedal"/>
            </Audio>
            <GUI graphicsApi="GmpiGui">
                <Pin id="2" name="Gate" datatype="float" private="true" isPolyphonic="true" hostConnect="Voice/Gate"/>
                <Pin name="Velocity" datatype="float" private="true" isPolyphonic="true" hostConnect="Voice/VelocityKeyOn"/>
            </GUI>
        </Plugin>
        <Plugin id="SE ListToInt" name="List To Int" imbeddedFilename="Converters.sem">
            <Audio>
                <Pin name="List Val" datatype="enum"/>
                <Pin name="Int Val" datatype="int" direction="out"/>
            </Audio>
        </Plugin>
        <Plugin id="SE ListToText" name="List to Text" imbeddedFilename="Converters.sem">
            <GUI>
                <Pin name="Choice" datatype="int"/>
                <Pin name="Item List" datatype="string"/>
                <Pin name="Item Text" datatype="string" direction="out"/>
            </GUI>
        </Plugin>
        <Plugin id="SE PatchMemory Float" name="PatchMemory Float3" imbeddedFilename="PatchMemory.sem">
            <Parameters>
                <Parameter id="0" datatype="float" name=""/>
            </Parameters>
            <Audio>
                <Pin name="Value In" datatype="float" private="true" parameterId="0"/>
                <Pin name="Value Out" datatype="float" direction="out" autoConfigureParameter="true"/>
            </Audio>
            <GUI>
                <Pin name="Value In" datatype="float" private="true" parameterId="0"/>
                <Pin name="Name In" datatype="string" private="true" parameterId="0" parameterField="1"/>
                <Pin name="Menu Items" datatype="string" private="true" parameterId="0" parameterField="3"/>
                <Pin name="Menu Selection" datatype="int" private="true" parameterId="0" parameterField="4"/>
                <Pin name="Mouse Down" datatype="bool" private="true" parameterId="0" parameterField="14"/>
                <Pin name="AnimationIn" datatype="float" private="true" parameterId="0" parameterField="15"/>
                <Pin name="Name" datatype="string" direction="out"/>
                <Pin name="Value" datatype="float" direction="out"/>
                <Pin name="Animation Position" datatype="float" direction="out"/>
                <Pin name="Menu Items" datatype="string" direction="out"/>
                <Pin name="Menu Selection" datatype="int" direction="out"/>
                <Pin name="Mouse Down" datatype="bool" direction="out"/>
            </GUI>
        </Plugin>
        <Plugin id="SE PatchMemory Float Out" name="PatchMemory Float Out3" imbeddedFilename="PatchMemory.sem">
            <Parameters>
                <Parameter id="0" datatype="float" name="" ignorePatchChange="true" persistant="false"/>
            </Parameters>
            <Audio>
                <Pin name="Value In" datatype="float"/>
                <Pin name="PM Value Out" datatype="float" direction="out" private="true" parameterId="0"/>
            </Audio>
            <GUI>
                <Pin name="PM Value In" datatype="float" private="true" parameterId="0"/>
                <Pin name="PM Name In" datatype="string" private="true" parameterId="0" parameterField="1"/>
                <Pin name="PM Menu Items" datatype="string" private="true" parameterId="0" parameterField="3"/>
                <Pin name="PM Menu Selection" datatype="int" private="true" parameterId="0" parameterField="4"/>
                <Pin name="AnimationIn" datatype="float" private="true" parameterId="0" parameterField="15"/>
                <Pin name="Name" datatype="string" direction="out"/>
                <Pin name="Value" datatype="float" direction="out"/>
                <Pin name="Value Out" datatype="float" isMinimised="true"/>
                <Pin name="Animation Position" datatype="float" direction="out"/>
                <Pin name="Menu Items" datatype="string" direction="out"/>
                <Pin name="Menu Selection" datatype="int" direction="out"/>
            </GUI>
        </Plugin>
        <Plugin id="SE PatchMemory Int" name="PatchMemory Int" imbeddedFilename="PatchMemory.sem">
            <Parameters>
                <Parameter id="0" datatype="int" name=""/>
            </Parameters>
            <Audio>
                <Pin name="Value In" datatype="int" private="true" parameterId="0"/>
                <Pin name="Value Out" datatype="int" direction="out" autoConfigureParameter="true"/>
            </Audio>
            <GUI>
                <Pin name="Value In" datatype="int" private="true" parameterId="0"/>
                <Pin name="Name In" datatype="string" private="true" parameterId="0" parameterField="1"/>
                <Pin name="Menu Items" datatype="string" private="true" parameterId="0" parameterField="3"/>
                <Pin name="Menu Selection" datatype="int" private="true" parameterId="0" parameterField="4"/>
                <Pin name="Mouse Down" datatype="bool" private="true" parameterId="0" parameterField="14"/>
                <Pin name="AnimationIn" datatype="float" private="true" parameterId="0" parameterField="15"/>
                <Pin name="Name" datatype="string" direction="out"/>
                <Pin name="Value" datatype="int" direction="out"/>
                <Pin name="Animation Position" datatype="float" direction="out"/>
                <Pin name="Menu Items" datatype="string" direction="out"/>
                <Pin name="Menu Selection" datatype="int" direction="out"/>
                <Pin name="Mouse Down" datatype="bool" direction="out"/>
            </GUI>
        </Plugin>
        <Plugin id="SE PatchMemory Int Out" name="PatchMemory Int Out" imbeddedFilename="PatchMemory.sem">
            <Parameters>
                <Parameter id="0" datatype="int" name="" ignorePatchChange="true" persistant="false"/>
            </Parameters>
            <Audio>
                <Pin name="Value In" datatype="int"/>
                <Pin name="PM Value Out" datatype="int" direction="out" private="true" autoConfigureParameter="true" parameterId="0"/>
            </Audio>
            <GUI>
                <Pin name="PM Value In" datatype="int" private="true" parameterId="0"/>
                <Pin name="PM Name In" datatype="string" private="true" parameterId="0" parameterField="1"/>
                <Pin name="PM Menu Items" datatype="string" private="true" parameterId="0" parameterField="3"/>
                <Pin name="PM Menu Selection" datatype="int" private="true" parameterId="0" parameterField="4"/>
                <Pin name="AnimationIn" datatype="float" private="true" parameterId="0" parameterField="15"/>
                <Pin name="Name" datatype="string" direction="out"/>
                <Pin name="Value" datatype="int" direction="out"/>
                <Pin id="8" name="Animation Position" datatype="float" direction="out"/>
                <Pin name="Menu Items" datatype="string" direction="out"/>
                <Pin name="Menu Selection" datatype="int" direction="out"/>
            </GUI>
        </Plugin>
        <Plugin id="SE Plain Image" name="Plain Image" imbeddedFilename="SubControlsXp.sem">
            <GUI graphicsApi="GmpiGui">
                <Pin name="Filename" datatype="string" default="background" isFilename="true" metadata="bmp"/>
                <Pin name="Display" datatype="enum" isMinimised="true" metadata="Fixed Size, Tiled, Stretch"/>
            </GUI>
        </Plugin>
        <Plugin id="SE Polyphony Control2" name="Polyphony Control" imbeddedFilename="PolyphonyControl.sem">
            <GUI>
                <Pin name="Host Polyphony" datatype="int" private="true" hostConnect="Polyphony"/>
                <Pin name="Host Polyphony Reserve" datatype="int" private="true" hostConnect="ReserveVoices"/>
                <Pin name="Host VoiceAllocationMode" datatype="int" private="true" hostConnect="VoiceAllocationMode"/>
                <Pin name="Host PortamentoTime" datatype="float" private="true" hostConnect="Portamento"/>
                <Pin name="Host BenderRange" datatype="float" private="true" hostConnect="BenderRange"/>
                <Pin name="Polyphony" datatype="int" direction="out"/>
                <Pin name="Item List" datatype="string" direction="out"/>
                <Pin name="Polyphony Reserve" datatype="int" direction="out"/>
                <Pin name="Item List" datatype="string" direction="out"/>
                <Pin name="Voice Stealing" datatype="int" direction="out"/>
                <Pin name="Item List" datatype="string" direction="out"/>
                <Pin name="Mono Mode" datatype="bool" direction="out"/>
                <Pin name="Mono Retrigger" datatype="bool" direction="out"/>
                <Pin name="Mono Note Priority" datatype="int" direction="out"/>
                <Pin name="Item List" datatype="string" direction="out"/>
                <Pin name="Glide" datatype="float" direction="out"/>
                <Pin name="Glide Mode" datatype="int" direction="out"/>
                <Pin name="Item List" datatype="string" direction="out"/>
                <Pin name="Glide Timing" datatype="int" direction="out"/>
                <Pin name="Item List" datatype="string" direction="out"/>
                <Pin name="BenderRange" datatype="int" direction="out"/>
                <Pin name="Item List" datatype="string" direction="out"/>
                <Pin name="Voice Refresh" datatype="int" direction="out"/>
                <Pin name="Item List" datatype="string" direction="out"/>
            </GUI>
        </Plugin>
        <Plugin id="SE Rectangle XP" name="Rectangle" imbeddedFilename="SubControlsXp.sem">
            <GUI graphicsApi="GmpiGui">
                <Pin name="Corner Radius" datatype="float" default="10" isMinimised="true"/>
                <Pin name="Top Left" datatype="bool" default="1" isMinimised="true"/>
                <Pin name="Top Right" datatype="bool" default="1" isMinimised="true"/>
                <Pin name="Bottom Left" datatype="bool" default="1" isMinimised="true"/>
                <Pin name="Bottom Right" datatype="bool" default="1" isMinimised="true"/>
                <Pin name="Top Color" datatype="string" default="FF9A9AAA"/>
                <Pin name="Bottom Color" datatype="string" default="FF858595"/>
            </GUI>
        </Plugin>
        <Plugin id="SE SV Filter2" name="SV Filter2" imbeddedFilename="VaFilters.sem">
            <Audio>
                <Pin name="Signal" datatype="float" rate="audio"/>
                <Pin name="Pitch" datatype="float" rate="audio" default="0.5"/>
                <Pin name="Resonance" datatype="float" rate="audio" default="0.5"/>
                <Pin name="Strength" datatype="enum" metadata="1-Stage,2-Stage"/>
                <Pin name="Mode" datatype="enum" metadata="Low Pass,High Pass,Band Pass,Band Reject"/>
                <Pin name="Output" datatype="float" rate="audio" direction="out"/>
            </Audio>
        </Plugin>
        <Plugin id="SE Switch &gt; (Int)" name="Switch &gt; (Int)" imbeddedFilename="Switches.sem">
            <Audio>
                <Pin name="Choice" datatype="enum" metadata="{AUTO}"/>
                <Pin name="Output" datatype="int" direction="out"/>
                <Pin name="Spare Input" datatype="int" autoRename="true" linearInput="true" autoDuplicate="true"/>
            </Audio>
        </Plugin>
        <Plugin id="SE Text8ToText" name="Text8 To Text" imbeddedFilename="Converters.sem">
            <Audio>
                <Pin name="Text Val" datatype="string_utf8"/>
                <Pin name="Text Val" datatype="string" direction="out"/>
            </Audio>
        </Plugin>
        <Plugin id="SE TextToBool" name="Text To Bool" imbeddedFilename="Converters.sem">
            <Audio>
                <Pin name="Text Val" datatype="string"/>
                <Pin name="Bool Val" datatype="bool" direction="out"/>
            </Audio>
        </Plugin>
        <Plugin id="SE TextToFloat" name="Text To Float" imbeddedFilename="Converters.sem">
            <Audio>
                <Pin name="Text Val" datatype="string"/>
                <Pin name="Float Val" datatype="float" direction="out"/>
            </Audio>
        </Plugin>
        <Plugin id="SE TextToInt" name="Text To Int" imbeddedFilename="Converters.sem">
            <Audio>
                <Pin name="Text Val" datatype="string"/>
                <Pin name="Int Val" datatype="int" direction="out"/>
            </Audio>
        </Plugin>
        <Plugin id="SE TextToText8" name="Text To Text8" imbeddedFilename="Converters.sem">
            <Audio>
                <Pin name="Text Val" datatype="string"/>
                <Pin name="Text Val" datatype="string_utf8" direction="out"/>
            </Audio>
        </Plugin>
        <Plugin id="SE VoltsToBool" name="Volts to Bool" imbeddedFilename="Converters.sem">
            <Audio>
                <Pin name="In" datatype="float" rate="audio"/>
                <Pin name="Out" datatype="bool" direction="out"/>
            </Audio>
        </Plugin>
        <Plugin id="SE VoltsToInt" name="Volts to Int" imbeddedFilename="Converters.sem">
            <Audio>
                <Pin name="In" datatype="float" rate="audio"/>
                <Pin name="Out" datatype="int" direction="out"/>
            </Audio>
        </Plugin>
        <Plugin id="SE:GUIFixedValues_int" name="Fixed Values (int)" imbeddedFilename="SubControlsXp.sem">
            <GUI>
                <Pin name="Val" datatype="int" direction="out" autoRename="true" settableOutput="true" autoDuplicate="true"/>
            </GUI>
        </Plugin>
        <Plugin id="SE:GUIFixedValues_text" name="Fixed Values (text)" imbeddedFilename="SubControlsXp.sem">
            <GUI>
                <Pin name="Val" datatype="string" direction="out" autoRename="true" settableOutput="true" autoDuplicate="true"/>
            </GUI>
        </Plugin>
        <Plugin id="SynthEdit ADSR" name="ADSR2" imbeddedFilename="EnveloperAdsr.sem">
            <Audio>
                <Pin name="Trigger" datatype="float" rate="audio" default="0.1"/>
                <Pin name="Gate" datatype="float" rate="audio" default="0.1"/>
                <Pin name="Attack" datatype="float" rate="audio"/>
                <Pin name="Decay" datatype="float" rate="audio" default="0.5"/>
                <Pin name="Sustain" datatype="float" rate="audio" default="0.7"/>
                <Pin name="Release" datatype="float" rate="audio" default="0.4"/>
                <Pin name="Overall Level" datatype="float" rate="audio" default="1"/>
                <Pin name="Signal Out" datatype="float" rate="audio" direction="out"/>
                <Pin name="VoiceReset" datatype="float" private="true" isPolyphonic="true" hostConnect="Voice/Active"/>
            </Audio>
        </Plugin>
        <Plugin id="TextX" name="Text Entry" imbeddedFilename="TextEntry.sem">
            <GUI graphicsApi="GmpiGui">
                <Pin name="Text" datatype="string"/>
                <Pin name="Text Color" datatype="string" default="ffffffff"/>
                <Pin name="Top Color" datatype="string" default="ffbbbbbb"/>
                <Pin name="Bg Color" datatype="string" default="ff000000"/>
                <Pin name="Style" datatype="string" default="normal" isMinimised="true"/>
                <Pin name="Multiline" datatype="bool" isMinimised="true"/>
                <Pin name="Writeable" datatype="bool" default="1" isMinimised="true"/>
                <Pin name="Greyed" datatype="bool" isMinimised="true"/>
                <Pin name="Hint" datatype="string" isMinimised="true"/>
                <Pin name="Mouse Down" datatype="bool" direction="out" private="true"/>
                <Pin name="Mouse Down" datatype="bool"/>
            </GUI>
        </Plugin>
        <Plugin id="VectorKnobX" name="Vector Knob X" imbeddedFilename="VectorKnobX.sem">
            <GUI graphicsApi="GmpiGui">
                <Pin name="Animation Position" datatype="float"/>
                <Pin name="Hint" datatype="string"/>
                <Pin name="Menu Items" datatype="string"/>
                <Pin name="Menu Selection" datatype="int"/>
                <Pin name="Mouse Down" datatype="bool"/>
                <Pin name="Background" datatype="string" default="FF000000"/>
                <Pin name="Line Color" datatype="string" default="FFFFFFFF" isMinimised="true"/>
                <Pin name="Circle Size" datatype="float" default="0.99"/>
                <Pin name="Line Thickness" datatype="float" default="3" isMinimised="true"/>
            </GUI>
        </Plugin>
    </PluginList>
</Document>
