
{
	"gui" : 
	{
		"connections" : 
		[
			
			{
				"fMod" : 1350720572,
				"fPin" : 6,
				"tMod" : 199971474,
				"tPin" : 1
			},
			
			{
				"fMod" : 1350720572,
				"fPin" : 8,
				"tMod" : 199971474
			},
			
			{
				"fMod" : 1350720572,
				"fPin" : 9,
				"tMod" : 199971474,
				"tPin" : 2
			},
			
			{
				"fMod" : 1350720572,
				"fPin" : 10,
				"tMod" : 199971474,
				"tPin" : 3
			},
			
			{
				"fMod" : 1350720572,
				"fPin" : 11,
				"tMod" : 199971474,
				"tPin" : 4
			},
			
			{
				"fMod" : 1961213744,
				"fPin" : 6,
				"tMod" : 312946545,
				"tPin" : 1
			},
			
			{
				"fMod" : 1961213744,
				"fPin" : 8,
				"tMod" : 312946545
			},
			
			{
				"fMod" : 1961213744,
				"fPin" : 9,
				"tMod" : 312946545,
				"tPin" : 2
			},
			
			{
				"fMod" : 1961213744,
				"fPin" : 10,
				"tMod" : 312946545,
				"tPin" : 3
			},
			
			{
				"fMod" : 1961213744,
				"fPin" : 11,
				"tMod" : 312946545,
				"tPin" : 4
			},
			
			{
				"fMod" : 729884747,
				"tMod" : 1856092772,
				"tPin" : 3
			},
			
			{
				"fMod" : 554118875,
				"fPin" : 3,
				"tMod" : 729884747,
				"tPin" : 3
			},
			
			{
				"fMod" : 324509016,
				"fPin" : 7,
				"tMod" : 554118875
			},
			
			{
				"fMod" : 324509016,
				"fPin" : 8,
				"tMod" : 997793949,
				"tPin" : 7
			},
			
			{
				"fMod" : 324509016,
				"fPin" : 8,
				"tMod" : 997793949,
				"tPin" : 8
			},
			
			{
				"fMod" : 34294266,
				"fPin" : 8,
				"tMod" : 967360005,
				"tPin" : 2
			},
			
			{
				"fMod" : 34294266,
				"fPin" : 8,
				"tMod" : 505935422,
				"tPin" : 7
			},
			
			{
				"fMod" : 34294266,
				"fPin" : 8,
				"tMod" : 505935422,
				"tPin" : 8
			},
			
			{
				"fMod" : 1877511908,
				"tMod" : 1875122915,
				"tPin" : 2
			},
			
			{
				"fMod" : 967360005,
				"fPin" : 3,
				"tMod" : 505935422,
				"tPin" : 3
			},
			
			{
				"fMod" : 967360005,
				"fPin" : 3,
				"tMod" : 997793949,
				"tPin" : 3
			},
			
			{
				"fMod" : 967360005,
				"fPin" : 3,
				"tMod" : 1565654645,
				"tPin" : 2
			},
			
			{
				"fMod" : 967360005,
				"fPin" : 3,
				"tMod" : 356782163,
				"tPin" : 2
			},
			
			{
				"fMod" : 967360005,
				"fPin" : 3,
				"tMod" : 199971474,
				"tPin" : 5
			},
			
			{
				"fMod" : 967360005,
				"fPin" : 3,
				"tMod" : 312946545,
				"tPin" : 5
			},
			
			{
				"fMod" : 146712994,
				"fPin" : 6,
				"tMod" : 554118875,
				"tPin" : 1
			},
			
			{
				"fMod" : 1856092772,
				"fPin" : 5,
				"tMod" : 894827406,
				"tPin" : 2
			},
			
			{
				"fMod" : 1365208491,
				"tMod" : 894827406,
				"tPin" : 3
			},
			
			{
				"fMod" : 894827406,
				"fPin" : 1,
				"tMod" : 967360005
			},
			
			{
				"fMod" : 1652438937,
				"fPin" : 7,
				"tMod" : 1875122915
			},
			
			{
				"fMod" : 1652438937,
				"fPin" : 7,
				"tMod" : 894827406
			},
			
			{
				"fMod" : 307610361,
				"fPin" : 6,
				"tMod" : 59479521
			},
			
			{
				"fMod" : 307610361,
				"fPin" : 6,
				"tMod" : 619106536
			},
			
			{
				"fMod" : 1144036605,
				"fPin" : 1,
				"tMod" : 59479521,
				"tPin" : 1
			},
			
			{
				"fMod" : 1511134727,
				"tMod" : 1144036605,
				"tPin" : 3
			},
			
			{
				"fMod" : 1511134727,
				"fPin" : 1,
				"tMod" : 1144036605,
				"tPin" : 2
			},
			
			{
				"fMod" : 1511134727,
				"fPin" : 2,
				"tMod" : 1144036605,
				"tPin" : 4
			},
			
			{
				"fMod" : 2141411668,
				"tMod" : 1107363333,
				"tPin" : 3
			},
			
			{
				"fMod" : 1107363333,
				"fPin" : 1,
				"tMod" : 1144036605
			},
			
			{
				"fMod" : 1107363333,
				"fPin" : 1,
				"tMod" : 1578928849
			},
			
			{
				"fMod" : 1773142284,
				"fPin" : 6,
				"tMod" : 1107363333,
				"tPin" : 2
			},
			
			{
				"fMod" : 157201577,
				"fPin" : 7,
				"tMod" : 1565654645,
				"tPin" : 9
			},
			
			{
				"fMod" : 157201577,
				"fPin" : 7,
				"tMod" : 973185341
			},
			
			{
				"fMod" : 157201577,
				"fPin" : 7,
				"tMod" : 1107363333
			},
			
			{
				"fMod" : 372491673,
				"tMod" : 1565654645,
				"tPin" : 10
			},
			
			{
				"fMod" : 505935422,
				"fPin" : 11,
				"tMod" : 1877511908,
				"tPin" : 2
			},
			
			{
				"fMod" : 997793949,
				"fPin" : 11,
				"tMod" : 1877511908,
				"tPin" : 1
			},
			
			{
				"fMod" : 1362464286,
				"tMod" : 973185341,
				"tPin" : 2
			},
			
			{
				"fMod" : 1362464286,
				"fPin" : 1,
				"tMod" : 973185341,
				"tPin" : 3
			},
			
			{
				"fMod" : 725552882,
				"tMod" : 1965541402
			},
			
			{
				"fMod" : 725552882,
				"fPin" : 1,
				"tMod" : 1695781326
			},
			
			{
				"fMod" : 725552882,
				"fPin" : 2,
				"tMod" : 942155690
			},
			
			{
				"fMod" : 725552882,
				"fPin" : 3,
				"tMod" : 1709674974
			},
			
			{
				"fMod" : 132669567,
				"fPin" : 5,
				"tMod" : 448429152
			},
			
			{
				"fMod" : 132669567,
				"fPin" : 6,
				"tMod" : 448429152,
				"tPin" : 1
			},
			
			{
				"fMod" : 132669567,
				"fPin" : 7,
				"tMod" : 1635918079
			},
			
			{
				"fMod" : 132669567,
				"fPin" : 8,
				"tMod" : 1635918079,
				"tPin" : 1
			},
			
			{
				"fMod" : 619106536,
				"fPin" : 2,
				"tMod" : 505935422
			},
			
			{
				"fMod" : 973185341,
				"fPin" : 1,
				"tMod" : 356782163,
				"tPin" : 10
			},
			
			{
				"fMod" : 59479521,
				"fPin" : 2,
				"tMod" : 997793949
			}
		],
		"handle" : 1303764461,
		"height" : 216,
		"modules" : 
		[
			
			{
				"handle" : 1350720572,
				"type" : "SE PatchMemory Float"
			},
			
			{
				"handle" : 1961213744,
				"type" : "SE PatchMemory Float"
			},
			
			{
				"Pins" : 
				[
					
					{
						"Id" : 1,
						"default" : "0.083333333"
					}
				],
				"handle" : 729884747,
				"type" : "SE Float Scaler2"
			},
			
			{
				"Pins" : 
				[
					
					{
						"Id" : 2,
						"default" : "12.01"
					}
				],
				"handle" : 554118875,
				"type" : "FloatModulus"
			},
			
			{
				"handle" : 324509016,
				"type" : "SE PatchMemory Float"
			},
			
			{
				"handle" : 34294266,
				"type" : "SE PatchMemory Float"
			},
			
			{
				"PinCount" : 3,
				"Pins" : 
				[
					
					{
						"AutoCopy" : 1,
						"Id" : 1,
						"name" : "Ctrl+click"
					},
					
					{
						"AutoCopy" : 1,
						"Id" : 2,
						"name" : "Ctrl+click"
					}
				],
				"handle" : 1877511908,
				"type" : "OR Gate GuiROutLIn"
			},
			
			{
				"handle" : 967360005,
				"type" : "Brightness"
			},
			
			{
				"handle" : 146712994,
				"type" : "SE PatchMemory Float Out"
			},
			
			{
				"handle" : 1856092772,
				"type" : "AnimPos to Hex"
			},
			
			{
				"PinCount" : 1,
				"Pins" : 
				[
					
					{
						"AutoCopy" : 0,
						"Id" : 0,
						"default" : "FF5c5c5c",
						"name" : "FF5c5c5c"
					}
				],
				"handle" : 1365208491,
				"type" : "SE:GUIFixedValues_text"
			},
			
			{
				"Pins" : 
				[
					
					{
						"Id" : 1,
						"default" : "0,1"
					}
				],
				"handle" : 1875122915,
				"type" : "SE Increment3B"
			},
			
			{
				"PinCount" : 4,
				"Pins" : 
				[
					
					{
						"AutoCopy" : 2,
						"Id" : 2,
						"name" : "Hex"
					},
					
					{
						"AutoCopy" : 2,
						"Id" : 3,
						"name" : "FF5c5c5c"
					}
				],
				"handle" : 894827406,
				"type" : "SE GuiSwitch < (Text)"
			},
			
			{
				"handle" : 1652438937,
				"type" : "SE PatchMemory Int"
			},
			
			{
				"handle" : 307610361,
				"type" : "SE PatchMemory Int Out"
			},
			
			{
				"PinCount" : 5,
				"Pins" : 
				[
					
					{
						"AutoCopy" : 2,
						"Id" : 2,
						"name" : "major descending"
					},
					
					{
						"AutoCopy" : 2,
						"Id" : 3,
						"name" : "major ascending"
					},
					
					{
						"AutoCopy" : 2,
						"Id" : 4,
						"name" : "minor"
					}
				],
				"handle" : 1144036605,
				"type" : "SE GuiSwitch < (Text)"
			},
			
			{
				"PinCount" : 3,
				"Pins" : 
				[
					
					{
						"AutoCopy" : 0,
						"Id" : 0,
						"default" : "Ⅰ,Ⅰ♯,Ⅱ,Ⅱ♯,Ⅲ,Ⅳ,Ⅳ♯,Ⅴ,Ⅴ♯,Ⅵ,Ⅶ♭,Ⅶ",
						"name" : "major ascending"
					},
					
					{
						"AutoCopy" : 0,
						"Id" : 1,
						"default" : "Ⅰ,Ⅱ♭,Ⅱ,Ⅲ♭,Ⅲ,Ⅳ,Ⅳ♯,Ⅴ,Ⅵ♭,Ⅵ,Ⅶ♭,Ⅶ",
						"name" : "major descending"
					},
					
					{
						"AutoCopy" : 0,
						"Id" : 2,
						"default" : "Ⅰ,Ⅱ♭,Ⅱ,Ⅲ,Ⅲ♯,Ⅳ,Ⅳ♯,Ⅴ,Ⅵ,Ⅵ♯,Ⅶ,Ⅶ♯",
						"name" : "minor"
					}
				],
				"handle" : 1511134727,
				"type" : "SE:GUIFixedValues_text"
			},
			
			{
				"PinCount" : 1,
				"Pins" : 
				[
					
					{
						"AutoCopy" : 0,
						"Id" : 0,
						"default" : "2",
						"name" : "minor"
					}
				],
				"handle" : 2141411668,
				"type" : "SE:GUIFixedValues_int"
			},
			
			{
				"PinCount" : 4,
				"Pins" : 
				[
					
					{
						"AutoCopy" : 2,
						"Id" : 2,
						"name" : "maj asc/maj desc"
					},
					
					{
						"AutoCopy" : 2,
						"Id" : 3,
						"name" : "minor"
					}
				],
				"handle" : 1107363333,
				"type" : "SE GuiSwitch < (Int)"
			},
			
			{
				"handle" : 1773142284,
				"type" : "SE PatchMemory Int Out"
			},
			
			{
				"handle" : 157201577,
				"type" : "SE PatchMemory Int"
			},
			
			{
				"PinCount" : 1,
				"Pins" : 
				[
					
					{
						"AutoCopy" : 0,
						"Id" : 0,
						"default" : "major,minor",
						"name" : "major,minor"
					}
				],
				"handle" : 372491673,
				"type" : "SE:GUIFixedValues_text"
			},
			
			{
				"Pins" : 
				[
					
					{
						"Id" : 6,
						"default" : "28"
					}
				],
				"handle" : 505935422,
				"pb" : 91,
				"pl" : 318,
				"pr" : 417,
				"pt" : 43,
				"type" : "DisplayText"
			},
			
			{
				"Pins" : 
				[
					
					{
						"Id" : 6,
						"default" : "28"
					}
				],
				"handle" : 997793949,
				"pb" : 91,
				"pl" : 217,
				"pr" : 316,
				"pt" : 43,
				"type" : "DisplayText"
			},
			
			{
				"handle" : 312946545,
				"pb" : 171,
				"pl" : 347,
				"pr" : 389,
				"pt" : 127,
				"type" : "VectorKnobX"
			},
			
			{
				"handle" : 199971474,
				"pb" : 198,
				"pl" : 321,
				"pr" : 415,
				"pt" : 100,
				"type" : "VectorKnobX"
			},
			
			{
				"PinCount" : 2,
				"Pins" : 
				[
					
					{
						"AutoCopy" : 0,
						"Id" : 0,
						"default" : "A=0,B♭=1,B=2,C=3,C♯=4,D=5,E♭=8,E=10,F=11,F♯=12,G=13,G♯=14",
						"name" : "majors menu"
					},
					
					{
						"AutoCopy" : 0,
						"Id" : 1,
						"default" : "A=0,B♭=1,B=2,C=3,C♯=4,D=5,>>>>D♯/E♭,D♯=7,E♭=8,<<<<,E=10,F=11,F♯=12,G=13,G♯=14",
						"name" : "minors menu"
					}
				],
				"handle" : 1362464286,
				"type" : "SE:GUIFixedValues_text"
			},
			
			{
				"PinCount" : 4,
				"Pins" : 
				[
					
					{
						"AutoCopy" : 0,
						"Id" : 0,
						"default" : "Mode",
						"name" : "Text"
					},
					
					{
						"AutoCopy" : 0,
						"Id" : 1,
						"default" : "Root",
						"name" : "Text"
					},
					
					{
						"AutoCopy" : 0,
						"Id" : 2,
						"default" : "Degree",
						"name" : "Text"
					},
					
					{
						"AutoCopy" : 0,
						"Id" : 3,
						"default" : "Note",
						"name" : "Text"
					}
				],
				"handle" : 725552882,
				"type" : "SE:GUIFixedValues_text"
			},
			
			{
				"Pins" : 
				[
					
					{
						"Id" : 2,
						"default" : "ff5c5c5c"
					},
					
					{
						"Id" : 4,
						"default" : "heading 3"
					},
					
					{
						"Id" : 6,
						"default" : "0"
					},
					
					{
						"default" : "0"
					}
				],
				"handle" : 1709674974,
				"pb" : 40,
				"pl" : 318,
				"pr" : 418,
				"pt" : 15,
				"type" : "TextX"
			},
			
			{
				"Pins" : 
				[
					
					{
						"Id" : 2,
						"default" : "ff5c5c5c"
					},
					
					{
						"Id" : 4,
						"default" : "heading 3"
					},
					
					{
						"Id" : 6,
						"default" : "0"
					},
					
					{
						"default" : "0"
					}
				],
				"handle" : 942155690,
				"pb" : 40,
				"pl" : 217,
				"pr" : 316,
				"pt" : 15,
				"type" : "TextX"
			},
			
			{
				"Pins" : 
				[
					
					{
						"Id" : 2,
						"default" : "ff5c5c5c"
					},
					
					{
						"Id" : 4,
						"default" : "heading 3"
					},
					
					{
						"Id" : 6,
						"default" : "0"
					},
					
					{
						"default" : "0"
					}
				],
				"handle" : 1695781326,
				"pb" : 40,
				"pl" : 115,
				"pr" : 215,
				"pt" : 15,
				"type" : "TextX"
			},
			
			{
				"Pins" : 
				[
					
					{
						"Id" : 2,
						"default" : "ff5c5c5c"
					},
					
					{
						"Id" : 4,
						"default" : "heading 3"
					},
					
					{
						"Id" : 6,
						"default" : "0"
					},
					
					{
						"default" : "0"
					}
				],
				"handle" : 1965541402,
				"pb" : 40,
				"pl" : 15,
				"pr" : 113,
				"pt" : 15,
				"type" : "TextX"
			},
			
			{
				"VoiceContainer" : 1303764461,
				"handle" : 132669567,
				"type" : "SE Polyphony Control2"
			},
			
			{
				"VoiceContainer" : 1303764461,
				"handle" : 1927104641,
				"pb" : 200,
				"pl" : 16,
				"pr" : 326,
				"pt" : 97,
				"type" : "SE Keyboard2"
			},
			
			{
				"handle" : 619106536,
				"type" : "SE ListToText"
			},
			
			{
				"Pins" : 
				[
					
					{
						"default" : "Scale Mode"
					},
					
					{
						"Id" : 6,
						"default" : "24"
					}
				],
				"handle" : 1565654645,
				"pb" : 91,
				"pl" : 15,
				"pr" : 113,
				"pt" : 42,
				"type" : "DisplayList"
			},
			
			{
				"PinCount" : 4,
				"Pins" : 
				[
					
					{
						"AutoCopy" : 2,
						"Id" : 2,
						"name" : "majors menu"
					},
					
					{
						"AutoCopy" : 2,
						"Id" : 3,
						"name" : "minors menu"
					}
				],
				"handle" : 973185341,
				"type" : "SE GuiSwitch < (Text)"
			},
			
			{
				"Pins" : 
				[
					
					{
						"default" : "Root Note"
					},
					
					{
						"Id" : 6,
						"default" : "28"
					}
				],
				"handle" : 356782163,
				"pb" : 91,
				"pl" : 115,
				"pr" : 215,
				"pt" : 42,
				"type" : "DisplayList"
			},
			
			{
				"handle" : 59479521,
				"type" : "SE ListToText"
			},
			
			{
				"Pins" : 
				[
					
					{
						"default" : "5"
					},
					
					{
						"Id" : 5,
						"default" : "ff224466"
					},
					
					{
						"default" : "FF000000"
					}
				],
				"handle" : 1923524971,
				"pb" : 208,
				"pl" : 10,
				"pr" : 424,
				"pt" : 10,
				"type" : "SE Rectangle XP"
			},
			
			{
				"Pins" : 
				[
					
					{
						"Id" : 1,
						"default" : "1"
					},
					
					{
						"default" : "1"
					}
				],
				"connections" : 
				[
					
					{
						"fMod" : 460192793,
						"tMod" : 9631781,
						"tPin" : 5
					},
					
					{
						"fMod" : 460192793,
						"fPin" : 1,
						"tMod" : 9631781,
						"tPin" : 6
					},
					
					{
						"fMod" : 460192793,
						"fPin" : 2,
						"tMod" : 9631781,
						"tPin" : 7
					},
					
					{
						"fMod" : 460192793,
						"fPin" : 3,
						"tMod" : 9631781,
						"tPin" : 9
					},
					
					{
						"fMod" : 460192793,
						"fPin" : 4,
						"tMod" : 9631781,
						"tPin" : 10
					},
					
					{
						"fMod" : 460192793,
						"fPin" : 5,
						"tMod" : 9631781,
						"tPin" : 12
					},
					
					{
						"fMod" : 460192793,
						"fPin" : 6,
						"tMod" : 9631781,
						"tPin" : 13
					},
					
					{
						"fMod" : 460192793,
						"fPin" : 7,
						"tMod" : 9631781,
						"tPin" : 14
					},
					
					{
						"fMod" : 460192793,
						"fPin" : 8,
						"tMod" : 9631781,
						"tPin" : 15
					},
					
					{
						"fMod" : 460192793,
						"fPin" : 9,
						"tMod" : 9631781,
						"tPin" : 16
					},
					
					{
						"fMod" : 460192793,
						"fPin" : 10,
						"tMod" : 9631781,
						"tPin" : 2
					},
					
					{
						"fMod" : 460192793,
						"fPin" : 11,
						"tMod" : 9631781,
						"tPin" : 3
					},
					
					{
						"fMod" : 460192793,
						"fPin" : 12,
						"tMod" : 9631781,
						"tPin" : 4
					},
					
					{
						"fMod" : 1597746743,
						"fPin" : 7,
						"tMod" : 356782163,
						"tPin" : 9
					},
					
					{
						"fMod" : 1597746743,
						"fPin" : 7,
						"tMod" : 50636778
					},
					
					{
						"fMod" : 1597746743,
						"fPin" : 7,
						"tMod" : 1158380577
					},
					
					{
						"fMod" : 1597746743,
						"fPin" : 7,
						"tMod" : 9631781
					},
					
					{
						"fMod" : 1158380577,
						"fPin" : 1,
						"tMod" : 1578928849,
						"tPin" : 2
					},
					
					{
						"fMod" : 50636778,
						"fPin" : 1,
						"tMod" : 1578928849,
						"tPin" : 3
					},
					
					{
						"fMod" : 1578928849,
						"fPin" : 1,
						"tMod" : 619106536,
						"tPin" : 1
					},
					
					{
						"fMod" : 1960680083,
						"tMod" : 50636778,
						"tPin" : 5
					},
					
					{
						"fMod" : 1960680083,
						"fPin" : 1,
						"tMod" : 50636778,
						"tPin" : 6
					},
					
					{
						"fMod" : 1960680083,
						"fPin" : 2,
						"tMod" : 50636778,
						"tPin" : 7
					},
					
					{
						"fMod" : 1960680083,
						"fPin" : 3,
						"tMod" : 50636778,
						"tPin" : 10
					},
					
					{
						"fMod" : 1960680083,
						"fPin" : 3,
						"tMod" : 50636778,
						"tPin" : 9
					},
					
					{
						"fMod" : 1960680083,
						"fPin" : 4,
						"tMod" : 50636778,
						"tPin" : 12
					},
					
					{
						"fMod" : 1960680083,
						"fPin" : 5,
						"tMod" : 50636778,
						"tPin" : 13
					},
					
					{
						"fMod" : 1960680083,
						"fPin" : 6,
						"tMod" : 50636778,
						"tPin" : 14
					},
					
					{
						"fMod" : 1960680083,
						"fPin" : 7,
						"tMod" : 50636778,
						"tPin" : 15
					},
					
					{
						"fMod" : 1960680083,
						"fPin" : 8,
						"tMod" : 50636778,
						"tPin" : 16
					},
					
					{
						"fMod" : 1960680083,
						"fPin" : 9,
						"tMod" : 50636778,
						"tPin" : 2
					},
					
					{
						"fMod" : 1960680083,
						"fPin" : 10,
						"tMod" : 50636778,
						"tPin" : 3
					},
					
					{
						"fMod" : 1960680083,
						"fPin" : 11,
						"tMod" : 50636778,
						"tPin" : 4
					},
					
					{
						"fMod" : 411218926,
						"tMod" : 1158380577,
						"tPin" : 5
					},
					
					{
						"fMod" : 411218926,
						"fPin" : 1,
						"tMod" : 1158380577,
						"tPin" : 6
					},
					
					{
						"fMod" : 411218926,
						"fPin" : 2,
						"tMod" : 1158380577,
						"tPin" : 7
					},
					
					{
						"fMod" : 411218926,
						"fPin" : 3,
						"tMod" : 1158380577,
						"tPin" : 10
					},
					
					{
						"fMod" : 411218926,
						"fPin" : 3,
						"tMod" : 1158380577,
						"tPin" : 9
					},
					
					{
						"fMod" : 411218926,
						"fPin" : 4,
						"tMod" : 1158380577,
						"tPin" : 12
					},
					
					{
						"fMod" : 411218926,
						"fPin" : 5,
						"tMod" : 1158380577,
						"tPin" : 13
					},
					
					{
						"fMod" : 411218926,
						"fPin" : 6,
						"tMod" : 1158380577,
						"tPin" : 14
					},
					
					{
						"fMod" : 411218926,
						"fPin" : 7,
						"tMod" : 1158380577,
						"tPin" : 15
					},
					
					{
						"fMod" : 411218926,
						"fPin" : 8,
						"tMod" : 1158380577,
						"tPin" : 16
					},
					
					{
						"fMod" : 411218926,
						"fPin" : 9,
						"tMod" : 1158380577,
						"tPin" : 2
					},
					
					{
						"fMod" : 411218926,
						"fPin" : 10,
						"tMod" : 1158380577,
						"tPin" : 3
					},
					
					{
						"fMod" : 411218926,
						"fPin" : 11,
						"tMod" : 1158380577,
						"tPin" : 4
					}
				],
				"handle" : 1403337426,
				"modules" : 
				[
					
					{
						"PinCount" : 13,
						"Pins" : 
						[
							
							{
								"AutoCopy" : 0,
								"Id" : 0,
								"default" : "C,D♭,D,E♭,E♮,F,F♯,G,A♭,A♮,B♭,B♮",
								"name" : "C"
							},
							
							{
								"AutoCopy" : 0,
								"Id" : 1,
								"default" : "C♯,D♮,D♯,E,E♯,F♯,F♯♯,G♯,A,A♯,B,B♯",
								"name" : "C♯ "
							},
							
							{
								"AutoCopy" : 0,
								"Id" : 2,
								"default" : "D,E♭,E,F,F♯,G,G♯,A,B♭,B♮,C,C♯",
								"name" : "D"
							},
							
							{
								"AutoCopy" : 0,
								"Id" : 3,
								"default" : "D♯,E♮,E♯,F♯,F♯♯,G♯,G♯♯,A♯,B,B♯,C♯,C♯♯",
								"name" : "D♯"
							},
							
							{
								"AutoCopy" : 0,
								"Id" : 4,
								"default" : "E,E♯,F♯,F♯♯,G♯,A,A♯,B,B♯,C♯,D♮,D♯",
								"name" : "E♭"
							},
							
							{
								"AutoCopy" : 0,
								"Id" : 5,
								"default" : "E,F♮,F♯,G,G♯,A,A♯,B,C,C♯,D,D♯",
								"name" : "E"
							},
							
							{
								"AutoCopy" : 0,
								"Id" : 6,
								"default" : "F,G♭,G,A♭,A♮,B♭,B♮,C,D♭,D♮,E♭,E♮",
								"name" : "F"
							},
							
							{
								"AutoCopy" : 0,
								"Id" : 7,
								"default" : "F♯,G♮,G♯,A,A♯,B,B♯,C♯,D,D♯,E,E♯",
								"name" : "F♯"
							},
							
							{
								"AutoCopy" : 0,
								"Id" : 8,
								"default" : "G,A♭,A,B♭,B♮,C,C♯,D,E♭,E♮,F,F♯",
								"name" : "G"
							},
							
							{
								"AutoCopy" : 0,
								"Id" : 9,
								"default" : "G♯,A♮,A♯,B,B♯,C♯,C♯♯,D♯,E,E♯,F♯,F♯♯",
								"name" : "G♯"
							},
							
							{
								"AutoCopy" : 0,
								"Id" : 10,
								"default" : "A,B♭,B,C,C♯,D,D♯,E,F,F♯,G,G♯",
								"name" : "A"
							},
							
							{
								"AutoCopy" : 0,
								"Id" : 11,
								"default" : "B♭,C♭,C,D♭,D♮,E♭,E♮,F,G♭,G♮,A♭,A♮",
								"name" : "B♭"
							},
							
							{
								"AutoCopy" : 0,
								"Id" : 12,
								"default" : "B,C♮,C♯,D,D♯,E,E♯,F♯,G,G♯,A,A♯",
								"name" : "B"
							}
						],
						"handle" : 460192793,
						"type" : "SE:GUIFixedValues_text"
					},
					
					{
						"handle" : 1597746743,
						"type" : "SE PatchMemory Int"
					},
					
					{
						"PinCount" : 17,
						"Pins" : 
						[
							
							{
								"AutoCopy" : 2,
								"Id" : 2,
								"name" : "A"
							},
							
							{
								"AutoCopy" : 2,
								"Id" : 3,
								"name" : "B♭"
							},
							
							{
								"AutoCopy" : 2,
								"Id" : 4,
								"name" : "B"
							},
							
							{
								"AutoCopy" : 2,
								"Id" : 5,
								"name" : "C"
							},
							
							{
								"AutoCopy" : 2,
								"Id" : 6,
								"name" : "C♯ "
							},
							
							{
								"AutoCopy" : 2,
								"Id" : 7,
								"name" : "D"
							},
							
							{
								"AutoCopy" : 2,
								"Id" : 8,
								"name" : ">><<"
							},
							
							{
								"AutoCopy" : 2,
								"Id" : 9,
								"name" : "E♭"
							},
							
							{
								"AutoCopy" : 2,
								"Id" : 10,
								"name" : "E♭"
							},
							
							{
								"AutoCopy" : 2,
								"Id" : 11,
								"name" : ">><<"
							},
							
							{
								"AutoCopy" : 2,
								"Id" : 12,
								"name" : "E"
							},
							
							{
								"AutoCopy" : 2,
								"Id" : 13,
								"name" : "F"
							},
							
							{
								"AutoCopy" : 2,
								"Id" : 14,
								"name" : "F♯"
							},
							
							{
								"AutoCopy" : 2,
								"Id" : 15,
								"name" : "G"
							},
							
							{
								"AutoCopy" : 2,
								"Id" : 16,
								"name" : "A♭"
							}
						],
						"handle" : 1158380577,
						"type" : "SE GuiSwitch < (Text)"
					},
					
					{
						"PinCount" : 17,
						"Pins" : 
						[
							
							{
								"AutoCopy" : 2,
								"Id" : 2,
								"name" : "A"
							},
							
							{
								"AutoCopy" : 2,
								"Id" : 3,
								"name" : "B♭"
							},
							
							{
								"AutoCopy" : 2,
								"Id" : 4,
								"name" : "B"
							},
							
							{
								"AutoCopy" : 2,
								"Id" : 5,
								"name" : "C"
							},
							
							{
								"AutoCopy" : 2,
								"Id" : 6,
								"name" : "C♯ "
							},
							
							{
								"AutoCopy" : 2,
								"Id" : 7,
								"name" : "D"
							},
							
							{
								"AutoCopy" : 2,
								"Id" : 8,
								"name" : ">><<"
							},
							
							{
								"AutoCopy" : 2,
								"Id" : 9,
								"name" : "E♭"
							},
							
							{
								"AutoCopy" : 2,
								"Id" : 10,
								"name" : "E♭"
							},
							
							{
								"AutoCopy" : 2,
								"Id" : 11,
								"name" : ">><<"
							},
							
							{
								"AutoCopy" : 2,
								"Id" : 12,
								"name" : "E"
							},
							
							{
								"AutoCopy" : 2,
								"Id" : 13,
								"name" : "F"
							},
							
							{
								"AutoCopy" : 2,
								"Id" : 14,
								"name" : "F♯"
							},
							
							{
								"AutoCopy" : 2,
								"Id" : 15,
								"name" : "G"
							},
							
							{
								"AutoCopy" : 2,
								"Id" : 16,
								"name" : "A♭"
							}
						],
						"handle" : 50636778,
						"type" : "SE GuiSwitch < (Text)"
					},
					
					{
						"PinCount" : 5,
						"Pins" : 
						[
							
							{
								"AutoCopy" : 2,
								"Id" : 2,
								"name" : "Value"
							},
							
							{
								"AutoCopy" : 2,
								"Id" : 3,
								"name" : "Value"
							},
							
							{
								"AutoCopy" : 2,
								"Id" : 4,
								"name" : "Value"
							}
						],
						"handle" : 1578928849,
						"type" : "SE GuiSwitch < (Text)"
					},
					
					{
						"PinCount" : 12,
						"Pins" : 
						[
							
							{
								"AutoCopy" : 0,
								"Id" : 0,
								"default" : "C,C♯,D,D♯,E,F,F♯,G,G♯,A,B♭,B",
								"name" : "C"
							},
							
							{
								"AutoCopy" : 0,
								"Id" : 1,
								"default" : "C♯,C♯♯,D♯,D♯♯,E♯,F♯,F♯♯,G♯,G♯♯,A♯,B♮,B♯",
								"name" : "C♯ "
							},
							
							{
								"AutoCopy" : 0,
								"Id" : 2,
								"default" : "D,D♯,E,E♯,F♯,G,G♯,A,A♯,B,C♮,C♯",
								"name" : "D"
							},
							
							{
								"AutoCopy" : 0,
								"Id" : 3,
								"default" : "E♭,E♮,F,F♯,G,A♭,A♮,B♭,B♮,C,D♭,D",
								"name" : "E♭"
							},
							
							{
								"AutoCopy" : 0,
								"Id" : 4,
								"default" : "E,E♯,F♯,F♯♯,G♯,A,A♯,B,B♯,C♯,D♮,D♯",
								"name" : "E"
							},
							
							{
								"AutoCopy" : 0,
								"Id" : 5,
								"default" : "F,F♯,G,G♯,A,B♭,B♮,C,C♯,D,E♭,E",
								"name" : "F"
							},
							
							{
								"AutoCopy" : 0,
								"Id" : 6,
								"default" : "F♯,F♯♯,G♯,G♯♯,A♯,B,B♯,C♯,C♯♯,D♯,E♮,E♯",
								"name" : "F♯"
							},
							
							{
								"AutoCopy" : 0,
								"Id" : 7,
								"default" : "G,G♯,A,A♯,B,C,C♯,D,D♯,E,F♮,F♯",
								"name" : "G"
							},
							
							{
								"AutoCopy" : 0,
								"Id" : 8,
								"default" : "A♭,A♮,B♭,B♮,C,D♭,D♮,E♭,E♮,F,G♭,G",
								"name" : "A♭"
							},
							
							{
								"AutoCopy" : 0,
								"Id" : 9,
								"default" : "A,A♯,B,B♯,C♯,D,D♯,E,E♯,F♯,G♮,G♯",
								"name" : "A"
							},
							
							{
								"AutoCopy" : 0,
								"Id" : 10,
								"default" : "B♭,B♮,C,C♯,D,E♭,E♮,F,F♯,G,A♭,A",
								"name" : "B♭"
							},
							
							{
								"AutoCopy" : 0,
								"Id" : 11,
								"default" : "B,B♯,C♯,C♯♯,D♯,E,E♯,F♯,F♯♯,G♯,A♮,A♯",
								"name" : "B"
							}
						],
						"handle" : 1960680083,
						"type" : "SE:GUIFixedValues_text"
					},
					
					{
						"PinCount" : 12,
						"Pins" : 
						[
							
							{
								"AutoCopy" : 0,
								"Id" : 0,
								"default" : "C,D♭,D,E♭,E,F,F♯,G,A♭,A,B♭,B",
								"name" : "C"
							},
							
							{
								"AutoCopy" : 0,
								"Id" : 1,
								"default" : "C♯,D♮,D♯,E♮,E♯,F♯,F♯♯,G♯,A♮,A♯,B♮,B♯",
								"name" : "C♯ "
							},
							
							{
								"AutoCopy" : 0,
								"Id" : 2,
								"default" : "D,E♭,E,F♮,F♯,G,G♯,A,B♭,B,C♮,C♯",
								"name" : "D"
							},
							
							{
								"AutoCopy" : 0,
								"Id" : 3,
								"default" : "E♭,F♭,F,G♭,G,A♭,A♮,B♭,C♭,C,D♭,D",
								"name" : "E♭"
							},
							
							{
								"AutoCopy" : 0,
								"Id" : 4,
								"default" : "E,F♮,F♯,G♮,G♯,A,A♯,B,C♮,C♯,D♮,D♯",
								"name" : "E"
							},
							
							{
								"AutoCopy" : 0,
								"Id" : 5,
								"default" : "F,G♭,G,A♭,A,B♭,B♮,C,D♭,D,E♭,E",
								"name" : "F"
							},
							
							{
								"AutoCopy" : 0,
								"Id" : 6,
								"default" : "F♯,G♮,G♯,A♮,A♯,B,B♯,C♯,D♮,D♯,E♮,E♯",
								"name" : "F♯"
							},
							
							{
								"AutoCopy" : 0,
								"Id" : 7,
								"default" : "G,A♭,A,B♭,B,C,C♯,D,E♭,E,F♮,F♯",
								"name" : "G"
							},
							
							{
								"AutoCopy" : 0,
								"Id" : 8,
								"default" : "A♭,B𝄫,B♭,C♭,C,D♭,D♮,E♭,F♭,F,G♭,G",
								"name" : "A♭"
							},
							
							{
								"AutoCopy" : 0,
								"Id" : 9,
								"default" : "A,B♭,B,C♮,C♯,D,D♯,E,F♮,F♯,G♮,G♯",
								"name" : "A"
							},
							
							{
								"AutoCopy" : 0,
								"Id" : 10,
								"default" : "B♭,C♭,C,D♭,D,E♭,E♮,F,G♭,G,A♭,A",
								"name" : "B♭"
							},
							
							{
								"AutoCopy" : 0,
								"Id" : 11,
								"default" : "B,C♮,C♯,D♮,D♯,E,E♯,F♯,G♮,G♯,A♮,A♯",
								"name" : "B"
							}
						],
						"handle" : 411218926,
						"type" : "SE:GUIFixedValues_text"
					}
				],
				"pb" : 74,
				"pl" : 160,
				"pr" : 170,
				"pt" : 64,
				"type" : "Container"
			},
			
			{
				"Pins" : 
				[
					
					{
						"Id" : 0,
						"default" : "background"
					},
					
					{
						"Id" : 1,
						"default" : "1"
					}
				],
				"handle" : 1116668714,
				"ignoremouse" : "true",
				"pb" : 216,
				"pl" : 0,
				"pr" : 432,
				"pt" : 0,
				"type" : "SE Plain Image"
			}
		],
		"skin" : "default2",
		"vst_about_text" : "",
		"vst_nag_user" : false,
		"width" : 432
	}
}
