
{
	"gui" : 
	{
		"connections" : 
		[
			
			{
				"fMod" : 967360005,
				"fPin" : 3,
				"tMod" : 356782163,
				"tPin" : 2
			},
			
			{
				"fMod" : 967360005,
				"fPin" : 3,
				"tMod" : 1565654645,
				"tPin" : 2
			},
			
			{
				"fMod" : 967360005,
				"fPin" : 3,
				"tMod" : 1307753276,
				"tPin" : 2
			},
			
			{
				"fMod" : 967360005,
				"fPin" : 3,
				"tMod" : 1878893637,
				"tPin" : 2
			},
			
			{
				"fMod" : 967360005,
				"fPin" : 3,
				"tMod" : 199971474,
				"tPin" : 5
			},
			
			{
				"fMod" : 967360005,
				"fPin" : 3,
				"tMod" : 312946545,
				"tPin" : 5
			},
			
			{
				"fMod" : 146712994,
				"fPin" : 8,
				"tMod" : 1856092772,
				"tPin" : 3
			},
			
			{
				"fMod" : 1856092772,
				"fPin" : 5,
				"tMod" : 894827406,
				"tPin" : 2
			},
			
			{
				"fMod" : 1365208491,
				"tMod" : 894827406,
				"tPin" : 3
			},
			
			{
				"fMod" : 894827406,
				"fPin" : 1,
				"tMod" : 967360005
			},
			
			{
				"fMod" : 1652438937,
				"fPin" : 7,
				"tMod" : 1875122915
			},
			
			{
				"fMod" : 1652438937,
				"fPin" : 7,
				"tMod" : 894827406
			},
			
			{
				"fMod" : 1382450969,
				"fPin" : 6,
				"tMod" : 312946545,
				"tPin" : 1
			},
			
			{
				"fMod" : 1382450969,
				"fPin" : 8,
				"tMod" : 312946545
			},
			
			{
				"fMod" : 1382450969,
				"fPin" : 9,
				"tMod" : 312946545,
				"tPin" : 2
			},
			
			{
				"fMod" : 1382450969,
				"fPin" : 10,
				"tMod" : 312946545,
				"tPin" : 3
			},
			
			{
				"fMod" : 1382450969,
				"fPin" : 11,
				"tMod" : 312946545,
				"tPin" : 4
			},
			
			{
				"fMod" : 965555602,
				"fPin" : 8,
				"tMod" : 1565654645,
				"tPin" : 7
			},
			
			{
				"fMod" : 965555602,
				"fPin" : 8,
				"tMod" : 967360005,
				"tPin" : 2
			},
			
			{
				"fMod" : 1144036605,
				"fPin" : 1,
				"tMod" : 59479521,
				"tPin" : 1
			},
			
			{
				"fMod" : 1362464286,
				"tMod" : 973185341,
				"tPin" : 2
			},
			
			{
				"fMod" : 1362464286,
				"fPin" : 1,
				"tMod" : 973185341,
				"tPin" : 3
			},
			
			{
				"fMod" : 725552882,
				"tMod" : 1965541402
			},
			
			{
				"fMod" : 725552882,
				"fPin" : 1,
				"tMod" : 1695781326
			},
			
			{
				"fMod" : 725552882,
				"fPin" : 2,
				"tMod" : 942155690
			},
			
			{
				"fMod" : 725552882,
				"fPin" : 3,
				"tMod" : 1709674974
			},
			
			{
				"fMod" : 1511134727,
				"tMod" : 1144036605,
				"tPin" : 3
			},
			
			{
				"fMod" : 1511134727,
				"fPin" : 1,
				"tMod" : 1144036605,
				"tPin" : 2
			},
			
			{
				"fMod" : 1511134727,
				"fPin" : 2,
				"tMod" : 1144036605,
				"tPin" : 4
			},
			
			{
				"fMod" : 2141411668,
				"tMod" : 1107363333,
				"tPin" : 3
			},
			
			{
				"fMod" : 1726991037,
				"tMod" : 1875122915,
				"tPin" : 2
			},
			
			{
				"fMod" : 1796305958,
				"fPin" : 6,
				"tMod" : 199971474,
				"tPin" : 1
			},
			
			{
				"fMod" : 1796305958,
				"fPin" : 8,
				"tMod" : 199971474
			},
			
			{
				"fMod" : 1796305958,
				"fPin" : 9,
				"tMod" : 199971474,
				"tPin" : 2
			},
			
			{
				"fMod" : 1796305958,
				"fPin" : 10,
				"tMod" : 199971474,
				"tPin" : 3
			},
			
			{
				"fMod" : 1796305958,
				"fPin" : 11,
				"tMod" : 199971474,
				"tPin" : 4
			},
			
			{
				"fMod" : 132669567,
				"fPin" : 5,
				"tMod" : 448429152
			},
			
			{
				"fMod" : 132669567,
				"fPin" : 6,
				"tMod" : 448429152,
				"tPin" : 1
			},
			
			{
				"fMod" : 132669567,
				"fPin" : 7,
				"tMod" : 1635918079
			},
			
			{
				"fMod" : 132669567,
				"fPin" : 8,
				"tMod" : 1635918079,
				"tPin" : 1
			},
			
			{
				"fMod" : 1107363333,
				"fPin" : 1,
				"tMod" : 1768257135
			},
			
			{
				"fMod" : 1107363333,
				"fPin" : 1,
				"tMod" : 1144036605
			},
			
			{
				"fMod" : 619106536,
				"fPin" : 2,
				"tMod" : 1878893637,
				"tPin" : 10
			},
			
			{
				"fMod" : 1878893637,
				"fPin" : 12,
				"tMod" : 1726991037,
				"tPin" : 2
			},
			
			{
				"fMod" : 460646208,
				"fPin" : 6,
				"tMod" : 59479521
			},
			
			{
				"fMod" : 460646208,
				"fPin" : 6,
				"tMod" : 619106536
			},
			
			{
				"fMod" : 1773142284,
				"fPin" : 6,
				"tMod" : 1107363333,
				"tPin" : 2
			},
			
			{
				"fMod" : 2048839919,
				"fPin" : 7,
				"tMod" : 1107363333
			},
			
			{
				"fMod" : 2048839919,
				"fPin" : 7,
				"tMod" : 1565654645,
				"tPin" : 9
			},
			
			{
				"fMod" : 2048839919,
				"fPin" : 7,
				"tMod" : 973185341
			},
			
			{
				"fMod" : 973185341,
				"fPin" : 1,
				"tMod" : 356782163,
				"tPin" : 10
			},
			
			{
				"fMod" : 1307753276,
				"fPin" : 12,
				"tMod" : 1726991037,
				"tPin" : 1
			},
			
			{
				"fMod" : 59479521,
				"fPin" : 2,
				"tMod" : 1307753276,
				"tPin" : 10
			}
		],
		"handle" : 24595012,
		"height" : 208,
		"modules" : 
		[
			
			{
				"handle" : 967360005,
				"type" : "Brightness"
			},
			
			{
				"handle" : 146712994,
				"type" : "SE PatchMemory Float Out"
			},
			
			{
				"handle" : 1856092772,
				"type" : "AnimPos to Hex"
			},
			
			{
				"PinCount" : 1,
				"Pins" : 
				[
					
					{
						"AutoCopy" : 0,
						"Id" : 0,
						"default" : "FF5c5c5c",
						"name" : "FF5c5c5c"
					}
				],
				"handle" : 1365208491,
				"type" : "SE:GUIFixedValues_text"
			},
			
			{
				"Pins" : 
				[
					
					{
						"Id" : 1,
						"default" : "0,1"
					}
				],
				"handle" : 1875122915,
				"type" : "SE Increment3B"
			},
			
			{
				"PinCount" : 4,
				"Pins" : 
				[
					
					{
						"AutoCopy" : 2,
						"Id" : 2,
						"name" : "Hex"
					},
					
					{
						"AutoCopy" : 2,
						"Id" : 3,
						"name" : "FF5c5c5c"
					}
				],
				"handle" : 894827406,
				"type" : "SE GuiSwitch < (Text)"
			},
			
			{
				"handle" : 1652438937,
				"type" : "SE PatchMemory Int"
			},
			
			{
				"handle" : 1382450969,
				"type" : "SE PatchMemory Float"
			},
			
			{
				"handle" : 312946545,
				"pb" : 166,
				"pl" : 342,
				"pr" : 384,
				"pt" : 122,
				"type" : "VectorKnobX"
			},
			
			{
				"handle" : 965555602,
				"type" : "SE PatchMemory Float"
			},
			
			{
				"handle" : 199971474,
				"pb" : 193,
				"pl" : 316,
				"pr" : 410,
				"pt" : 95,
				"type" : "VectorKnobX"
			},
			
			{
				"PinCount" : 5,
				"Pins" : 
				[
					
					{
						"AutoCopy" : 2,
						"Id" : 2,
						"name" : "major descending"
					},
					
					{
						"AutoCopy" : 2,
						"Id" : 3,
						"name" : "major ascending"
					},
					
					{
						"AutoCopy" : 2,
						"Id" : 4,
						"name" : "minor"
					}
				],
				"handle" : 1144036605,
				"type" : "SE GuiSwitch < (Text)"
			},
			
			{
				"PinCount" : 2,
				"Pins" : 
				[
					
					{
						"AutoCopy" : 0,
						"Id" : 0,
						"default" : "A=0,B♭=1,B=2,C=3,C♯=4,D=5,E♭=8,E=10,F=11,F♯=12,G=13,G♯=14",
						"name" : "majors menu"
					},
					
					{
						"AutoCopy" : 0,
						"Id" : 1,
						"default" : "A=0,B♭=1,B=2,C=3,C♯=4,D=5,>>>>D♯/E♭,D♯=7,E♭=8,<<<<,E=10,F=11,F♯=12,G=13,G♯=14",
						"name" : "minors menu"
					}
				],
				"handle" : 1362464286,
				"type" : "SE:GUIFixedValues_text"
			},
			
			{
				"PinCount" : 4,
				"Pins" : 
				[
					
					{
						"AutoCopy" : 0,
						"Id" : 0,
						"default" : "Mode",
						"name" : "Text"
					},
					
					{
						"AutoCopy" : 0,
						"Id" : 1,
						"default" : "Root",
						"name" : "Text"
					},
					
					{
						"AutoCopy" : 0,
						"Id" : 2,
						"default" : "Degree",
						"name" : "Text"
					},
					
					{
						"AutoCopy" : 0,
						"Id" : 3,
						"default" : "Note",
						"name" : "Text"
					}
				],
				"handle" : 725552882,
				"type" : "SE:GUIFixedValues_text"
			},
			
			{
				"PinCount" : 3,
				"Pins" : 
				[
					
					{
						"AutoCopy" : 0,
						"Id" : 0,
						"default" : "Ⅰ,Ⅰ♯,Ⅱ,Ⅱ♯,Ⅲ,Ⅳ,Ⅳ♯,Ⅴ,Ⅴ♯,Ⅵ,Ⅶ♭,Ⅶ",
						"name" : "major ascending"
					},
					
					{
						"AutoCopy" : 0,
						"Id" : 1,
						"default" : "Ⅰ,Ⅱ♭,Ⅱ,Ⅲ♭,Ⅲ,Ⅳ,Ⅳ♯,Ⅴ,Ⅵ♭,Ⅵ,Ⅶ♭,Ⅶ",
						"name" : "major descending"
					},
					
					{
						"AutoCopy" : 0,
						"Id" : 2,
						"default" : "Ⅰ,Ⅱ♭,Ⅱ,Ⅲ,Ⅲ♯,Ⅳ,Ⅳ♯,Ⅴ,Ⅵ,Ⅵ♯,Ⅶ,Ⅶ♯",
						"name" : "minor"
					}
				],
				"handle" : 1511134727,
				"type" : "SE:GUIFixedValues_text"
			},
			
			{
				"Pins" : 
				[
					
					{
						"Id" : 2,
						"default" : "ff5c5c5c"
					},
					
					{
						"Id" : 4,
						"default" : "heading 3"
					},
					
					{
						"Id" : 6,
						"default" : "0"
					},
					
					{
						"default" : "0"
					}
				],
				"handle" : 1709674974,
				"pb" : 35,
				"pl" : 313,
				"pr" : 413,
				"pt" : 10,
				"type" : "TextX"
			},
			
			{
				"Pins" : 
				[
					
					{
						"Id" : 2,
						"default" : "ff5c5c5c"
					},
					
					{
						"Id" : 4,
						"default" : "heading 3"
					},
					
					{
						"Id" : 6,
						"default" : "0"
					},
					
					{
						"default" : "0"
					}
				],
				"handle" : 942155690,
				"pb" : 35,
				"pl" : 212,
				"pr" : 311,
				"pt" : 10,
				"type" : "TextX"
			},
			
			{
				"Pins" : 
				[
					
					{
						"Id" : 2,
						"default" : "ff5c5c5c"
					},
					
					{
						"Id" : 4,
						"default" : "heading 3"
					},
					
					{
						"Id" : 6,
						"default" : "0"
					},
					
					{
						"default" : "0"
					}
				],
				"handle" : 1695781326,
				"pb" : 35,
				"pl" : 110,
				"pr" : 210,
				"pt" : 10,
				"type" : "TextX"
			},
			
			{
				"PinCount" : 1,
				"Pins" : 
				[
					
					{
						"AutoCopy" : 0,
						"Id" : 0,
						"default" : "2",
						"name" : "2"
					}
				],
				"handle" : 2141411668,
				"type" : "SE:GUIFixedValues_int"
			},
			
			{
				"PinCount" : 3,
				"Pins" : 
				[
					
					{
						"AutoCopy" : 1,
						"Id" : 1,
						"name" : "PopUp open"
					},
					
					{
						"AutoCopy" : 1,
						"Id" : 2,
						"name" : "PopUp open"
					}
				],
				"handle" : 1726991037,
				"type" : "OR Gate GuiROutLIn"
			},
			
			{
				"Pins" : 
				[
					
					{
						"Id" : 2,
						"default" : "ff5c5c5c"
					},
					
					{
						"Id" : 4,
						"default" : "heading 3"
					},
					
					{
						"Id" : 6,
						"default" : "0"
					},
					
					{
						"default" : "0"
					}
				],
				"handle" : 1965541402,
				"pb" : 35,
				"pl" : 10,
				"pr" : 108,
				"pt" : 10,
				"type" : "TextX"
			},
			
			{
				"handle" : 1796305958,
				"type" : "SE PatchMemory Float"
			},
			
			{
				"VoiceContainer" : 24595012,
				"handle" : 132669567,
				"type" : "SE Polyphony Control2"
			},
			
			{
				"VoiceContainer" : 24595012,
				"handle" : 1927104641,
				"pb" : 195,
				"pl" : 11,
				"pr" : 321,
				"pt" : 92,
				"type" : "SE Keyboard2"
			},
			
			{
				"PinCount" : 4,
				"Pins" : 
				[
					
					{
						"AutoCopy" : 2,
						"Id" : 2,
						"name" : "Value"
					},
					
					{
						"AutoCopy" : 2,
						"Id" : 3,
						"name" : "2"
					}
				],
				"handle" : 1107363333,
				"type" : "SE GuiSwitch < (Int)"
			},
			
			{
				"handle" : 619106536,
				"type" : "SE ListToText"
			},
			
			{
				"Pins" : 
				[
					
					{
						"default" : "Note Name"
					},
					
					{
						"Id" : 6,
						"default" : "28"
					}
				],
				"handle" : 1878893637,
				"pb" : 87,
				"pl" : 313,
				"pr" : 413,
				"pt" : 37,
				"type" : "DisplayList"
			},
			
			{
				"handle" : 460646208,
				"type" : "SE PatchMemory Int Out"
			},
			
			{
				"handle" : 1773142284,
				"type" : "SE PatchMemory Int Out"
			},
			
			{
				"handle" : 2048839919,
				"type" : "SE PatchMemory Int"
			},
			
			{
				"Pins" : 
				[
					
					{
						"default" : "Scale Mode"
					},
					
					{
						"Id" : 6,
						"default" : "24"
					},
					
					{
						"Id" : 10,
						"default" : "major,minor"
					}
				],
				"handle" : 1565654645,
				"pb" : 86,
				"pl" : 10,
				"pr" : 108,
				"pt" : 37,
				"type" : "DisplayList"
			},
			
			{
				"PinCount" : 4,
				"Pins" : 
				[
					
					{
						"AutoCopy" : 2,
						"Id" : 2,
						"name" : "majors menu"
					},
					
					{
						"AutoCopy" : 2,
						"Id" : 3,
						"name" : "minors menu"
					}
				],
				"handle" : 973185341,
				"type" : "SE GuiSwitch < (Text)"
			},
			
			{
				"Pins" : 
				[
					
					{
						"default" : "Root Note"
					},
					
					{
						"Id" : 6,
						"default" : "28"
					}
				],
				"handle" : 356782163,
				"pb" : 86,
				"pl" : 110,
				"pr" : 210,
				"pt" : 37,
				"type" : "DisplayList"
			},
			
			{
				"Pins" : 
				[
					
					{
						"default" : "Degree"
					},
					
					{
						"Id" : 6,
						"default" : "28"
					}
				],
				"handle" : 1307753276,
				"pb" : 86,
				"pl" : 212,
				"pr" : 311,
				"pt" : 37,
				"type" : "DisplayList"
			},
			
			{
				"handle" : 59479521,
				"type" : "SE ListToText"
			},
			
			{
				"Pins" : 
				[
					
					{
						"default" : "5"
					},
					
					{
						"Id" : 5,
						"default" : "ff224466"
					},
					
					{
						"default" : "FF000000"
					}
				],
				"handle" : 1923524971,
				"pb" : 203,
				"pl" : 5,
				"pr" : 419,
				"pt" : 5,
				"type" : "SE Rectangle XP"
			},
			
			{
				"Pins" : 
				[
					
					{
						"Id" : 1,
						"default" : "1"
					},
					
					{
						"default" : "1"
					}
				],
				"connections" : 
				[
					
					{
						"fMod" : 1209699041,
						"tMod" : 738912200,
						"tPin" : 11
					},
					
					{
						"fMod" : 1209699041,
						"tMod" : 738912200,
						"tPin" : 8
					},
					
					{
						"fMod" : 1209699041,
						"tMod" : 762303060,
						"tPin" : 11
					},
					
					{
						"fMod" : 1209699041,
						"tMod" : 762303060,
						"tPin" : 8
					},
					
					{
						"fMod" : 1209699041,
						"tMod" : 2779619,
						"tPin" : 11
					},
					
					{
						"fMod" : 1209699041,
						"tMod" : 2779619,
						"tPin" : 8
					},
					
					{
						"fMod" : 7221965,
						"fPin" : 7,
						"tMod" : 356782163,
						"tPin" : 9
					},
					
					{
						"fMod" : 7221965,
						"fPin" : 7,
						"tMod" : 2779619
					},
					
					{
						"fMod" : 7221965,
						"fPin" : 7,
						"tMod" : 738912200
					},
					
					{
						"fMod" : 7221965,
						"fPin" : 7,
						"tMod" : 762303060
					},
					
					{
						"fMod" : 1768257135,
						"fPin" : 1,
						"tMod" : 619106536,
						"tPin" : 1
					}
				],
				"handle" : 960269497,
				"modules" : 
				[
					
					{
						"PinCount" : 1,
						"Pins" : 
						[
							
							{
								"AutoCopy" : 0,
								"Id" : 0,
								"default" : ">><<",
								"name" : ">><<"
							}
						],
						"handle" : 1209699041,
						"type" : "SE:GUIFixedValues_text"
					},
					
					{
						"Pins" : 
						[
							
							{
								"Id" : 1,
								"default" : "1"
							},
							
							{
								"default" : "1"
							}
						],
						"connections" : 
						[
							
							{
								"fMod" : 2779619,
								"fPin" : 1,
								"tMod" : 1768257135,
								"tPin" : 3
							}
						],
						"handle" : 1764125830,
						"modules" : 
						[
							
							{
								"PinCount" : 17,
								"Pins" : 
								[
									
									{
										"AutoCopy" : 2,
										"Id" : 2,
										"name" : "A"
									},
									
									{
										"AutoCopy" : 2,
										"Id" : 3,
										"name" : "B♭"
									},
									
									{
										"AutoCopy" : 2,
										"Id" : 4,
										"name" : "B"
									},
									
									{
										"AutoCopy" : 2,
										"Id" : 5,
										"name" : "C"
									},
									
									{
										"AutoCopy" : 2,
										"Id" : 6,
										"name" : "C♯ "
									},
									
									{
										"AutoCopy" : 2,
										"Id" : 7,
										"name" : "D"
									},
									
									{
										"AutoCopy" : 2,
										"Id" : 8,
										"name" : ">><<"
									},
									
									{
										"AutoCopy" : 2,
										"Id" : 9,
										"name" : "E♭"
									},
									
									{
										"AutoCopy" : 2,
										"Id" : 10,
										"name" : "E♭"
									},
									
									{
										"AutoCopy" : 2,
										"Id" : 11,
										"name" : ">><<"
									},
									
									{
										"AutoCopy" : 2,
										"Id" : 12,
										"name" : "E"
									},
									
									{
										"AutoCopy" : 2,
										"Id" : 13,
										"name" : "F"
									},
									
									{
										"AutoCopy" : 2,
										"Id" : 14,
										"name" : "F♯"
									},
									
									{
										"AutoCopy" : 2,
										"Id" : 15,
										"name" : "G"
									},
									
									{
										"AutoCopy" : 2,
										"Id" : 16,
										"name" : "A♭"
									}
								],
								"handle" : 2779619,
								"type" : "SE GuiSwitch < (Text)"
							}
						],
						"pb" : 31,
						"pl" : 17,
						"pr" : 27,
						"pt" : 21,
						"type" : "Container"
					},
					
					{
						"Pins" : 
						[
							
							{
								"Id" : 1,
								"default" : "1"
							},
							
							{
								"default" : "1"
							}
						],
						"connections" : 
						[
							
							{
								"fMod" : 762303060,
								"fPin" : 1,
								"tMod" : 1768257135,
								"tPin" : 2
							}
						],
						"handle" : 462302452,
						"modules" : 
						[
							
							{
								"PinCount" : 17,
								"Pins" : 
								[
									
									{
										"AutoCopy" : 2,
										"Id" : 2,
										"name" : "A"
									},
									
									{
										"AutoCopy" : 2,
										"Id" : 3,
										"name" : "B♭"
									},
									
									{
										"AutoCopy" : 2,
										"Id" : 4,
										"name" : "B"
									},
									
									{
										"AutoCopy" : 2,
										"Id" : 5,
										"name" : "C"
									},
									
									{
										"AutoCopy" : 2,
										"Id" : 6,
										"name" : "C♯ "
									},
									
									{
										"AutoCopy" : 2,
										"Id" : 7,
										"name" : "D"
									},
									
									{
										"AutoCopy" : 2,
										"Id" : 8,
										"name" : ">><<"
									},
									
									{
										"AutoCopy" : 2,
										"Id" : 9,
										"name" : "E♭"
									},
									
									{
										"AutoCopy" : 2,
										"Id" : 10,
										"name" : "E♭"
									},
									
									{
										"AutoCopy" : 2,
										"Id" : 11,
										"name" : ">><<"
									},
									
									{
										"AutoCopy" : 2,
										"Id" : 12,
										"name" : "E"
									},
									
									{
										"AutoCopy" : 2,
										"Id" : 13,
										"name" : "F"
									},
									
									{
										"AutoCopy" : 2,
										"Id" : 14,
										"name" : "F♯"
									},
									
									{
										"AutoCopy" : 2,
										"Id" : 15,
										"name" : "G"
									},
									
									{
										"AutoCopy" : 2,
										"Id" : 16,
										"name" : "A♭"
									}
								],
								"handle" : 762303060,
								"type" : "SE GuiSwitch < (Text)"
							}
						],
						"pb" : 30,
						"pl" : 16,
						"pr" : 26,
						"pt" : 20,
						"type" : "Container"
					},
					
					{
						"Pins" : 
						[
							
							{
								"Id" : 1,
								"default" : "1"
							},
							
							{
								"default" : "1"
							}
						],
						"connections" : 
						[
							
							{
								"fMod" : 738912200,
								"fPin" : 1,
								"tMod" : 1768257135,
								"tPin" : 4
							}
						],
						"handle" : 491425981,
						"modules" : 
						[
							
							{
								"PinCount" : 17,
								"Pins" : 
								[
									
									{
										"AutoCopy" : 2,
										"Id" : 2,
										"name" : "A"
									},
									
									{
										"AutoCopy" : 2,
										"Id" : 3,
										"name" : "B♭"
									},
									
									{
										"AutoCopy" : 2,
										"Id" : 4,
										"name" : "B"
									},
									
									{
										"AutoCopy" : 2,
										"Id" : 5,
										"name" : "C"
									},
									
									{
										"AutoCopy" : 2,
										"Id" : 6,
										"name" : "C♯ "
									},
									
									{
										"AutoCopy" : 2,
										"Id" : 7,
										"name" : "D"
									},
									
									{
										"AutoCopy" : 2,
										"Id" : 8,
										"name" : ">><<"
									},
									
									{
										"AutoCopy" : 2,
										"Id" : 9,
										"name" : "D♯"
									},
									
									{
										"AutoCopy" : 2,
										"Id" : 10,
										"name" : "E♭"
									},
									
									{
										"AutoCopy" : 2,
										"Id" : 11,
										"name" : ">><<"
									},
									
									{
										"AutoCopy" : 2,
										"Id" : 12,
										"name" : "E"
									},
									
									{
										"AutoCopy" : 2,
										"Id" : 13,
										"name" : "F"
									},
									
									{
										"AutoCopy" : 2,
										"Id" : 14,
										"name" : "F♯"
									},
									
									{
										"AutoCopy" : 2,
										"Id" : 15,
										"name" : "G"
									},
									
									{
										"AutoCopy" : 2,
										"Id" : 16,
										"name" : "G♯"
									}
								],
								"handle" : 738912200,
								"type" : "SE GuiSwitch < (Text)"
							}
						],
						"pb" : 31,
						"pl" : 19,
						"pr" : 29,
						"pt" : 21,
						"type" : "Container"
					},
					
					{
						"Pins" : 
						[
							
							{
								"Id" : 1,
								"default" : "1"
							},
							
							{
								"default" : "1"
							}
						],
						"connections" : 
						[
							
							{
								"fMod" : 2077910353,
								"tMod" : 738912200,
								"tPin" : 5
							},
							
							{
								"fMod" : 2077910353,
								"fPin" : 1,
								"tMod" : 738912200,
								"tPin" : 6
							},
							
							{
								"fMod" : 2077910353,
								"fPin" : 2,
								"tMod" : 738912200,
								"tPin" : 7
							},
							
							{
								"fMod" : 2077910353,
								"fPin" : 3,
								"tMod" : 738912200,
								"tPin" : 9
							},
							
							{
								"fMod" : 2077910353,
								"fPin" : 4,
								"tMod" : 738912200,
								"tPin" : 10
							},
							
							{
								"fMod" : 2077910353,
								"fPin" : 5,
								"tMod" : 738912200,
								"tPin" : 12
							},
							
							{
								"fMod" : 2077910353,
								"fPin" : 6,
								"tMod" : 738912200,
								"tPin" : 13
							},
							
							{
								"fMod" : 2077910353,
								"fPin" : 7,
								"tMod" : 738912200,
								"tPin" : 14
							},
							
							{
								"fMod" : 2077910353,
								"fPin" : 8,
								"tMod" : 738912200,
								"tPin" : 15
							},
							
							{
								"fMod" : 2077910353,
								"fPin" : 9,
								"tMod" : 738912200,
								"tPin" : 16
							},
							
							{
								"fMod" : 2077910353,
								"fPin" : 10,
								"tMod" : 738912200,
								"tPin" : 2
							},
							
							{
								"fMod" : 2077910353,
								"fPin" : 11,
								"tMod" : 738912200,
								"tPin" : 3
							},
							
							{
								"fMod" : 2077910353,
								"fPin" : 12,
								"tMod" : 738912200,
								"tPin" : 4
							}
						],
						"handle" : 1101049559,
						"modules" : 
						[
							
							{
								"PinCount" : 13,
								"Pins" : 
								[
									
									{
										"AutoCopy" : 0,
										"Id" : 0,
										"default" : "C,D♭,D,E♭,E♮,F,F♯,G,A♭,A♮,B♭,B♮",
										"name" : "C"
									},
									
									{
										"AutoCopy" : 0,
										"Id" : 1,
										"default" : "C♯,D♮,D♯,E,E♯,F♯,F♯♯,G♯,A,A♯,B,B♯",
										"name" : "C♯ "
									},
									
									{
										"AutoCopy" : 0,
										"Id" : 2,
										"default" : "D,E♭,E,F,F♯,G,G♯,A,B♭,B♮,C,C♯",
										"name" : "D"
									},
									
									{
										"AutoCopy" : 0,
										"Id" : 3,
										"default" : "D♯,E♮,E♯,F♯,F♯♯,G♯,G♯♯,A♯,B,B♯,C♯,C♯♯",
										"name" : "D♯"
									},
									
									{
										"AutoCopy" : 0,
										"Id" : 4,
										"default" : "E♭,F♭,F,G♭,G♮,A♭,A♮,B♭,C♭,C♮,D♭,D♮",
										"name" : "E♭"
									},
									
									{
										"AutoCopy" : 0,
										"Id" : 5,
										"default" : "E,F♮,F♯,G,G♯,A,A♯,B,C,C♯,D,D♯",
										"name" : "E"
									},
									
									{
										"AutoCopy" : 0,
										"Id" : 6,
										"default" : "F,G♭,G,A♭,A♮,B♭,B♮,C,D♭,D♮,E♭,E♮",
										"name" : "F"
									},
									
									{
										"AutoCopy" : 0,
										"Id" : 7,
										"default" : "F♯,G♮,G♯,A,A♯,B,B♯,C♯,D,D♯,E,E♯",
										"name" : "F♯"
									},
									
									{
										"AutoCopy" : 0,
										"Id" : 8,
										"default" : "G,A♭,A,B♭,B♮,C,C♯,D,E♭,E♮,F,F♯",
										"name" : "G"
									},
									
									{
										"AutoCopy" : 0,
										"Id" : 9,
										"default" : "G♯,A♮,A♯,B,B♯,C♯,C♯♯,D♯,E,E♯,F♯,F♯♯",
										"name" : "G♯"
									},
									
									{
										"AutoCopy" : 0,
										"Id" : 10,
										"default" : "A,B♭,B,C,C♯,D,D♯,E,F,F♯,G,G♯",
										"name" : "A"
									},
									
									{
										"AutoCopy" : 0,
										"Id" : 11,
										"default" : "B♭,C♭,C,D♭,D♮,E♭,E♮,F,G♭,G♮,A♭,A♮",
										"name" : "B♭"
									},
									
									{
										"AutoCopy" : 0,
										"Id" : 12,
										"default" : "B,C♮,C♯,D,D♯,E,E♯,F♯,G,G♯,A,A♯",
										"name" : "B"
									}
								],
								"handle" : 2077910353,
								"type" : "SE:GUIFixedValues_text"
							}
						],
						"pb" : 32,
						"pl" : 18,
						"pr" : 28,
						"pt" : 22,
						"type" : "Container"
					},
					
					{
						"Pins" : 
						[
							
							{
								"Id" : 1,
								"default" : "1"
							},
							
							{
								"default" : "1"
							}
						],
						"connections" : 
						[
							
							{
								"fMod" : 1631817728,
								"tMod" : 762303060,
								"tPin" : 5
							},
							
							{
								"fMod" : 1631817728,
								"fPin" : 1,
								"tMod" : 762303060,
								"tPin" : 6
							},
							
							{
								"fMod" : 1631817728,
								"fPin" : 2,
								"tMod" : 762303060,
								"tPin" : 7
							},
							
							{
								"fMod" : 1631817728,
								"fPin" : 3,
								"tMod" : 762303060,
								"tPin" : 10
							},
							
							{
								"fMod" : 1631817728,
								"fPin" : 3,
								"tMod" : 762303060,
								"tPin" : 9
							},
							
							{
								"fMod" : 1631817728,
								"fPin" : 4,
								"tMod" : 762303060,
								"tPin" : 12
							},
							
							{
								"fMod" : 1631817728,
								"fPin" : 5,
								"tMod" : 762303060,
								"tPin" : 13
							},
							
							{
								"fMod" : 1631817728,
								"fPin" : 6,
								"tMod" : 762303060,
								"tPin" : 14
							},
							
							{
								"fMod" : 1631817728,
								"fPin" : 7,
								"tMod" : 762303060,
								"tPin" : 15
							},
							
							{
								"fMod" : 1631817728,
								"fPin" : 8,
								"tMod" : 762303060,
								"tPin" : 16
							},
							
							{
								"fMod" : 1631817728,
								"fPin" : 9,
								"tMod" : 762303060,
								"tPin" : 2
							},
							
							{
								"fMod" : 1631817728,
								"fPin" : 10,
								"tMod" : 762303060,
								"tPin" : 3
							},
							
							{
								"fMod" : 1631817728,
								"fPin" : 11,
								"tMod" : 762303060,
								"tPin" : 4
							}
						],
						"handle" : 365572710,
						"modules" : 
						[
							
							{
								"PinCount" : 12,
								"Pins" : 
								[
									
									{
										"AutoCopy" : 0,
										"Id" : 0,
										"default" : "C,D♭,D,E♭,E,F,F♯,G,A♭,A,B♭,B",
										"name" : "C"
									},
									
									{
										"AutoCopy" : 0,
										"Id" : 1,
										"default" : "C♯,D♮,D♯,E♮,E♯,F♯,F♯♯,G♯,A♮,A♯,B♮,B♯",
										"name" : "C♯ "
									},
									
									{
										"AutoCopy" : 0,
										"Id" : 2,
										"default" : "D,E♭,E,F♮,F♯,G,G♯,A,B♭,B,C♮,C♯",
										"name" : "D"
									},
									
									{
										"AutoCopy" : 0,
										"Id" : 3,
										"default" : "E♭,F♭,F,G♭,G,A♭,A♮,B♭,C♭,C,D♭,D",
										"name" : "E♭"
									},
									
									{
										"AutoCopy" : 0,
										"Id" : 4,
										"default" : "E,F♮,F♯,G♮,G♯,A,A♯,B,C♮,C♯,D♮,D♯",
										"name" : "E"
									},
									
									{
										"AutoCopy" : 0,
										"Id" : 5,
										"default" : "F,G♭,G,A♭,A,B♭,B♮,C,D♭,D,E♭,E",
										"name" : "F"
									},
									
									{
										"AutoCopy" : 0,
										"Id" : 6,
										"default" : "F♯,G♮,G♯,A♮,A♯,B,B♯,C♯,D♮,D♯,E♮,E♯",
										"name" : "F♯"
									},
									
									{
										"AutoCopy" : 0,
										"Id" : 7,
										"default" : "G,A♭,A,B♭,B,C,C♯,D,E♭,E,F♮,F♯",
										"name" : "G"
									},
									
									{
										"AutoCopy" : 0,
										"Id" : 8,
										"default" : "A♭,B𝄫,B♭,C♭,C,D♭,D♮,E♭,F♭,F,G♭,G",
										"name" : "A♭"
									},
									
									{
										"AutoCopy" : 0,
										"Id" : 9,
										"default" : "A,B♭,B,C♮,C♯,D,D♯,E,F♮,F♯,G♮,G♯",
										"name" : "A"
									},
									
									{
										"AutoCopy" : 0,
										"Id" : 10,
										"default" : "B♭,C♭,C,D♭,D,E♭,E♮,F,G♭,G,A♭,A",
										"name" : "B♭"
									},
									
									{
										"AutoCopy" : 0,
										"Id" : 11,
										"default" : "B,C♮,C♯,D♮,D♯,E,E♯,F♯,G♮,G♯,A♮,A♯",
										"name" : "B"
									}
								],
								"handle" : 1631817728,
								"type" : "SE:GUIFixedValues_text"
							}
						],
						"pb" : 34,
						"pl" : 16,
						"pr" : 26,
						"pt" : 24,
						"type" : "Container"
					},
					
					{
						"Pins" : 
						[
							
							{
								"Id" : 1,
								"default" : "1"
							},
							
							{
								"default" : "1"
							}
						],
						"connections" : 
						[
							
							{
								"fMod" : 1327153362,
								"tMod" : 2779619,
								"tPin" : 5
							},
							
							{
								"fMod" : 1327153362,
								"fPin" : 1,
								"tMod" : 2779619,
								"tPin" : 6
							},
							
							{
								"fMod" : 1327153362,
								"fPin" : 2,
								"tMod" : 2779619,
								"tPin" : 7
							},
							
							{
								"fMod" : 1327153362,
								"fPin" : 3,
								"tMod" : 2779619,
								"tPin" : 10
							},
							
							{
								"fMod" : 1327153362,
								"fPin" : 3,
								"tMod" : 2779619,
								"tPin" : 9
							},
							
							{
								"fMod" : 1327153362,
								"fPin" : 4,
								"tMod" : 2779619,
								"tPin" : 12
							},
							
							{
								"fMod" : 1327153362,
								"fPin" : 5,
								"tMod" : 2779619,
								"tPin" : 13
							},
							
							{
								"fMod" : 1327153362,
								"fPin" : 6,
								"tMod" : 2779619,
								"tPin" : 14
							},
							
							{
								"fMod" : 1327153362,
								"fPin" : 7,
								"tMod" : 2779619,
								"tPin" : 15
							},
							
							{
								"fMod" : 1327153362,
								"fPin" : 8,
								"tMod" : 2779619,
								"tPin" : 16
							},
							
							{
								"fMod" : 1327153362,
								"fPin" : 9,
								"tMod" : 2779619,
								"tPin" : 2
							},
							
							{
								"fMod" : 1327153362,
								"fPin" : 10,
								"tMod" : 2779619,
								"tPin" : 3
							},
							
							{
								"fMod" : 1327153362,
								"fPin" : 11,
								"tMod" : 2779619,
								"tPin" : 4
							}
						],
						"handle" : 927862421,
						"modules" : 
						[
							
							{
								"PinCount" : 12,
								"Pins" : 
								[
									
									{
										"AutoCopy" : 0,
										"Id" : 0,
										"default" : "C,C♯,D,D♯,E,F,F♯,G,G♯,A,B♭,B",
										"name" : "C"
									},
									
									{
										"AutoCopy" : 0,
										"Id" : 1,
										"default" : "C♯,C♯♯,D♯,D♯♯,E♯,F♯,F♯♯,G♯,G♯♯,A♯,B♮,B♯",
										"name" : "C♯ "
									},
									
									{
										"AutoCopy" : 0,
										"Id" : 2,
										"default" : "D,D♯,E,E♯,F♯,G,G♯,A,A♯,B,C♮,C♯",
										"name" : "D"
									},
									
									{
										"AutoCopy" : 0,
										"Id" : 3,
										"default" : "E♭,E♮,F,F♯,G,A♭,A♮,B♭,B♮,C,D♭,D",
										"name" : "E♭"
									},
									
									{
										"AutoCopy" : 0,
										"Id" : 4,
										"default" : "E,E♯,F♯,F♯♯,G♯,A,A♯,B,B♯,C♯,D♮,D♯",
										"name" : "E"
									},
									
									{
										"AutoCopy" : 0,
										"Id" : 5,
										"default" : "F,F♯,G,G♯,A,B♭,B♮,C,C♯,D,E♭,E",
										"name" : "F"
									},
									
									{
										"AutoCopy" : 0,
										"Id" : 6,
										"default" : "F♯,F♯♯,G♯,G♯♯,A♯,B,B♯,C♯,C♯♯,D♯,E♮,E♯",
										"name" : "F♯"
									},
									
									{
										"AutoCopy" : 0,
										"Id" : 7,
										"default" : "G,G♯,A,A♯,B,C,C♯,D,D♯,E,F♮,F♯",
										"name" : "G"
									},
									
									{
										"AutoCopy" : 0,
										"Id" : 8,
										"default" : "A♭,A♮,B♭,B♮,C,D♭,D♮,E♭,E♮,F,G♭,G",
										"name" : "A♭"
									},
									
									{
										"AutoCopy" : 0,
										"Id" : 9,
										"default" : "A,A♯,B,B♯,C♯,D,D♯,E,E♯,F♯,G♮,G♯",
										"name" : "A"
									},
									
									{
										"AutoCopy" : 0,
										"Id" : 10,
										"default" : "B♭,B♮,C,C♯,D,E♭,E♮,F,F♯,G,A♭,A",
										"name" : "B♭"
									},
									
									{
										"AutoCopy" : 0,
										"Id" : 11,
										"default" : "B,B♯,C♯,C♯♯,D♯,E,E♯,F♯,F♯♯G♯,A♮,A♯",
										"name" : "B"
									}
								],
								"handle" : 1327153362,
								"type" : "SE:GUIFixedValues_text"
							}
						],
						"pb" : 31,
						"pl" : 17,
						"pr" : 27,
						"pt" : 21,
						"type" : "Container"
					},
					
					{
						"handle" : 7221965,
						"type" : "SE PatchMemory Int"
					},
					
					{
						"PinCount" : 5,
						"Pins" : 
						[
							
							{
								"AutoCopy" : 2,
								"Id" : 2,
								"name" : "Value"
							},
							
							{
								"AutoCopy" : 2,
								"Id" : 3,
								"name" : "Value"
							},
							
							{
								"AutoCopy" : 2,
								"Id" : 4,
								"name" : "Value"
							}
						],
						"handle" : 1768257135,
						"type" : "SE GuiSwitch < (Text)"
					}
				],
				"pb" : 25,
				"pl" : 355,
				"pr" : 368,
				"pt" : 11,
				"type" : "Container"
			},
			
			{
				"Pins" : 
				[
					
					{
						"Id" : 0,
						"default" : "background"
					},
					
					{
						"Id" : 1,
						"default" : "1"
					}
				],
				"handle" : 514831812,
				"ignoremouse" : "true",
				"pb" : 208,
				"pl" : 0,
				"pr" : 424,
				"pt" : 0,
				"type" : "SE Plain Image"
			}
		],
		"skin" : "default2",
		"vst_about_text" : "",
		"vst_nag_user" : false,
		"width" : 424
	}
}
