<?xml version="1.0" ?>
<Controller>
  <PatchManager>
    <Parameters>
      <Parameter Handle="1729349215" Module="146712994" ignoreProgramChange="1" Private="1" persistant="0" Name="" RangeMaximum="12" />
      <Parameter Handle="1371309674" HostControl="49" Private="1" Name="" ValueType="10">
        <patch-list>
          <s></s>
        </patch-list>
      </Parameter>
      <Parameter Handle="1242956132" Module="1773142284" ignoreProgramChange="1" Private="1" persistant="0" Name="" ValueType="8" />
      <Parameter Handle="2086318506" Module="24595012" MIDI="100663296" HostControl="15" ignoreProgramChange="1" Private="1" persistant="0" Name="Bender" RangeMinimum="-1" RangeMaximum="1" />
      <Parameter Handle="352548249" Module="24595012" MIDI="50331648" HostControl="42" ignoreProgramChange="1" Private="1" Name="BenderRange" RangeMaximum="127.992">
        <patch-list>
          <s>2</s>
        </patch-list>
      </Parameter>
      <Parameter Handle="287493414" Module="24595012" MIDI="33554496" HostControl="16" ignoreProgramChange="1" Private="1" persistant="0" Name="HoldPedal" />
      <Parameter Handle="1649743259" Module="7221965" Private="1" Name="Int To List Signal in" ValueType="8">
        <patch-list>
          <s>2</s>
        </patch-list>
      </Parameter>
      <Parameter Handle="1150079328" Module="460646208" ignoreProgramChange="1" Private="1" persistant="0" Name="Note Name" ValueType="8" RangeMaximum="11" />
      <Parameter Handle="245625616" Module="24595012" HostControl="21" ignoreProgramChange="1" Private="1" Name="Polyphony" ValueType="8" RangeMinimum="1" RangeMaximum="128">
        <patch-list>
          <s>1</s>
        </patch-list>
      </Parameter>
      <Parameter Handle="245447988" Module="24595012" MIDI="33554437" HostControl="40" ignoreProgramChange="1" Private="1" Name="Portamento">
        <patch-list>
          <s>0</s>
        </patch-list>
      </Parameter>
      <Parameter Handle="89466383" HostControl="54" ignoreProgramChange="1" Private="1" persistant="0" Name="Presets/ProgramModified" ValueType="4" />
      <Parameter Handle="42159676" HostControl="4" ignoreProgramChange="1" Private="1" Name="Program Name" ValueType="1">
        <patch-list>
          <s></s>
        </patch-list>
      </Parameter>
      <Parameter Handle="336894849" Module="24595012" HostControl="22" ignoreProgramChange="1" Private="1" Name="ReserveVoices" ValueType="8" RangeMaximum="128">
        <patch-list>
          <s>0</s>
        </patch-list>
      </Parameter>
      <Parameter Handle="0" isPolyphonic="1" Module="24595012" VoiceCount="128" MIDI="419430400" HostControl="12" ignoreProgramChange="1" Private="1" persistant="0" Name="Voice/Active" />
      <Parameter Handle="123275176" isPolyphonic="1" Module="24595012" VoiceCount="128" MIDI="385875968" HostControl="10" ignoreProgramChange="1" Private="1" persistant="0" Name="Voice/Aftertouch" />
      <Parameter Handle="1908222233" isPolyphonic="1" isPolyphonicGate="1" Module="24595012" VoiceCount="128" MIDI="335544320" HostControl="6" ignoreProgramChange="1" Private="1" persistant="0" Name="Voice/Gate" />
      <Parameter Handle="2108927579" isPolyphonic="1" Module="24595012" VoiceCount="128" MIDI="318767104" HostControl="7" ignoreProgramChange="1" Private="1" persistant="0" Name="Voice/Pitch" />
      <Parameter Handle="728363521" isPolyphonic="1" Module="24595012" VoiceCount="128" MIDI="402653184" HostControl="5" ignoreProgramChange="1" Private="1" persistant="0" Name="Voice/Trigger" />
      <Parameter Handle="233253507" isPolyphonic="1" Module="24595012" VoiceCount="128" MIDI="369098752" HostControl="9" ignoreProgramChange="1" Private="1" persistant="0" Name="Voice/VelocityKeyOff" />
      <Parameter Handle="1926822019" isPolyphonic="1" Module="24595012" VoiceCount="128" MIDI="352321536" HostControl="8" ignoreProgramChange="1" Private="1" persistant="0" Name="Voice/VelocityKeyOn" />
      <Parameter Handle="1505080995" Module="24595012" HostControl="14" ignoreProgramChange="1" Private="1" Name="VoiceAllocationMode" ValueType="8" RangeMinimum="1" RangeMaximum="128">
        <patch-list>
          <s>768</s>
        </patch-list>
      </Parameter>
      <Parameter Handle="288960725" Module="1856092772" Index="0" Name="">
        <patch-list>
          <s>1.66667</s>
        </patch-list>
      </Parameter>
      <Parameter Handle="1503509853" Module="2048839919" Index="0" Private="1" Name="MODE" ValueType="8">
        <patch-list>
          <s>0</s>
        </patch-list>
      </Parameter>
      <Parameter Handle="516869210" Module="1856092772" ModuleParamId="1" Index="1" ignoreProgramChange="1" Private="1" Name="" ValueType="1">
        <patch-list>
          <s>ff00ff00</s>
        </patch-list>
      </Parameter>
      <Parameter Handle="1496873301" Module="965555602" Index="1" Name="Brightness">
        <patch-list>
          <s>6.24</s>
        </patch-list>
      </Parameter>
      <Parameter Handle="1383877721" Module="1382450969" Index="2" Name="Filter" RangeMinimum="3.5" RangeMaximum="8.5">
        <patch-list>
          <s>6</s>
        </patch-list>
      </Parameter>
      <Parameter Handle="537683699" Module="1796305958" Index="9" Private="1" Name="Overall Level">
        <patch-list>
          <s>5</s>
        </patch-list>
      </Parameter>
      <Parameter Handle="996017659" Module="1652438937" Index="10" Private="1" Name="Volt Meter Signal in" ValueType="8">
        <patch-list>
          <s>0</s>
        </patch-list>
      </Parameter>
    </Parameters>
  </PatchManager>
  <ChildControllers />
</Controller>
